Date,Order ID,Item Name,Category,Quantity,Item Price,Discount,GST,Delivery Charges,Customer Paid Amount,Net Sales,Payment Method,Order Status
2025-09-01,SWG100001,Masala Dosa,South Indian,1,140.00,7.00,6.65,0.00,139.65,133.00,UPI,Delivered
2025-09-01,SWG100002,Gulab Jamun,Desserts,1,90.00,0.00,4.50,0.00,94.50,90.00,UPI,Delivered
2025-09-01,SWG100003,Hakka Noodles,Rice & Noodles,1,180.00,27.00,7.65,20.00,180.65,153.00,Debit Card,Delivered
2025-09-01,SWG100004,Chicken Biryani,Biryani,2,440.00,22.00,20.90,40.00,478.90,418.00,Credit Card,Delivered
2025-09-01,SWG100005,Veg Biryani,Biryani,3,540.00,54.00,24.30,0.00,510.30,486.00,UPI,Delivered
2025-09-01,SWG100006,Chicken Tikka,Starters,2,520.00,52.00,23.40,0.00,491.40,468.00,UPI,Delivered
2025-09-01,SWG100007,Paneer Tikka,Starters,1,230.00,23.00,10.35,30.00,247.35,207.00,UPI,Delivered
2025-09-01,SWG100008,Chicken Biryani,Biryani,1,220.00,22.00,9.90,0.00,207.90,198.00,UPI,Delivered
2025-09-01,SWG100009,Paneer Tikka,Starters,1,230.00,23.00,10.35,20.00,237.35,207.00,Credit Card,Delivered
2025-09-01,SWG100010,Masala Dosa,South Indian,1,140.00,0.00,7.00,20.00,167.00,140.00,Credit Card,Delivered
2025-09-01,SWG100011,Butter Naan,Breads,1,60.00,6.00,2.70,20.00,76.70,54.00,UPI,Delivered
2025-09-01,SWG100012,Veg Biryani,Biryani,2,360.00,36.00,16.20,40.00,380.20,324.00,Credit Card,Delivered
2025-09-01,SWG100013,Gulab Jamun,Desserts,2,180.00,18.00,8.10,20.00,190.10,162.00,Cash,Delivered
2025-09-01,SWG100014,Fried Rice,Rice & Noodles,1,170.00,8.50,8.08,20.00,189.58,161.50,Debit Card,Delivered
2025-09-01,SWG100015,Gulab Jamun,Desserts,1,90.00,13.50,3.83,30.00,110.33,76.50,Credit Card,Delivered
2025-09-01,SWG100016,Hakka Noodles,Rice & Noodles,1,180.00,0.00,9.00,0.00,189.00,180.00,Credit Card,Delivered
2025-09-01,SWG100017,Paneer Tikka,Starters,1,230.00,34.50,9.78,40.00,245.28,195.50,Cash,Delivered
2025-09-02,SWG100018,Hakka Noodles,Rice & Noodles,1,180.00,0.00,9.00,0.00,189.00,180.00,Debit Card,Delivered
2025-09-02,SWG100019,Chicken Tikka,Starters,1,260.00,39.00,11.05,20.00,252.05,221.00,Debit Card,Delivered
2025-09-02,SWG100020,Hakka Noodles,Rice & Noodles,2,360.00,0.00,18.00,30.00,408.00,360.00,Credit Card,Delivered
2025-09-02,SWG100021,Butter Naan,Breads,1,60.00,3.00,2.85,0.00,59.85,57.00,Cash,Delivered
2025-09-02,SWG100022,Chicken Biryani,Biryani,1,220.00,22.00,9.90,30.00,237.90,198.00,Credit Card,Delivered
2025-09-02,SWG100023,Gulab Jamun,Desserts,2,180.00,0.00,9.00,40.00,229.00,180.00,Credit Card,Delivered
2025-09-02,SWG100024,Butter Naan,Breads,1,60.00,3.00,2.85,30.00,89.85,57.00,Cash,Delivered
2025-09-02,SWG100025,Veg Biryani,Biryani,2,360.00,18.00,17.10,30.00,389.10,342.00,Debit Card,Delivered
2025-09-02,SWG100026,Fried Rice,Rice & Noodles,2,340.00,51.00,14.45,0.00,303.45,289.00,UPI,Delivered
2025-09-02,SWG100027,Chicken Tikka,Starters,1,260.00,13.00,12.35,20.00,279.35,247.00,UPI,Delivered
2025-09-02,SWG100028,Veg Biryani,Biryani,1,180.00,0.00,9.00,30.00,219.00,180.00,Credit Card,Delivered
2025-09-02,SWG100029,Masala Dosa,South Indian,1,140.00,7.00,6.65,20.00,159.65,133.00,Cash,Delivered
2025-09-02,SWG100030,Veg Biryani,Biryani,2,360.00,54.00,15.30,20.00,341.30,306.00,Cash,Delivered
2025-09-02,SWG100031,Chicken Tikka,Starters,1,260.00,39.00,11.05,0.00,232.05,221.00,UPI,Delivered
2025-09-02,SWG100032,Chicken Biryani,Biryani,1,220.00,22.00,9.90,0.00,207.90,198.00,Credit Card,Delivered
2025-09-02,SWG100033,Hakka Noodles,Rice & Noodles,1,180.00,27.00,7.65,20.00,180.65,153.00,Credit Card,Delivered
2025-09-02,SWG100034,Paneer Butter Masala,Main Course,1,240.00,0.00,12.00,0.00,252.00,240.00,UPI,Delivered
2025-09-03,SWG100035,Veg Biryani,Biryani,1,180.00,27.00,7.65,40.00,200.65,153.00,Cash,Delivered
2025-09-03,SWG100036,Chicken Biryani,Biryani,1,220.00,0.00,11.00,40.00,271.00,220.00,Cash,Delivered
2025-09-03,SWG100037,Masala Dosa,South Indian,1,140.00,21.00,5.95,20.00,144.95,119.00,Credit Card,Delivered
2025-09-03,SWG100038,Chicken Biryani,Biryani,1,220.00,0.00,11.00,30.00,261.00,220.00,Cash,Delivered
2025-09-03,SWG100039,Hakka Noodles,Rice & Noodles,2,360.00,18.00,17.10,0.00,359.10,342.00,UPI,Delivered
2025-09-03,SWG100040,Butter Naan,Breads,1,60.00,0.00,3.00,20.00,83.00,60.00,Credit Card,Delivered
2025-09-03,SWG100041,Gulab Jamun,Desserts,1,90.00,0.00,4.50,40.00,134.50,90.00,Debit Card,Delivered
2025-09-03,SWG100042,Masala Dosa,South Indian,1,140.00,14.00,6.30,20.00,152.30,126.00,Credit Card,Delivered
2025-09-03,SWG100043,Masala Dosa,South Indian,1,140.00,0.00,7.00,0.00,147.00,140.00,UPI,Delivered
2025-09-03,SWG100044,Paneer Butter Masala,Main Course,1,240.00,24.00,10.80,20.00,246.80,216.00,UPI,Delivered
2025-09-03,SWG100045,Veg Biryani,Biryani,1,180.00,9.00,8.55,40.00,219.55,171.00,Debit Card,Delivered
2025-09-03,SWG100046,Gulab Jamun,Desserts,3,270.00,0.00,13.50,30.00,313.50,270.00,UPI,Delivered
2025-09-03,SWG100047,Butter Naan,Breads,1,60.00,0.00,3.00,20.00,83.00,60.00,Credit Card,Delivered
2025-09-03,SWG100048,Chicken Tikka,Starters,1,260.00,26.00,11.70,40.00,285.70,234.00,UPI,Delivered
2025-09-03,SWG100049,Paneer Butter Masala,Main Course,1,240.00,24.00,10.80,0.00,226.80,216.00,Credit Card,Delivered
2025-09-03,SWG100050,Masala Dosa,South Indian,1,140.00,21.00,5.95,40.00,164.95,119.00,UPI,Delivered
2025-09-03,SWG100051,Paneer Butter Masala,Main Course,2,480.00,24.00,22.80,0.00,478.80,456.00,Credit Card,Delivered
2025-09-03,SWG100052,Paneer Tikka,Starters,1,230.00,23.00,10.35,30.00,247.35,207.00,UPI,Delivered
2025-09-03,SWG100053,Chicken Tikka,Starters,1,260.00,13.00,12.35,0.00,259.35,247.00,Cash,Delivered
2025-09-03,SWG100054,Gulab Jamun,Desserts,1,90.00,4.50,4.28,20.00,109.78,0.00,Credit Card,Cancelled
2025-09-03,SWG100055,Paneer Tikka,Starters,1,230.00,23.00,10.35,40.00,257.35,207.00,Credit Card,Delivered
2025-09-03,SWG100056,Masala Dosa,South Indian,1,140.00,0.00,7.00,40.00,187.00,140.00,Cash,Delivered
2025-09-03,SWG100057,Veg Biryani,Biryani,1,180.00,27.00,7.65,30.00,190.65,153.00,Credit Card,Delivered
2025-09-03,SWG100058,Veg Biryani,Biryani,1,180.00,9.00,8.55,40.00,219.55,171.00,UPI,Delivered
2025-09-03,SWG100059,Masala Dosa,South Indian,1,140.00,21.00,5.95,30.00,154.95,119.00,UPI,Delivered
2025-09-03,SWG100060,Masala Dosa,South Indian,1,140.00,14.00,6.30,0.00,132.30,126.00,Cash,Delivered
2025-09-04,SWG100061,Chicken Tikka,Starters,1,260.00,26.00,11.70,40.00,285.70,234.00,UPI,Delivered
2025-09-04,SWG100062,Paneer Tikka,Starters,2,460.00,23.00,21.85,30.00,488.85,437.00,Cash,Delivered
2025-09-04,SWG100063,Chicken Biryani,Biryani,1,220.00,11.00,10.45,30.00,249.45,209.00,Debit Card,Delivered
2025-09-04,SWG100064,Gulab Jamun,Desserts,1,90.00,0.00,4.50,30.00,124.50,90.00,Cash,Delivered
2025-09-04,SWG100065,Chicken Tikka,Starters,1,260.00,26.00,11.70,20.00,265.70,234.00,Cash,Delivered
2025-09-04,SWG100066,Butter Naan,Breads,1,60.00,6.00,2.70,40.00,96.70,54.00,UPI,Delivered
2025-09-04,SWG100067,Masala Dosa,South Indian,1,140.00,21.00,5.95,30.00,154.95,119.00,Cash,Delivered
2025-09-04,SWG100068,Veg Biryani,Biryani,1,180.00,9.00,8.55,0.00,179.55,171.00,Debit Card,Delivered
2025-09-04,SWG100069,Paneer Butter Masala,Main Course,2,480.00,24.00,22.80,30.00,508.80,456.00,Credit Card,Delivered
2025-09-04,SWG100070,Butter Naan,Breads,1,60.00,3.00,2.85,40.00,99.85,57.00,UPI,Delivered
2025-09-04,SWG100071,Fried Rice,Rice & Noodles,1,170.00,8.50,8.08,40.00,209.58,161.50,Credit Card,Delivered
2025-09-04,SWG100072,Butter Naan,Breads,1,60.00,0.00,3.00,0.00,63.00,60.00,Credit Card,Delivered
2025-09-04,SWG100073,Butter Naan,Breads,2,120.00,18.00,5.10,0.00,107.10,102.00,UPI,Delivered
2025-09-04,SWG100074,Fried Rice,Rice & Noodles,1,170.00,25.50,7.23,30.00,181.73,144.50,Cash,Delivered
2025-09-04,SWG100075,Gulab Jamun,Desserts,2,180.00,27.00,7.65,40.00,200.65,153.00,Cash,Delivered
2025-09-04,SWG100076,Fried Rice,Rice & Noodles,1,170.00,8.50,8.08,30.00,199.58,161.50,Cash,Delivered
2025-09-05,SWG100077,Paneer Butter Masala,Main Course,1,240.00,12.00,11.40,30.00,269.40,228.00,UPI,Delivered
2025-09-05,SWG100078,Butter Naan,Breads,1,60.00,9.00,2.55,20.00,73.55,51.00,UPI,Delivered
2025-09-05,SWG100079,Paneer Tikka,Starters,1,230.00,34.50,9.78,40.00,245.28,195.50,Cash,Delivered
2025-09-05,SWG100080,Paneer Tikka,Starters,2,460.00,0.00,23.00,40.00,523.00,460.00,Debit Card,Delivered
2025-09-05,SWG100081,Masala Dosa,South Indian,2,280.00,42.00,11.90,20.00,269.90,238.00,Debit Card,Delivered
2025-09-05,SWG100082,Paneer Tikka,Starters,1,230.00,34.50,9.78,30.00,235.28,195.50,Cash,Delivered
2025-09-05,SWG100083,Butter Naan,Breads,2,120.00,6.00,5.70,0.00,119.70,114.00,UPI,Delivered
2025-09-05,SWG100084,Paneer Butter Masala,Main Course,1,240.00,12.00,11.40,40.00,279.40,228.00,Debit Card,Delivered
2025-09-05,SWG100085,Paneer Tikka,Starters,1,230.00,34.50,9.78,30.00,235.28,195.50,Cash,Delivered
2025-09-05,SWG100086,Masala Dosa,South Indian,2,280.00,42.00,11.90,30.00,279.90,238.00,Cash,Delivered
2025-09-05,SWG100087,Chicken Biryani,Biryani,1,220.00,0.00,11.00,30.00,261.00,220.00,UPI,Delivered
2025-09-05,SWG100088,Chicken Biryani,Biryani,2,440.00,22.00,20.90,20.00,458.90,418.00,Credit Card,Delivered
2025-09-05,SWG100089,Veg Biryani,Biryani,1,180.00,0.00,9.00,20.00,209.00,180.00,Debit Card,Delivered
2025-09-05,SWG100090,Chicken Tikka,Starters,1,260.00,0.00,13.00,20.00,293.00,260.00,UPI,Delivered
2025-09-05,SWG100091,Gulab Jamun,Desserts,1,90.00,9.00,4.05,40.00,125.05,81.00,Credit Card,Delivered
2025-09-05,SWG100092,Paneer Butter Masala,Main Course,1,240.00,12.00,11.40,0.00,239.40,228.00,Debit Card,Delivered
2025-09-05,SWG100093,Gulab Jamun,Desserts,2,180.00,0.00,9.00,30.00,219.00,180.00,Debit Card,Delivered
2025-09-05,SWG100094,Paneer Butter Masala,Main Course,1,240.00,24.00,10.80,0.00,226.80,216.00,Cash,Delivered
2025-09-05,SWG100095,Paneer Butter Masala,Main Course,1,240.00,24.00,10.80,40.00,266.80,216.00,Cash,Delivered
2025-09-05,SWG100096,Butter Naan,Breads,1,60.00,6.00,2.70,40.00,96.70,54.00,Debit Card,Delivered
2025-09-06,SWG100097,Chicken Tikka,Starters,2,520.00,0.00,26.00,30.00,576.00,520.00,Credit Card,Delivered
2025-09-06,SWG100098,Fried Rice,Rice & Noodles,1,170.00,25.50,7.23,30.00,181.73,144.50,Debit Card,Delivered
2025-09-06,SWG100099,Butter Naan,Breads,1,60.00,6.00,2.70,30.00,86.70,54.00,Debit Card,Delivered
2025-09-06,SWG100100,Hakka Noodles,Rice & Noodles,1,180.00,9.00,8.55,0.00,179.55,171.00,Cash,Delivered
2025-09-06,SWG100101,Fried Rice,Rice & Noodles,1,170.00,8.50,8.08,40.00,209.58,161.50,Cash,Delivered
2025-09-06,SWG100102,Fried Rice,Rice & Noodles,2,340.00,0.00,17.00,30.00,387.00,340.00,Credit Card,Delivered
2025-09-06,SWG100103,Masala Dosa,South Indian,1,140.00,14.00,6.30,40.00,172.30,126.00,Debit Card,Delivered
2025-09-06,SWG100104,Paneer Tikka,Starters,3,690.00,69.00,31.05,30.00,682.05,621.00,Debit Card,Delivered
2025-09-06,SWG100105,Masala Dosa,South Indian,1,140.00,0.00,7.00,20.00,167.00,140.00,Credit Card,Delivered
2025-09-06,SWG100106,Veg Biryani,Biryani,1,180.00,27.00,7.65,30.00,190.65,153.00,Debit Card,Delivered
2025-09-06,SWG100107,Paneer Butter Masala,Main Course,2,480.00,48.00,21.60,20.00,473.60,432.00,Debit Card,Delivered
2025-09-06,SWG100108,Chicken Biryani,Biryani,1,220.00,11.00,10.45,30.00,249.45,209.00,UPI,Delivered
2025-09-06,SWG100109,Hakka Noodles,Rice & Noodles,1,180.00,9.00,8.55,40.00,219.55,171.00,UPI,Delivered
2025-09-06,SWG100110,Gulab Jamun,Desserts,1,90.00,13.50,3.83,40.00,120.33,76.50,UPI,Delivered
2025-09-06,SWG100111,Masala Dosa,South Indian,2,280.00,42.00,11.90,0.00,249.90,238.00,Cash,Delivered
2025-09-06,SWG100112,Fried Rice,Rice & Noodles,1,170.00,0.00,8.50,20.00,198.50,170.00,Debit Card,Delivered
2025-09-06,SWG100113,Paneer Butter Masala,Main Course,3,720.00,0.00,36.00,40.00,796.00,720.00,Credit Card,Delivered
2025-09-06,SWG100114,Hakka Noodles,Rice & Noodles,1,180.00,27.00,7.65,30.00,190.65,153.00,Cash,Delivered
2025-09-06,SWG100115,Masala Dosa,South Indian,1,140.00,0.00,7.00,0.00,147.00,140.00,Credit Card,Delivered
2025-09-06,SWG100116,Veg Biryani,Biryani,1,180.00,0.00,9.00,20.00,209.00,180.00,UPI,Delivered
2025-09-07,SWG100117,Gulab Jamun,Desserts,1,90.00,0.00,4.50,20.00,114.50,90.00,Debit Card,Delivered
2025-09-07,SWG100118,Fried Rice,Rice & Noodles,1,170.00,8.50,8.08,30.00,199.58,161.50,Credit Card,Delivered
2025-09-07,SWG100119,Paneer Tikka,Starters,1,230.00,11.50,10.93,20.00,249.43,218.50,Credit Card,Delivered
2025-09-07,SWG100120,Paneer Butter Masala,Main Course,1,240.00,24.00,10.80,30.00,256.80,216.00,Cash,Delivered
2025-09-07,SWG100121,Masala Dosa,South Indian,1,140.00,14.00,6.30,40.00,172.30,126.00,UPI,Delivered
2025-09-07,SWG100122,Paneer Tikka,Starters,1,230.00,23.00,10.35,0.00,217.35,207.00,UPI,Delivered
2025-09-07,SWG100123,Masala Dosa,South Indian,1,140.00,7.00,6.65,40.00,179.65,133.00,Cash,Delivered
2025-09-07,SWG100124,Masala Dosa,South Indian,1,140.00,21.00,5.95,40.00,164.95,119.00,Cash,Delivered
2025-09-07,SWG100125,Chicken Tikka,Starters,1,260.00,26.00,11.70,0.00,245.70,234.00,Debit Card,Delivered
2025-09-07,SWG100126,Paneer Tikka,Starters,1,230.00,23.00,10.35,40.00,257.35,207.00,UPI,Delivered
2025-09-07,SWG100127,Fried Rice,Rice & Noodles,1,170.00,17.00,7.65,30.00,190.65,153.00,Cash,Delivered
2025-09-07,SWG100128,Hakka Noodles,Rice & Noodles,2,360.00,0.00,18.00,40.00,418.00,360.00,Credit Card,Delivered
2025-09-07,SWG100129,Hakka Noodles,Rice & Noodles,1,180.00,27.00,7.65,40.00,200.65,153.00,Credit Card,Delivered
2025-09-07,SWG100130,Masala Dosa,South Indian,1,140.00,14.00,6.30,40.00,172.30,126.00,Cash,Delivered
2025-09-07,SWG100131,Paneer Butter Masala,Main Course,1,240.00,12.00,11.40,20.00,259.40,228.00,UPI,Delivered
2025-09-07,SWG100132,Hakka Noodles,Rice & Noodles,1,180.00,9.00,8.55,0.00,179.55,171.00,UPI,Delivered
2025-09-07,SWG100133,Butter Naan,Breads,1,60.00,6.00,2.70,30.00,86.70,54.00,Cash,Delivered
2025-09-07,SWG100134,Fried Rice,Rice & Noodles,1,170.00,8.50,8.08,40.00,209.58,161.50,Credit Card,Delivered
2025-09-07,SWG100135,Paneer Butter Masala,Main Course,1,240.00,36.00,10.20,30.00,244.20,204.00,Debit Card,Delivered
2025-09-07,SWG100136,Chicken Biryani,Biryani,1,220.00,22.00,9.90,40.00,247.90,198.00,Cash,Delivered
2025-09-07,SWG100137,Hakka Noodles,Rice & Noodles,1,180.00,18.00,8.10,40.00,210.10,162.00,Debit Card,Delivered
2025-09-07,SWG100138,Veg Biryani,Biryani,3,540.00,27.00,25.65,40.00,578.65,513.00,Cash,Delivered
2025-09-07,SWG100139,Chicken Biryani,Biryani,1,220.00,33.00,9.35,40.00,236.35,187.00,Credit Card,Delivered
2025-09-07,SWG100140,Fried Rice,Rice & Noodles,3,510.00,25.50,24.23,30.00,538.73,484.50,Cash,Delivered
2025-09-08,SWG100141,Paneer Butter Masala,Main Course,1,240.00,36.00,10.20,0.00,214.20,204.00,Cash,Delivered
2025-09-08,SWG100142,Butter Naan,Breads,1,60.00,6.00,2.70,30.00,86.70,54.00,Cash,Delivered
2025-09-08,SWG100143,Paneer Butter Masala,Main Course,2,480.00,72.00,20.40,30.00,458.40,408.00,Cash,Delivered
2025-09-08,SWG100144,Hakka Noodles,Rice & Noodles,1,180.00,0.00,9.00,20.00,209.00,180.00,Debit Card,Delivered
2025-09-08,SWG100145,Veg Biryani,Biryani,1,180.00,27.00,7.65,0.00,160.65,153.00,UPI,Delivered
2025-09-08,SWG100146,Fried Rice,Rice & Noodles,1,170.00,17.00,7.65,0.00,160.65,153.00,UPI,Delivered
2025-09-08,SWG100147,Masala Dosa,South Indian,1,140.00,21.00,5.95,20.00,144.95,119.00,Cash,Delivered
2025-09-08,SWG100148,Gulab Jamun,Desserts,1,90.00,4.50,4.28,20.00,109.78,85.50,Cash,Delivered
2025-09-08,SWG100149,Gulab Jamun,Desserts,1,90.00,13.50,3.83,20.00,100.33,76.50,Debit Card,Delivered
2025-09-08,SWG100150,Fried Rice,Rice & Noodles,1,170.00,0.00,8.50,40.00,218.50,170.00,Credit Card,Delivered
2025-09-08,SWG100151,Paneer Butter Masala,Main Course,1,240.00,24.00,10.80,30.00,256.80,216.00,Cash,Delivered
2025-09-08,SWG100152,Masala Dosa,South Indian,1,140.00,14.00,6.30,20.00,152.30,0.00,Cash,Cancelled
2025-09-08,SWG100153,Paneer Butter Masala,Main Course,1,240.00,24.00,10.80,30.00,256.80,0.00,Debit Card,Cancelled
2025-09-08,SWG100154,Chicken Biryani,Biryani,3,660.00,99.00,28.05,30.00,619.05,561.00,UPI,Delivered
2025-09-08,SWG100155,Gulab Jamun,Desserts,1,90.00,9.00,4.05,20.00,105.05,81.00,Debit Card,Delivered
2025-09-08,SWG100156,Veg Biryani,Biryani,1,180.00,18.00,8.10,20.00,190.10,162.00,UPI,Delivered
2025-09-08,SWG100157,Masala Dosa,South Indian,2,280.00,0.00,14.00,30.00,324.00,280.00,UPI,Delivered
2025-09-08,SWG100158,Masala Dosa,South Indian,1,140.00,21.00,5.95,20.00,144.95,119.00,Debit Card,Delivered
2025-09-08,SWG100159,Hakka Noodles,Rice & Noodles,1,180.00,18.00,8.10,20.00,190.10,162.00,Cash,Delivered
2025-09-08,SWG100160,Masala Dosa,South Indian,1,140.00,14.00,6.30,0.00,132.30,126.00,UPI,Delivered
2025-09-08,SWG100161,Butter Naan,Breads,2,120.00,6.00,5.70,40.00,159.70,114.00,Debit Card,Delivered
2025-09-09,SWG100162,Masala Dosa,South Indian,1,140.00,21.00,5.95,30.00,154.95,119.00,Debit Card,Delivered
2025-09-09,SWG100163,Gulab Jamun,Desserts,1,90.00,9.00,4.05,0.00,85.05,81.00,Cash,Delivered
2025-09-09,SWG100164,Chicken Biryani,Biryani,1,220.00,22.00,9.90,20.00,227.90,198.00,Cash,Delivered
2025-09-09,SWG100165,Masala Dosa,South Indian,1,140.00,0.00,7.00,20.00,167.00,140.00,UPI,Delivered
2025-09-09,SWG100166,Masala Dosa,South Indian,3,420.00,0.00,21.00,0.00,441.00,420.00,Credit Card,Delivered
2025-09-09,SWG100167,Paneer Tikka,Starters,1,230.00,34.50,9.78,20.00,225.28,195.50,UPI,Delivered
2025-09-09,SWG100168,Fried Rice,Rice & Noodles,1,170.00,17.00,7.65,0.00,160.65,153.00,Credit Card,Delivered
2025-09-09,SWG100169,Fried Rice,Rice & Noodles,1,170.00,8.50,8.08,30.00,199.58,161.50,Debit Card,Delivered
2025-09-09,SWG100170,Hakka Noodles,Rice & Noodles,2,360.00,36.00,16.20,0.00,340.20,324.00,Credit Card,Delivered
2025-09-09,SWG100171,Paneer Butter Masala,Main Course,2,480.00,72.00,20.40,0.00,428.40,408.00,UPI,Delivered
2025-09-09,SWG100172,Chicken Biryani,Biryani,2,440.00,22.00,20.90,20.00,458.90,418.00,Credit Card,Delivered
2025-09-09,SWG100173,Paneer Butter Masala,Main Course,2,480.00,24.00,22.80,20.00,498.80,456.00,Credit Card,Delivered
2025-09-09,SWG100174,Chicken Tikka,Starters,2,520.00,0.00,26.00,30.00,576.00,520.00,Credit Card,Delivered
2025-09-09,SWG100175,Butter Naan,Breads,1,60.00,3.00,2.85,0.00,59.85,57.00,UPI,Delivered
2025-09-09,SWG100176,Butter Naan,Breads,1,60.00,3.00,2.85,30.00,89.85,57.00,Debit Card,Delivered
2025-09-09,SWG100177,Chicken Biryani,Biryani,1,220.00,33.00,9.35,0.00,196.35,187.00,Cash,Delivered
2025-09-09,SWG100178,Fried Rice,Rice & Noodles,2,340.00,0.00,17.00,40.00,397.00,340.00,UPI,Delivered
2025-09-09,SWG100179,Hakka Noodles,Rice & Noodles,1,180.00,0.00,9.00,0.00,189.00,0.00,Cash,Cancelled
2025-09-09,SWG100180,Paneer Tikka,Starters,1,230.00,34.50,9.78,40.00,245.28,195.50,UPI,Delivered
2025-09-09,SWG100181,Chicken Tikka,Starters,1,260.00,0.00,13.00,20.00,293.00,260.00,Debit Card,Delivered
2025-09-09,SWG100182,Paneer Tikka,Starters,3,690.00,69.00,31.05,40.00,692.05,621.00,Cash,Delivered
2025-09-10,SWG100183,Paneer Butter Masala,Main Course,2,480.00,0.00,24.00,20.00,524.00,480.00,Credit Card,Delivered
2025-09-10,SWG100184,Paneer Tikka,Starters,1,230.00,34.50,9.78,40.00,245.28,195.50,UPI,Delivered
2025-09-10,SWG100185,Chicken Tikka,Starters,1,260.00,26.00,11.70,30.00,275.70,234.00,Cash,Delivered
2025-09-10,SWG100186,Paneer Butter Masala,Main Course,1,240.00,0.00,12.00,0.00,252.00,240.00,Debit Card,Delivered
2025-09-10,SWG100187,Butter Naan,Breads,1,60.00,6.00,2.70,0.00,56.70,54.00,Cash,Delivered
2025-09-10,SWG100188,Chicken Biryani,Biryani,3,660.00,66.00,29.70,30.00,653.70,594.00,Credit Card,Delivered
2025-09-10,SWG100189,Butter Naan,Breads,1,60.00,3.00,2.85,0.00,59.85,57.00,Debit Card,Delivered
2025-09-10,SWG100190,Paneer Butter Masala,Main Course,2,480.00,24.00,22.80,40.00,518.80,456.00,UPI,Delivered
2025-09-10,SWG100191,Gulab Jamun,Desserts,2,180.00,18.00,8.10,0.00,170.10,162.00,Debit Card,Delivered
2025-09-10,SWG100192,Chicken Tikka,Starters,1,260.00,13.00,12.35,20.00,279.35,247.00,Cash,Delivered
2025-09-10,SWG100193,Paneer Butter Masala,Main Course,1,240.00,0.00,12.00,0.00,252.00,240.00,Credit Card,Delivered
2025-09-10,SWG100194,Paneer Tikka,Starters,1,230.00,23.00,10.35,20.00,237.35,207.00,Debit Card,Delivered
2025-09-10,SWG100195,Gulab Jamun,Desserts,1,90.00,0.00,4.50,20.00,114.50,90.00,UPI,Delivered
2025-09-10,SWG100196,Paneer Butter Masala,Main Course,1,240.00,36.00,10.20,40.00,254.20,204.00,Cash,Delivered
2025-09-10,SWG100197,Masala Dosa,South Indian,1,140.00,0.00,7.00,30.00,177.00,140.00,Debit Card,Delivered
2025-09-10,SWG100198,Gulab Jamun,Desserts,1,90.00,9.00,4.05,0.00,85.05,81.00,UPI,Delivered
2025-09-10,SWG100199,Chicken Biryani,Biryani,1,220.00,11.00,10.45,20.00,239.45,209.00,Debit Card,Delivered
2025-09-10,SWG100200,Chicken Tikka,Starters,1,260.00,39.00,11.05,40.00,272.05,221.00,Cash,Delivered
2025-09-10,SWG100201,Hakka Noodles,Rice & Noodles,1,180.00,18.00,8.10,0.00,170.10,162.00,UPI,Delivered
2025-09-10,SWG100202,Paneer Tikka,Starters,1,230.00,0.00,11.50,30.00,271.50,230.00,Cash,Delivered
2025-09-11,SWG100203,Paneer Butter Masala,Main Course,1,240.00,24.00,10.80,20.00,246.80,216.00,Cash,Delivered
2025-09-11,SWG100204,Chicken Tikka,Starters,1,260.00,0.00,13.00,20.00,293.00,260.00,Cash,Delivered
2025-09-11,SWG100205,Hakka Noodles,Rice & Noodles,1,180.00,18.00,8.10,30.00,200.10,162.00,Credit Card,Delivered
2025-09-11,SWG100206,Paneer Butter Masala,Main Course,1,240.00,0.00,12.00,20.00,272.00,240.00,Debit Card,Delivered
2025-09-11,SWG100207,Chicken Tikka,Starters,1,260.00,13.00,12.35,20.00,279.35,247.00,Debit Card,Delivered
2025-09-11,SWG100208,Veg Biryani,Biryani,1,180.00,9.00,8.55,0.00,179.55,171.00,Cash,Delivered
2025-09-11,SWG100209,Fried Rice,Rice & Noodles,2,340.00,51.00,14.45,30.00,333.45,289.00,Debit Card,Delivered
2025-09-11,SWG100210,Butter Naan,Breads,1,60.00,9.00,2.55,40.00,93.55,51.00,Debit Card,Delivered
2025-09-11,SWG100211,Gulab Jamun,Desserts,1,90.00,0.00,4.50,30.00,124.50,90.00,UPI,Delivered
2025-09-11,SWG100212,Chicken Biryani,Biryani,1,220.00,22.00,9.90,0.00,207.90,198.00,UPI,Delivered
2025-09-11,SWG100213,Gulab Jamun,Desserts,1,90.00,13.50,3.83,40.00,120.33,76.50,UPI,Delivered
2025-09-11,SWG100214,Fried Rice,Rice & Noodles,2,340.00,17.00,16.15,30.00,369.15,323.00,Credit Card,Delivered
2025-09-11,SWG100215,Chicken Biryani,Biryani,1,220.00,22.00,9.90,0.00,207.90,198.00,Credit Card,Delivered
2025-09-11,SWG100216,Chicken Biryani,Biryani,1,220.00,33.00,9.35,40.00,236.35,187.00,Credit Card,Delivered
2025-09-11,SWG100217,Chicken Tikka,Starters,1,260.00,26.00,11.70,40.00,285.70,234.00,Debit Card,Delivered
2025-09-11,SWG100218,Gulab Jamun,Desserts,1,90.00,9.00,4.05,0.00,85.05,81.00,Cash,Delivered
2025-09-12,SWG100219,Masala Dosa,South Indian,1,140.00,7.00,6.65,30.00,169.65,133.00,Credit Card,Delivered
2025-09-12,SWG100220,Chicken Tikka,Starters,1,260.00,39.00,11.05,20.00,252.05,221.00,UPI,Delivered
2025-09-12,SWG100221,Masala Dosa,South Indian,1,140.00,14.00,6.30,20.00,152.30,126.00,UPI,Delivered
2025-09-12,SWG100222,Paneer Tikka,Starters,1,230.00,0.00,11.50,30.00,271.50,230.00,Credit Card,Delivered
2025-09-12,SWG100223,Chicken Tikka,Starters,2,520.00,78.00,22.10,20.00,484.10,442.00,Credit Card,Delivered
2025-09-12,SWG100224,Butter Naan,Breads,1,60.00,0.00,3.00,0.00,63.00,60.00,Credit Card,Delivered
2025-09-12,SWG100225,Gulab Jamun,Desserts,1,90.00,4.50,4.28,20.00,109.78,85.50,Credit Card,Delivered
2025-09-12,SWG100226,Fried Rice,Rice & Noodles,1,170.00,17.00,7.65,20.00,180.65,153.00,Debit Card,Delivered
2025-09-12,SWG100227,Fried Rice,Rice & Noodles,1,170.00,8.50,8.08,30.00,199.58,161.50,Cash,Delivered
2025-09-12,SWG100228,Veg Biryani,Biryani,1,180.00,27.00,7.65,40.00,200.65,153.00,Cash,Delivered
2025-09-12,SWG100229,Hakka Noodles,Rice & Noodles,1,180.00,9.00,8.55,20.00,199.55,171.00,Credit Card,Delivered
2025-09-12,SWG100230,Masala Dosa,South Indian,1,140.00,21.00,5.95,30.00,154.95,119.00,UPI,Delivered
2025-09-12,SWG100231,Hakka Noodles,Rice & Noodles,2,360.00,36.00,16.20,0.00,340.20,324.00,Debit Card,Delivered
2025-09-12,SWG100232,Fried Rice,Rice & Noodles,2,340.00,17.00,16.15,40.00,379.15,323.00,Credit Card,Delivered
2025-09-12,SWG100233,Fried Rice,Rice & Noodles,2,340.00,0.00,17.00,40.00,397.00,340.00,Debit Card,Delivered
2025-09-12,SWG100234,Veg Biryani,Biryani,1,180.00,0.00,9.00,30.00,219.00,180.00,Debit Card,Delivered
2025-09-12,SWG100235,Paneer Butter Masala,Main Course,2,480.00,48.00,21.60,20.00,473.60,432.00,Debit Card,Delivered
2025-09-12,SWG100236,Fried Rice,Rice & Noodles,1,170.00,8.50,8.08,40.00,209.58,161.50,UPI,Delivered
2025-09-13,SWG100237,Veg Biryani,Biryani,2,360.00,54.00,15.30,0.00,321.30,306.00,Credit Card,Delivered
2025-09-13,SWG100238,Masala Dosa,South Indian,1,140.00,7.00,6.65,40.00,179.65,133.00,Cash,Delivered
2025-09-13,SWG100239,Paneer Butter Masala,Main Course,1,240.00,36.00,10.20,0.00,214.20,204.00,Credit Card,Delivered
2025-09-13,SWG100240,Butter Naan,Breads,1,60.00,0.00,3.00,30.00,93.00,60.00,Cash,Delivered
2025-09-13,SWG100241,Butter Naan,Breads,1,60.00,0.00,3.00,30.00,93.00,60.00,UPI,Delivered
2025-09-13,SWG100242,Paneer Tikka,Starters,2,460.00,0.00,23.00,40.00,523.00,0.00,Debit Card,Cancelled
2025-09-13,SWG100243,Chicken Biryani,Biryani,1,220.00,0.00,11.00,30.00,261.00,220.00,UPI,Delivered
2025-09-13,SWG100244,Gulab Jamun,Desserts,1,90.00,9.00,4.05,20.00,105.05,81.00,Debit Card,Delivered
2025-09-13,SWG100245,Butter Naan,Breads,2,120.00,18.00,5.10,40.00,147.10,102.00,Credit Card,Delivered
2025-09-13,SWG100246,Paneer Butter Masala,Main Course,1,240.00,36.00,10.20,0.00,214.20,204.00,UPI,Delivered
2025-09-13,SWG100247,Veg Biryani,Biryani,2,360.00,36.00,16.20,30.00,370.20,324.00,Cash,Delivered
2025-09-13,SWG100248,Masala Dosa,South Indian,1,140.00,7.00,6.65,30.00,169.65,133.00,UPI,Delivered
2025-09-13,SWG100249,Chicken Tikka,Starters,1,260.00,26.00,11.70,40.00,285.70,234.00,Cash,Delivered
2025-09-13,SWG100250,Paneer Tikka,Starters,1,230.00,11.50,10.93,40.00,269.43,218.50,Debit Card,Delivered
2025-09-13,SWG100251,Hakka Noodles,Rice & Noodles,1,180.00,0.00,9.00,40.00,229.00,180.00,Credit Card,Delivered
2025-09-13,SWG100252,Hakka Noodles,Rice & Noodles,1,180.00,0.00,9.00,0.00,189.00,180.00,Debit Card,Delivered
2025-09-13,SWG100253,Masala Dosa,South Indian,1,140.00,21.00,5.95,20.00,144.95,119.00,Debit Card,Delivered
2025-09-13,SWG100254,Fried Rice,Rice & Noodles,1,170.00,17.00,7.65,40.00,200.65,153.00,UPI,Delivered
2025-09-13,SWG100255,Paneer Butter Masala,Main Course,1,240.00,36.00,10.20,30.00,244.20,204.00,Credit Card,Delivered
2025-09-13,SWG100256,Chicken Biryani,Biryani,1,220.00,33.00,9.35,0.00,196.35,187.00,Credit Card,Delivered
2025-09-13,SWG100257,Chicken Tikka,Starters,1,260.00,0.00,13.00,20.00,293.00,260.00,Debit Card,Delivered
2025-09-13,SWG100258,Chicken Tikka,Starters,1,260.00,0.00,13.00,20.00,293.00,260.00,Cash,Delivered
2025-09-13,SWG100259,Chicken Tikka,Starters,1,260.00,13.00,12.35,0.00,259.35,247.00,Credit Card,Delivered
2025-09-14,SWG100260,Fried Rice,Rice & Noodles,1,170.00,0.00,8.50,30.00,208.50,170.00,Cash,Delivered
2025-09-14,SWG100261,Veg Biryani,Biryani,3,540.00,54.00,24.30,40.00,550.30,486.00,Credit Card,Delivered
2025-09-14,SWG100262,Paneer Butter Masala,Main Course,1,240.00,36.00,10.20,0.00,214.20,204.00,Debit Card,Delivered
2025-09-14,SWG100263,Chicken Tikka,Starters,1,260.00,26.00,11.70,30.00,275.70,234.00,Credit Card,Delivered
2025-09-14,SWG100264,Chicken Tikka,Starters,1,260.00,0.00,13.00,20.00,293.00,260.00,Credit Card,Delivered
2025-09-14,SWG100265,Fried Rice,Rice & Noodles,1,170.00,17.00,7.65,40.00,200.65,153.00,Credit Card,Delivered
2025-09-14,SWG100266,Gulab Jamun,Desserts,2,180.00,0.00,9.00,30.00,219.00,180.00,Cash,Delivered
2025-09-14,SWG100267,Hakka Noodles,Rice & Noodles,1,180.00,27.00,7.65,0.00,160.65,153.00,Debit Card,Delivered
2025-09-14,SWG100268,Paneer Butter Masala,Main Course,1,240.00,24.00,10.80,20.00,246.80,216.00,Credit Card,Delivered
2025-09-14,SWG100269,Butter Naan,Breads,1,60.00,0.00,3.00,0.00,63.00,60.00,Debit Card,Delivered
2025-09-14,SWG100270,Butter Naan,Breads,1,60.00,3.00,2.85,30.00,89.85,57.00,Debit Card,Delivered
2025-09-14,SWG100271,Paneer Butter Masala,Main Course,1,240.00,24.00,10.80,20.00,246.80,216.00,UPI,Delivered
2025-09-14,SWG100272,Hakka Noodles,Rice & Noodles,1,180.00,9.00,8.55,20.00,199.55,171.00,Debit Card,Delivered
2025-09-14,SWG100273,Gulab Jamun,Desserts,1,90.00,0.00,4.50,0.00,94.50,90.00,Debit Card,Delivered
2025-09-14,SWG100274,Veg Biryani,Biryani,2,360.00,54.00,15.30,0.00,321.30,306.00,Debit Card,Delivered
2025-09-14,SWG100275,Masala Dosa,South Indian,1,140.00,21.00,5.95,30.00,154.95,119.00,UPI,Delivered
2025-09-14,SWG100276,Butter Naan,Breads,1,60.00,9.00,2.55,40.00,93.55,51.00,Credit Card,Delivered
2025-09-14,SWG100277,Chicken Tikka,Starters,2,520.00,52.00,23.40,30.00,521.40,0.00,Credit Card,Cancelled
2025-09-14,SWG100278,Chicken Tikka,Starters,1,260.00,0.00,13.00,30.00,303.00,260.00,UPI,Delivered
2025-09-14,SWG100279,Masala Dosa,South Indian,1,140.00,7.00,6.65,0.00,139.65,133.00,Cash,Delivered
2025-09-14,SWG100280,Gulab Jamun,Desserts,1,90.00,4.50,4.28,30.00,119.78,85.50,Debit Card,Delivered
2025-09-14,SWG100281,Veg Biryani,Biryani,2,360.00,54.00,15.30,40.00,361.30,306.00,Debit Card,Delivered
2025-09-15,SWG100282,Paneer Tikka,Starters,1,230.00,11.50,10.93,20.00,249.43,218.50,UPI,Delivered
2025-09-15,SWG100283,Chicken Biryani,Biryani,1,220.00,33.00,9.35,30.00,226.35,187.00,UPI,Delivered
2025-09-15,SWG100284,Paneer Tikka,Starters,1,230.00,23.00,10.35,30.00,247.35,207.00,Debit Card,Delivered
2025-09-15,SWG100285,Chicken Biryani,Biryani,1,220.00,11.00,10.45,30.00,249.45,209.00,UPI,Delivered
2025-09-15,SWG100286,Paneer Tikka,Starters,1,230.00,23.00,10.35,0.00,217.35,207.00,UPI,Delivered
2025-09-15,SWG100287,Paneer Tikka,Starters,1,230.00,23.00,10.35,30.00,247.35,207.00,Credit Card,Delivered
2025-09-15,SWG100288,Gulab Jamun,Desserts,1,90.00,0.00,4.50,0.00,94.50,90.00,Debit Card,Delivered
2025-09-15,SWG100289,Fried Rice,Rice & Noodles,1,170.00,8.50,8.08,20.00,189.58,161.50,Debit Card,Delivered
2025-09-15,SWG100290,Butter Naan,Breads,1,60.00,6.00,2.70,30.00,86.70,54.00,Cash,Delivered
2025-09-15,SWG100291,Gulab Jamun,Desserts,1,90.00,0.00,4.50,30.00,124.50,90.00,UPI,Delivered
2025-09-15,SWG100292,Paneer Tikka,Starters,1,230.00,0.00,11.50,40.00,281.50,230.00,Credit Card,Delivered
2025-09-15,SWG100293,Chicken Biryani,Biryani,1,220.00,11.00,10.45,40.00,259.45,209.00,Credit Card,Delivered
2025-09-15,SWG100294,Chicken Biryani,Biryani,1,220.00,0.00,11.00,20.00,251.00,220.00,Debit Card,Delivered
2025-09-15,SWG100295,Paneer Tikka,Starters,1,230.00,11.50,10.93,40.00,269.43,218.50,Cash,Delivered
2025-09-15,SWG100296,Chicken Biryani,Biryani,1,220.00,11.00,10.45,30.00,249.45,0.00,Cash,Cancelled
2025-09-15,SWG100297,Hakka Noodles,Rice & Noodles,1,180.00,9.00,8.55,40.00,219.55,171.00,Debit Card,Delivered
2025-09-16,SWG100298,Hakka Noodles,Rice & Noodles,1,180.00,18.00,8.10,40.00,210.10,162.00,Credit Card,Delivered
2025-09-16,SWG100299,Masala Dosa,South Indian,1,140.00,7.00,6.65,30.00,169.65,133.00,Credit Card,Delivered
2025-09-16,SWG100300,Fried Rice,Rice & Noodles,1,170.00,17.00,7.65,30.00,190.65,153.00,Cash,Delivered
2025-09-16,SWG100301,Paneer Tikka,Starters,2,460.00,23.00,21.85,30.00,488.85,437.00,UPI,Delivered
2025-09-16,SWG100302,Chicken Tikka,Starters,2,520.00,52.00,23.40,40.00,531.40,468.00,Debit Card,Delivered
2025-09-16,SWG100303,Hakka Noodles,Rice & Noodles,1,180.00,9.00,8.55,0.00,179.55,171.00,Credit Card,Delivered
2025-09-16,SWG100304,Veg Biryani,Biryani,1,180.00,9.00,8.55,20.00,199.55,171.00,Cash,Delivered
2025-09-16,SWG100305,Chicken Tikka,Starters,1,260.00,0.00,13.00,20.00,293.00,260.00,Credit Card,Delivered
2025-09-16,SWG100306,Paneer Tikka,Starters,1,230.00,34.50,9.78,40.00,245.28,195.50,Debit Card,Delivered
2025-09-16,SWG100307,Chicken Tikka,Starters,1,260.00,0.00,13.00,0.00,273.00,260.00,Credit Card,Delivered
2025-09-16,SWG100308,Hakka Noodles,Rice & Noodles,1,180.00,0.00,9.00,20.00,209.00,180.00,Credit Card,Delivered
2025-09-16,SWG100309,Chicken Biryani,Biryani,3,660.00,99.00,28.05,40.00,629.05,561.00,Debit Card,Delivered
2025-09-16,SWG100310,Chicken Biryani,Biryani,1,220.00,0.00,11.00,30.00,261.00,220.00,Cash,Delivered
2025-09-16,SWG100311,Butter Naan,Breads,2,120.00,18.00,5.10,30.00,137.10,102.00,UPI,Delivered
2025-09-16,SWG100312,Chicken Tikka,Starters,1,260.00,39.00,11.05,30.00,262.05,221.00,UPI,Delivered
2025-09-16,SWG100313,Chicken Tikka,Starters,2,520.00,26.00,24.70,20.00,538.70,494.00,Cash,Delivered
2025-09-16,SWG100314,Paneer Tikka,Starters,1,230.00,0.00,11.50,40.00,281.50,230.00,Credit Card,Delivered
2025-09-16,SWG100315,Butter Naan,Breads,1,60.00,3.00,2.85,0.00,59.85,57.00,Credit Card,Delivered
2025-09-17,SWG100316,Chicken Tikka,Starters,1,260.00,0.00,13.00,30.00,303.00,260.00,Credit Card,Delivered
2025-09-17,SWG100317,Chicken Biryani,Biryani,1,220.00,33.00,9.35,30.00,226.35,187.00,Debit Card,Delivered
2025-09-17,SWG100318,Paneer Butter Masala,Main Course,1,240.00,24.00,10.80,30.00,256.80,216.00,Credit Card,Delivered
2025-09-17,SWG100319,Butter Naan,Breads,1,60.00,9.00,2.55,30.00,83.55,51.00,Cash,Delivered
2025-09-17,SWG100320,Hakka Noodles,Rice & Noodles,2,360.00,18.00,17.10,20.00,379.10,342.00,UPI,Delivered
2025-09-17,SWG100321,Hakka Noodles,Rice & Noodles,1,180.00,18.00,8.10,0.00,170.10,162.00,UPI,Delivered
2025-09-17,SWG100322,Chicken Biryani,Biryani,2,440.00,22.00,20.90,20.00,458.90,418.00,Cash,Delivered
2025-09-17,SWG100323,Paneer Butter Masala,Main Course,1,240.00,36.00,10.20,0.00,214.20,204.00,Cash,Delivered
2025-09-17,SWG100324,Chicken Biryani,Biryani,1,220.00,33.00,9.35,40.00,236.35,187.00,Cash,Delivered
2025-09-17,SWG100325,Masala Dosa,South Indian,1,140.00,21.00,5.95,30.00,154.95,119.00,Credit Card,Delivered
2025-09-17,SWG100326,Gulab Jamun,Desserts,1,90.00,13.50,3.83,30.00,110.33,76.50,UPI,Delivered
2025-09-17,SWG100327,Paneer Butter Masala,Main Course,3,720.00,108.00,30.60,0.00,642.60,612.00,Credit Card,Delivered
2025-09-17,SWG100328,Butter Naan,Breads,2,120.00,18.00,5.10,30.00,137.10,0.00,Cash,Cancelled
2025-09-17,SWG100329,Fried Rice,Rice & Noodles,2,340.00,51.00,14.45,40.00,343.45,289.00,Credit Card,Delivered
2025-09-17,SWG100330,Chicken Tikka,Starters,1,260.00,39.00,11.05,20.00,252.05,221.00,Credit Card,Delivered
2025-09-18,SWG100331,Chicken Biryani,Biryani,2,440.00,44.00,19.80,40.00,455.80,396.00,Cash,Delivered
2025-09-18,SWG100332,Hakka Noodles,Rice & Noodles,1,180.00,9.00,8.55,20.00,199.55,171.00,Credit Card,Delivered
2025-09-18,SWG100333,Masala Dosa,South Indian,1,140.00,0.00,7.00,0.00,147.00,140.00,Cash,Delivered
2025-09-18,SWG100334,Gulab Jamun,Desserts,2,180.00,0.00,9.00,20.00,209.00,180.00,UPI,Delivered
2025-09-18,SWG100335,Gulab Jamun,Desserts,1,90.00,0.00,4.50,20.00,114.50,90.00,Cash,Delivered
2025-09-18,SWG100336,Fried Rice,Rice & Noodles,1,170.00,8.50,8.08,0.00,169.58,161.50,Debit Card,Delivered
2025-09-18,SWG100337,Veg Biryani,Biryani,2,360.00,36.00,16.20,30.00,370.20,324.00,Credit Card,Delivered
2025-09-18,SWG100338,Hakka Noodles,Rice & Noodles,1,180.00,18.00,8.10,30.00,200.10,162.00,Credit Card,Delivered
2025-09-18,SWG100339,Paneer Tikka,Starters,1,230.00,0.00,11.50,30.00,271.50,230.00,Cash,Delivered
2025-09-18,SWG100340,Hakka Noodles,Rice & Noodles,1,180.00,27.00,7.65,40.00,200.65,153.00,Cash,Delivered
2025-09-18,SWG100341,Butter Naan,Breads,2,120.00,18.00,5.10,20.00,127.10,102.00,Debit Card,Delivered
2025-09-18,SWG100342,Butter Naan,Breads,2,120.00,0.00,6.00,40.00,166.00,120.00,Credit Card,Delivered
2025-09-18,SWG100343,Paneer Tikka,Starters,1,230.00,11.50,10.93,30.00,259.43,218.50,Cash,Delivered
2025-09-18,SWG100344,Chicken Tikka,Starters,1,260.00,13.00,12.35,0.00,259.35,247.00,UPI,Delivered
2025-09-18,SWG100345,Paneer Butter Masala,Main Course,1,240.00,12.00,11.40,40.00,279.40,228.00,Debit Card,Delivered
2025-09-18,SWG100346,Masala Dosa,South Indian,3,420.00,0.00,21.00,20.00,461.00,420.00,UPI,Delivered
2025-09-18,SWG100347,Fried Rice,Rice & Noodles,2,340.00,17.00,16.15,40.00,379.15,323.00,Debit Card,Delivered
2025-09-18,SWG100348,Masala Dosa,South Indian,1,140.00,14.00,6.30,30.00,162.30,126.00,Cash,Delivered
2025-09-18,SWG100349,Fried Rice,Rice & Noodles,1,170.00,25.50,7.23,30.00,181.73,144.50,Debit Card,Delivered
2025-09-19,SWG100350,Veg Biryani,Biryani,1,180.00,0.00,9.00,30.00,219.00,180.00,Cash,Delivered
2025-09-19,SWG100351,Masala Dosa,South Indian,1,140.00,14.00,6.30,20.00,152.30,126.00,Credit Card,Delivered
2025-09-19,SWG100352,Fried Rice,Rice & Noodles,1,170.00,17.00,7.65,30.00,190.65,153.00,Cash,Delivered
2025-09-19,SWG100353,Fried Rice,Rice & Noodles,1,170.00,17.00,7.65,20.00,180.65,153.00,Cash,Delivered
2025-09-19,SWG100354,Butter Naan,Breads,2,120.00,0.00,6.00,0.00,126.00,120.00,UPI,Delivered
2025-09-19,SWG100355,Chicken Biryani,Biryani,2,440.00,66.00,18.70,20.00,412.70,374.00,Credit Card,Delivered
2025-09-19,SWG100356,Paneer Butter Masala,Main Course,1,240.00,0.00,12.00,20.00,272.00,240.00,Debit Card,Delivered
2025-09-19,SWG100357,Chicken Biryani,Biryani,1,220.00,33.00,9.35,40.00,236.35,187.00,Cash,Delivered
2025-09-19,SWG100358,Chicken Biryani,Biryani,1,220.00,22.00,9.90,30.00,237.90,198.00,Cash,Delivered
2025-09-19,SWG100359,Butter Naan,Breads,1,60.00,0.00,3.00,20.00,83.00,60.00,Debit Card,Delivered
2025-09-19,SWG100360,Chicken Tikka,Starters,1,260.00,39.00,11.05,0.00,232.05,221.00,Cash,Delivered
2025-09-19,SWG100361,Fried Rice,Rice & Noodles,1,170.00,8.50,8.08,30.00,199.58,161.50,UPI,Delivered
2025-09-19,SWG100362,Chicken Biryani,Biryani,1,220.00,33.00,9.35,40.00,236.35,187.00,UPI,Delivered
2025-09-19,SWG100363,Chicken Biryani,Biryani,1,220.00,0.00,11.00,40.00,271.00,220.00,Debit Card,Delivered
2025-09-19,SWG100364,Gulab Jamun,Desserts,3,270.00,0.00,13.50,0.00,283.50,270.00,Cash,Delivered
2025-09-19,SWG100365,Masala Dosa,South Indian,1,140.00,0.00,7.00,30.00,177.00,140.00,UPI,Delivered
2025-09-19,SWG100366,Butter Naan,Breads,2,120.00,12.00,5.40,0.00,113.40,108.00,Credit Card,Delivered
2025-09-19,SWG100367,Paneer Tikka,Starters,2,460.00,46.00,20.70,20.00,454.70,414.00,Cash,Delivered
2025-09-19,SWG100368,Hakka Noodles,Rice & Noodles,1,180.00,9.00,8.55,0.00,179.55,171.00,Debit Card,Delivered
2025-09-19,SWG100369,Chicken Biryani,Biryani,1,220.00,11.00,10.45,0.00,219.45,209.00,Cash,Delivered
2025-09-19,SWG100370,Chicken Tikka,Starters,1,260.00,26.00,11.70,40.00,285.70,234.00,Debit Card,Delivered
2025-09-19,SWG100371,Hakka Noodles,Rice & Noodles,2,360.00,54.00,15.30,20.00,341.30,306.00,Cash,Delivered
2025-09-20,SWG100372,Paneer Butter Masala,Main Course,2,480.00,48.00,21.60,20.00,473.60,432.00,UPI,Delivered
2025-09-20,SWG100373,Masala Dosa,South Indian,1,140.00,7.00,6.65,40.00,179.65,133.00,UPI,Delivered
2025-09-20,SWG100374,Paneer Butter Masala,Main Course,1,240.00,24.00,10.80,40.00,266.80,216.00,Debit Card,Delivered
2025-09-20,SWG100375,Paneer Butter Masala,Main Course,1,240.00,12.00,11.40,40.00,279.40,228.00,Cash,Delivered
2025-09-20,SWG100376,Paneer Butter Masala,Main Course,1,240.00,24.00,10.80,0.00,226.80,216.00,Debit Card,Delivered
2025-09-20,SWG100377,Paneer Tikka,Starters,1,230.00,34.50,9.78,40.00,245.28,195.50,Credit Card,Delivered
2025-09-20,SWG100378,Gulab Jamun,Desserts,1,90.00,13.50,3.83,20.00,100.33,76.50,Debit Card,Delivered
2025-09-20,SWG100379,Masala Dosa,South Indian,1,140.00,0.00,7.00,20.00,167.00,140.00,Cash,Delivered
2025-09-20,SWG100380,Masala Dosa,South Indian,1,140.00,0.00,7.00,30.00,177.00,140.00,Credit Card,Delivered
2025-09-20,SWG100381,Fried Rice,Rice & Noodles,1,170.00,8.50,8.08,40.00,209.58,161.50,Debit Card,Delivered
2025-09-20,SWG100382,Chicken Biryani,Biryani,2,440.00,44.00,19.80,40.00,455.80,396.00,Debit Card,Delivered
2025-09-20,SWG100383,Fried Rice,Rice & Noodles,1,170.00,8.50,8.08,30.00,199.58,161.50,Credit Card,Delivered
2025-09-20,SWG100384,Fried Rice,Rice & Noodles,1,170.00,25.50,7.23,30.00,181.73,144.50,Cash,Delivered
2025-09-20,SWG100385,Gulab Jamun,Desserts,2,180.00,18.00,8.10,40.00,210.10,162.00,Cash,Delivered
2025-09-20,SWG100386,Chicken Tikka,Starters,1,260.00,13.00,12.35,20.00,279.35,247.00,UPI,Delivered
2025-09-20,SWG100387,Fried Rice,Rice & Noodles,2,340.00,17.00,16.15,40.00,379.15,323.00,UPI,Delivered
2025-09-20,SWG100388,Paneer Tikka,Starters,1,230.00,11.50,10.93,30.00,259.43,218.50,Credit Card,Delivered
2025-09-20,SWG100389,Paneer Tikka,Starters,2,460.00,0.00,23.00,40.00,523.00,0.00,Cash,Cancelled
2025-09-20,SWG100390,Gulab Jamun,Desserts,1,90.00,13.50,3.83,0.00,80.33,76.50,Debit Card,Delivered
2025-09-20,SWG100391,Hakka Noodles,Rice & Noodles,1,180.00,0.00,9.00,0.00,189.00,180.00,Debit Card,Delivered
2025-09-20,SWG100392,Butter Naan,Breads,1,60.00,0.00,3.00,40.00,103.00,60.00,Debit Card,Delivered
2025-09-20,SWG100393,Paneer Tikka,Starters,1,230.00,0.00,11.50,30.00,271.50,230.00,Credit Card,Delivered
2025-09-20,SWG100394,Fried Rice,Rice & Noodles,1,170.00,25.50,7.23,20.00,171.73,144.50,UPI,Delivered
2025-09-21,SWG100395,Paneer Butter Masala,Main Course,1,240.00,12.00,11.40,30.00,269.40,228.00,Cash,Delivered
2025-09-21,SWG100396,Veg Biryani,Biryani,1,180.00,18.00,8.10,40.00,210.10,162.00,Cash,Delivered
2025-09-21,SWG100397,Chicken Tikka,Starters,1,260.00,0.00,13.00,0.00,273.00,260.00,Debit Card,Delivered
2025-09-21,SWG100398,Paneer Butter Masala,Main Course,1,240.00,12.00,11.40,20.00,259.40,228.00,Credit Card,Delivered
2025-09-21,SWG100399,Chicken Tikka,Starters,1,260.00,39.00,11.05,20.00,252.05,221.00,Credit Card,Delivered
2025-09-21,SWG100400,Butter Naan,Breads,1,60.00,9.00,2.55,40.00,93.55,51.00,Credit Card,Delivered
2025-09-21,SWG100401,Fried Rice,Rice & Noodles,1,170.00,25.50,7.23,0.00,151.73,144.50,Credit Card,Delivered
2025-09-21,SWG100402,Masala Dosa,South Indian,2,280.00,0.00,14.00,0.00,294.00,280.00,Credit Card,Delivered
2025-09-21,SWG100403,Chicken Tikka,Starters,1,260.00,39.00,11.05,0.00,232.05,221.00,Cash,Delivered
2025-09-21,SWG100404,Hakka Noodles,Rice & Noodles,3,540.00,54.00,24.30,40.00,550.30,486.00,UPI,Delivered
2025-09-21,SWG100405,Chicken Tikka,Starters,1,260.00,39.00,11.05,20.00,252.05,221.00,Debit Card,Delivered
2025-09-21,SWG100406,Gulab Jamun,Desserts,1,90.00,4.50,4.28,30.00,119.78,85.50,Debit Card,Delivered
2025-09-21,SWG100407,Paneer Butter Masala,Main Course,1,240.00,12.00,11.40,40.00,279.40,228.00,Credit Card,Delivered
2025-09-21,SWG100408,Gulab Jamun,Desserts,1,90.00,4.50,4.28,40.00,129.78,85.50,Credit Card,Delivered
2025-09-21,SWG100409,Hakka Noodles,Rice & Noodles,1,180.00,18.00,8.10,20.00,190.10,162.00,Cash,Delivered
2025-09-21,SWG100410,Gulab Jamun,Desserts,1,90.00,9.00,4.05,0.00,85.05,81.00,Credit Card,Delivered
2025-09-21,SWG100411,Paneer Tikka,Starters,3,690.00,103.50,29.33,40.00,655.83,586.50,Cash,Delivered
2025-09-21,SWG100412,Fried Rice,Rice & Noodles,1,170.00,0.00,8.50,0.00,178.50,170.00,Credit Card,Delivered
2025-09-21,SWG100413,Masala Dosa,South Indian,1,140.00,7.00,6.65,30.00,169.65,133.00,Cash,Delivered
2025-09-22,SWG100414,Gulab Jamun,Desserts,1,90.00,13.50,3.83,0.00,80.33,76.50,Debit Card,Delivered
2025-09-22,SWG100415,Hakka Noodles,Rice & Noodles,2,360.00,36.00,16.20,0.00,340.20,324.00,Cash,Delivered
2025-09-22,SWG100416,Hakka Noodles,Rice & Noodles,1,180.00,27.00,7.65,0.00,160.65,153.00,Credit Card,Delivered
2025-09-22,SWG100417,Masala Dosa,South Indian,2,280.00,0.00,14.00,40.00,334.00,280.00,UPI,Delivered
2025-09-22,SWG100418,Fried Rice,Rice & Noodles,2,340.00,0.00,17.00,20.00,377.00,340.00,Debit Card,Delivered
2025-09-22,SWG100419,Gulab Jamun,Desserts,1,90.00,4.50,4.28,20.00,109.78,85.50,Credit Card,Delivered
2025-09-22,SWG100420,Chicken Biryani,Biryani,1,220.00,22.00,9.90,20.00,227.90,198.00,Debit Card,Delivered
2025-09-22,SWG100421,Masala Dosa,South Indian,1,140.00,0.00,7.00,20.00,167.00,140.00,Cash,Delivered
2025-09-22,SWG100422,Chicken Biryani,Biryani,3,660.00,33.00,31.35,20.00,678.35,627.00,Debit Card,Delivered
2025-09-22,SWG100423,Veg Biryani,Biryani,2,360.00,54.00,15.30,40.00,361.30,306.00,Debit Card,Delivered
2025-09-22,SWG100424,Paneer Tikka,Starters,1,230.00,0.00,11.50,0.00,241.50,230.00,Debit Card,Delivered
2025-09-22,SWG100425,Chicken Tikka,Starters,1,260.00,39.00,11.05,30.00,262.05,221.00,UPI,Delivered
2025-09-22,SWG100426,Fried Rice,Rice & Noodles,1,170.00,17.00,7.65,0.00,160.65,153.00,Cash,Delivered
2025-09-22,SWG100427,Veg Biryani,Biryani,3,540.00,27.00,25.65,40.00,578.65,513.00,Debit Card,Delivered
2025-09-22,SWG100428,Chicken Tikka,Starters,1,260.00,13.00,12.35,40.00,299.35,247.00,UPI,Delivered
2025-09-22,SWG100429,Chicken Biryani,Biryani,1,220.00,33.00,9.35,0.00,196.35,187.00,Credit Card,Delivered
2025-09-22,SWG100430,Fried Rice,Rice & Noodles,1,170.00,25.50,7.23,20.00,171.73,0.00,Credit Card,Cancelled
2025-09-22,SWG100431,Masala Dosa,South Indian,1,140.00,14.00,6.30,0.00,132.30,126.00,Debit Card,Delivered
2025-09-23,SWG100432,Butter Naan,Breads,1,60.00,6.00,2.70,20.00,76.70,54.00,UPI,Delivered
2025-09-23,SWG100433,Paneer Butter Masala,Main Course,1,240.00,36.00,10.20,0.00,214.20,204.00,Credit Card,Delivered
2025-09-23,SWG100434,Hakka Noodles,Rice & Noodles,1,180.00,0.00,9.00,0.00,189.00,180.00,UPI,Delivered
2025-09-23,SWG100435,Paneer Tikka,Starters,1,230.00,34.50,9.78,0.00,205.28,195.50,UPI,Delivered
2025-09-23,SWG100436,Paneer Butter Masala,Main Course,1,240.00,24.00,10.80,30.00,256.80,216.00,Credit Card,Delivered
2025-09-23,SWG100437,Butter Naan,Breads,1,60.00,0.00,3.00,20.00,83.00,60.00,Credit Card,Delivered
2025-09-23,SWG100438,Butter Naan,Breads,2,120.00,18.00,5.10,20.00,127.10,102.00,UPI,Delivered
2025-09-23,SWG100439,Butter Naan,Breads,2,120.00,18.00,5.10,30.00,137.10,102.00,Debit Card,Delivered
2025-09-23,SWG100440,Butter Naan,Breads,1,60.00,0.00,3.00,20.00,83.00,60.00,Debit Card,Delivered
2025-09-23,SWG100441,Chicken Biryani,Biryani,2,440.00,44.00,19.80,20.00,435.80,396.00,Credit Card,Delivered
2025-09-23,SWG100442,Paneer Tikka,Starters,1,230.00,0.00,11.50,20.00,261.50,230.00,UPI,Delivered
2025-09-23,SWG100443,Veg Biryani,Biryani,1,180.00,0.00,9.00,0.00,189.00,0.00,Debit Card,Cancelled
2025-09-23,SWG100444,Butter Naan,Breads,1,60.00,9.00,2.55,30.00,83.55,51.00,Credit Card,Delivered
2025-09-23,SWG100445,Fried Rice,Rice & Noodles,3,510.00,0.00,25.50,0.00,535.50,510.00,UPI,Delivered
2025-09-23,SWG100446,Masala Dosa,South Indian,1,140.00,0.00,7.00,40.00,187.00,140.00,Cash,Delivered
2025-09-23,SWG100447,Paneer Tikka,Starters,1,230.00,0.00,11.50,20.00,261.50,230.00,Debit Card,Delivered
2025-09-23,SWG100448,Paneer Butter Masala,Main Course,1,240.00,12.00,11.40,20.00,259.40,228.00,Cash,Delivered
2025-09-23,SWG100449,Gulab Jamun,Desserts,1,90.00,0.00,4.50,30.00,124.50,90.00,Credit Card,Delivered
2025-09-23,SWG100450,Chicken Biryani,Biryani,1,220.00,33.00,9.35,0.00,196.35,187.00,UPI,Delivered
2025-09-23,SWG100451,Masala Dosa,South Indian,1,140.00,7.00,6.65,0.00,139.65,133.00,Credit Card,Delivered
2025-09-23,SWG100452,Chicken Biryani,Biryani,1,220.00,22.00,9.90,30.00,237.90,198.00,Credit Card,Delivered
2025-09-23,SWG100453,Masala Dosa,South Indian,1,140.00,0.00,7.00,0.00,147.00,140.00,Cash,Delivered
2025-09-23,SWG100454,Masala Dosa,South Indian,1,140.00,14.00,6.30,0.00,132.30,126.00,Debit Card,Delivered
2025-09-24,SWG100455,Chicken Biryani,Biryani,1,220.00,11.00,10.45,30.00,249.45,209.00,UPI,Delivered
2025-09-24,SWG100456,Gulab Jamun,Desserts,1,90.00,0.00,4.50,20.00,114.50,90.00,UPI,Delivered
2025-09-24,SWG100457,Chicken Biryani,Biryani,2,440.00,0.00,22.00,20.00,482.00,440.00,Debit Card,Delivered
2025-09-24,SWG100458,Paneer Tikka,Starters,2,460.00,23.00,21.85,0.00,458.85,437.00,Cash,Delivered
2025-09-24,SWG100459,Veg Biryani,Biryani,1,180.00,27.00,7.65,30.00,190.65,153.00,UPI,Delivered
2025-09-24,SWG100460,Gulab Jamun,Desserts,1,90.00,0.00,4.50,20.00,114.50,90.00,UPI,Delivered
2025-09-24,SWG100461,Paneer Tikka,Starters,1,230.00,34.50,9.78,30.00,235.28,195.50,Debit Card,Delivered
2025-09-24,SWG100462,Chicken Tikka,Starters,1,260.00,39.00,11.05,0.00,232.05,221.00,Debit Card,Delivered
2025-09-24,SWG100463,Gulab Jamun,Desserts,2,180.00,9.00,8.55,40.00,219.55,171.00,Cash,Delivered
2025-09-24,SWG100464,Veg Biryani,Biryani,1,180.00,9.00,8.55,20.00,199.55,171.00,Cash,Delivered
2025-09-24,SWG100465,Chicken Biryani,Biryani,1,220.00,22.00,9.90,0.00,207.90,198.00,UPI,Delivered
2025-09-24,SWG100466,Paneer Tikka,Starters,2,460.00,46.00,20.70,0.00,434.70,414.00,Credit Card,Delivered
2025-09-24,SWG100467,Paneer Tikka,Starters,1,230.00,0.00,11.50,20.00,261.50,230.00,UPI,Delivered
2025-09-24,SWG100468,Chicken Biryani,Biryani,2,440.00,66.00,18.70,30.00,422.70,374.00,UPI,Delivered
2025-09-24,SWG100469,Gulab Jamun,Desserts,1,90.00,4.50,4.28,40.00,129.78,85.50,UPI,Delivered
2025-09-24,SWG100470,Paneer Tikka,Starters,1,230.00,11.50,10.93,20.00,249.43,218.50,Debit Card,Delivered
2025-09-24,SWG100471,Paneer Tikka,Starters,1,230.00,23.00,10.35,30.00,247.35,207.00,Credit Card,Delivered
2025-09-24,SWG100472,Paneer Butter Masala,Main Course,2,480.00,24.00,22.80,0.00,478.80,456.00,Credit Card,Delivered
2025-09-24,SWG100473,Fried Rice,Rice & Noodles,1,170.00,25.50,7.23,0.00,151.73,144.50,Credit Card,Delivered
2025-09-24,SWG100474,Fried Rice,Rice & Noodles,1,170.00,17.00,7.65,0.00,160.65,153.00,Debit Card,Delivered
2025-09-25,SWG100475,Chicken Biryani,Biryani,1,220.00,22.00,9.90,20.00,227.90,198.00,Credit Card,Delivered
2025-09-25,SWG100476,Chicken Tikka,Starters,1,260.00,0.00,13.00,30.00,303.00,260.00,Credit Card,Delivered
2025-09-25,SWG100477,Chicken Biryani,Biryani,3,660.00,99.00,28.05,20.00,609.05,561.00,UPI,Delivered
2025-09-25,SWG100478,Butter Naan,Breads,1,60.00,0.00,3.00,20.00,83.00,60.00,Cash,Delivered
2025-09-25,SWG100479,Chicken Tikka,Starters,1,260.00,0.00,13.00,30.00,303.00,260.00,UPI,Delivered
2025-09-25,SWG100480,Chicken Biryani,Biryani,3,660.00,33.00,31.35,40.00,698.35,627.00,UPI,Delivered
2025-09-25,SWG100481,Chicken Tikka,Starters,1,260.00,39.00,11.05,0.00,232.05,221.00,Cash,Delivered
2025-09-25,SWG100482,Paneer Tikka,Starters,1,230.00,34.50,9.78,40.00,245.28,195.50,Credit Card,Delivered
2025-09-25,SWG100483,Butter Naan,Breads,1,60.00,9.00,2.55,20.00,73.55,51.00,Credit Card,Delivered
2025-09-25,SWG100484,Masala Dosa,South Indian,1,140.00,21.00,5.95,0.00,124.95,119.00,Cash,Delivered
2025-09-25,SWG100485,Butter Naan,Breads,1,60.00,3.00,2.85,0.00,59.85,0.00,Debit Card,Cancelled
2025-09-25,SWG100486,Fried Rice,Rice & Noodles,1,170.00,25.50,7.23,30.00,181.73,144.50,Debit Card,Delivered
2025-09-25,SWG100487,Paneer Tikka,Starters,1,230.00,0.00,11.50,30.00,271.50,230.00,UPI,Delivered
2025-09-25,SWG100488,Masala Dosa,South Indian,1,140.00,21.00,5.95,30.00,154.95,119.00,Credit Card,Delivered
2025-09-25,SWG100489,Butter Naan,Breads,1,60.00,3.00,2.85,30.00,89.85,57.00,UPI,Delivered
2025-09-25,SWG100490,Veg Biryani,Biryani,1,180.00,27.00,7.65,30.00,190.65,153.00,Credit Card,Delivered
2025-09-25,SWG100491,Butter Naan,Breads,1,60.00,6.00,2.70,30.00,86.70,54.00,UPI,Delivered
2025-09-25,SWG100492,Chicken Tikka,Starters,2,520.00,26.00,24.70,20.00,538.70,494.00,Cash,Delivered
2025-09-25,SWG100493,Hakka Noodles,Rice & Noodles,1,180.00,27.00,7.65,0.00,160.65,153.00,Credit Card,Delivered
2025-09-25,SWG100494,Gulab Jamun,Desserts,1,90.00,13.50,3.83,0.00,80.33,76.50,Credit Card,Delivered
2025-09-26,SWG100495,Butter Naan,Breads,1,60.00,3.00,2.85,30.00,89.85,57.00,Credit Card,Delivered
2025-09-26,SWG100496,Gulab Jamun,Desserts,1,90.00,4.50,4.28,0.00,89.78,85.50,Debit Card,Delivered
2025-09-26,SWG100497,Paneer Butter Masala,Main Course,1,240.00,36.00,10.20,0.00,214.20,204.00,Debit Card,Delivered
2025-09-26,SWG100498,Butter Naan,Breads,3,180.00,27.00,7.65,40.00,200.65,153.00,Credit Card,Delivered
2025-09-26,SWG100499,Hakka Noodles,Rice & Noodles,1,180.00,18.00,8.10,20.00,190.10,162.00,Credit Card,Delivered
2025-09-26,SWG100500,Paneer Tikka,Starters,1,230.00,23.00,10.35,20.00,237.35,207.00,UPI,Delivered
2025-09-26,SWG100501,Gulab Jamun,Desserts,1,90.00,0.00,4.50,20.00,114.50,90.00,Credit Card,Delivered
2025-09-26,SWG100502,Gulab Jamun,Desserts,1,90.00,13.50,3.83,20.00,100.33,76.50,UPI,Delivered
2025-09-26,SWG100503,Veg Biryani,Biryani,1,180.00,18.00,8.10,20.00,190.10,162.00,UPI,Delivered
2025-09-26,SWG100504,Chicken Tikka,Starters,1,260.00,26.00,11.70,20.00,265.70,234.00,UPI,Delivered
2025-09-26,SWG100505,Chicken Tikka,Starters,1,260.00,0.00,13.00,0.00,273.00,260.00,Cash,Delivered
2025-09-26,SWG100506,Paneer Tikka,Starters,3,690.00,103.50,29.33,40.00,655.83,586.50,Debit Card,Delivered
2025-09-26,SWG100507,Hakka Noodles,Rice & Noodles,1,180.00,27.00,7.65,20.00,180.65,153.00,UPI,Delivered
2025-09-26,SWG100508,Chicken Biryani,Biryani,1,220.00,22.00,9.90,30.00,237.90,198.00,UPI,Delivered
2025-09-26,SWG100509,Chicken Tikka,Starters,1,260.00,39.00,11.05,20.00,252.05,221.00,UPI,Delivered
2025-09-26,SWG100510,Chicken Tikka,Starters,1,260.00,39.00,11.05,0.00,232.05,221.00,Credit Card,Delivered
2025-09-26,SWG100511,Gulab Jamun,Desserts,2,180.00,9.00,8.55,0.00,179.55,171.00,Credit Card,Delivered
2025-09-27,SWG100512,Hakka Noodles,Rice & Noodles,1,180.00,18.00,8.10,30.00,200.10,162.00,UPI,Delivered
2025-09-27,SWG100513,Chicken Biryani,Biryani,1,220.00,33.00,9.35,20.00,216.35,187.00,UPI,Delivered
2025-09-27,SWG100514,Paneer Tikka,Starters,1,230.00,34.50,9.78,20.00,225.28,195.50,Credit Card,Delivered
2025-09-27,SWG100515,Butter Naan,Breads,1,60.00,0.00,3.00,40.00,103.00,60.00,Debit Card,Delivered
2025-09-27,SWG100516,Paneer Tikka,Starters,1,230.00,23.00,10.35,0.00,217.35,207.00,Cash,Delivered
2025-09-27,SWG100517,Butter Naan,Breads,1,60.00,9.00,2.55,30.00,83.55,51.00,UPI,Delivered
2025-09-27,SWG100518,Masala Dosa,South Indian,1,140.00,14.00,6.30,20.00,152.30,126.00,UPI,Delivered
2025-09-27,SWG100519,Butter Naan,Breads,2,120.00,0.00,6.00,0.00,126.00,120.00,Cash,Delivered
2025-09-27,SWG100520,Gulab Jamun,Desserts,1,90.00,0.00,4.50,40.00,134.50,90.00,Cash,Delivered
2025-09-27,SWG100521,Hakka Noodles,Rice & Noodles,1,180.00,27.00,7.65,20.00,180.65,153.00,UPI,Delivered
2025-09-27,SWG100522,Paneer Tikka,Starters,2,460.00,0.00,23.00,20.00,503.00,460.00,Cash,Delivered
2025-09-27,SWG100523,Butter Naan,Breads,2,120.00,6.00,5.70,20.00,139.70,114.00,Credit Card,Delivered
2025-09-27,SWG100524,Chicken Biryani,Biryani,1,220.00,33.00,9.35,20.00,216.35,0.00,Credit Card,Cancelled
2025-09-27,SWG100525,Gulab Jamun,Desserts,1,90.00,0.00,4.50,0.00,94.50,90.00,Cash,Delivered
2025-09-27,SWG100526,Hakka Noodles,Rice & Noodles,1,180.00,18.00,8.10,40.00,210.10,162.00,UPI,Delivered
2025-09-27,SWG100527,Gulab Jamun,Desserts,1,90.00,13.50,3.83,0.00,80.33,76.50,Credit Card,Delivered
2025-09-27,SWG100528,Gulab Jamun,Desserts,1,90.00,0.00,4.50,0.00,94.50,90.00,UPI,Delivered
2025-09-27,SWG100529,Masala Dosa,South Indian,2,280.00,28.00,12.60,40.00,304.60,252.00,Cash,Delivered
2025-09-27,SWG100530,Gulab Jamun,Desserts,1,90.00,0.00,4.50,20.00,114.50,90.00,Credit Card,Delivered
2025-09-27,SWG100531,Gulab Jamun,Desserts,1,90.00,13.50,3.83,0.00,80.33,76.50,Debit Card,Delivered
2025-09-27,SWG100532,Veg Biryani,Biryani,1,180.00,27.00,7.65,30.00,190.65,153.00,UPI,Delivered
2025-09-27,SWG100533,Chicken Tikka,Starters,2,520.00,52.00,23.40,30.00,521.40,468.00,Cash,Delivered
2025-09-27,SWG100534,Paneer Butter Masala,Main Course,3,720.00,36.00,34.20,20.00,738.20,684.00,Cash,Delivered
2025-09-27,SWG100535,Chicken Tikka,Starters,1,260.00,39.00,11.05,0.00,232.05,221.00,Credit Card,Delivered
2025-09-27,SWG100536,Paneer Tikka,Starters,1,230.00,23.00,10.35,0.00,217.35,207.00,Credit Card,Delivered
2025-09-27,SWG100537,Paneer Butter Masala,Main Course,1,240.00,36.00,10.20,20.00,234.20,204.00,UPI,Delivered
2025-09-28,SWG100538,Butter Naan,Breads,1,60.00,3.00,2.85,0.00,59.85,57.00,Cash,Delivered
2025-09-28,SWG100539,Chicken Biryani,Biryani,2,440.00,22.00,20.90,30.00,468.90,418.00,Cash,Delivered
2025-09-28,SWG100540,Hakka Noodles,Rice & Noodles,1,180.00,0.00,9.00,0.00,189.00,180.00,Cash,Delivered
2025-09-28,SWG100541,Gulab Jamun,Desserts,1,90.00,13.50,3.83,30.00,110.33,76.50,Debit Card,Delivered
2025-09-28,SWG100542,Paneer Butter Masala,Main Course,1,240.00,36.00,10.20,0.00,214.20,204.00,Credit Card,Delivered
2025-09-28,SWG100543,Veg Biryani,Biryani,1,180.00,9.00,8.55,30.00,209.55,171.00,UPI,Delivered
2025-09-28,SWG100544,Chicken Biryani,Biryani,1,220.00,11.00,10.45,20.00,239.45,209.00,UPI,Delivered
2025-09-28,SWG100545,Veg Biryani,Biryani,1,180.00,18.00,8.10,30.00,200.10,162.00,Cash,Delivered
2025-09-28,SWG100546,Chicken Tikka,Starters,1,260.00,13.00,12.35,40.00,299.35,247.00,Cash,Delivered
2025-09-28,SWG100547,Gulab Jamun,Desserts,1,90.00,9.00,4.05,30.00,115.05,81.00,UPI,Delivered
2025-09-28,SWG100548,Fried Rice,Rice & Noodles,1,170.00,17.00,7.65,30.00,190.65,153.00,Debit Card,Delivered
2025-09-28,SWG100549,Masala Dosa,South Indian,1,140.00,7.00,6.65,0.00,139.65,133.00,Cash,Delivered
2025-09-28,SWG100550,Chicken Tikka,Starters,1,260.00,0.00,13.00,40.00,313.00,0.00,Debit Card,Cancelled
2025-09-28,SWG100551,Paneer Tikka,Starters,1,230.00,0.00,11.50,20.00,261.50,230.00,Credit Card,Delivered
2025-09-28,SWG100552,Hakka Noodles,Rice & Noodles,1,180.00,27.00,7.65,30.00,190.65,153.00,Credit Card,Delivered
2025-09-28,SWG100553,Hakka Noodles,Rice & Noodles,1,180.00,0.00,9.00,40.00,229.00,180.00,Debit Card,Delivered
2025-09-28,SWG100554,Hakka Noodles,Rice & Noodles,2,360.00,18.00,17.10,30.00,389.10,342.00,Credit Card,Delivered
2025-09-28,SWG100555,Chicken Tikka,Starters,1,260.00,26.00,11.70,40.00,285.70,234.00,Debit Card,Delivered
2025-09-28,SWG100556,Chicken Tikka,Starters,1,260.00,26.00,11.70,40.00,285.70,234.00,Cash,Delivered
2025-09-28,SWG100557,Chicken Biryani,Biryani,2,440.00,0.00,22.00,40.00,502.00,440.00,UPI,Delivered
2025-09-28,SWG100558,Paneer Tikka,Starters,1,230.00,34.50,9.78,0.00,205.28,195.50,Credit Card,Delivered
2025-09-29,SWG100559,Paneer Tikka,Starters,3,690.00,103.50,29.33,20.00,635.83,586.50,Credit Card,Delivered
2025-09-29,SWG100560,Paneer Butter Masala,Main Course,1,240.00,12.00,11.40,30.00,269.40,228.00,UPI,Delivered
2025-09-29,SWG100561,Fried Rice,Rice & Noodles,1,170.00,8.50,8.08,20.00,189.58,161.50,UPI,Delivered
2025-09-29,SWG100562,Butter Naan,Breads,1,60.00,9.00,2.55,40.00,93.55,51.00,Cash,Delivered
2025-09-29,SWG100563,Paneer Tikka,Starters,1,230.00,11.50,10.93,30.00,259.43,218.50,Debit Card,Delivered
2025-09-29,SWG100564,Hakka Noodles,Rice & Noodles,1,180.00,0.00,9.00,20.00,209.00,180.00,Debit Card,Delivered
2025-09-29,SWG100565,Masala Dosa,South Indian,1,140.00,21.00,5.95,30.00,154.95,119.00,UPI,Delivered
2025-09-29,SWG100566,Masala Dosa,South Indian,2,280.00,42.00,11.90,30.00,279.90,238.00,Credit Card,Delivered
2025-09-29,SWG100567,Chicken Tikka,Starters,3,780.00,117.00,33.15,30.00,726.15,663.00,Credit Card,Delivered
2025-09-29,SWG100568,Paneer Tikka,Starters,1,230.00,11.50,10.93,20.00,249.43,218.50,UPI,Delivered
2025-09-29,SWG100569,Gulab Jamun,Desserts,1,90.00,0.00,4.50,30.00,124.50,90.00,UPI,Delivered
2025-09-29,SWG100570,Paneer Tikka,Starters,2,460.00,46.00,20.70,0.00,434.70,414.00,UPI,Delivered
2025-09-29,SWG100571,Paneer Butter Masala,Main Course,1,240.00,0.00,12.00,0.00,252.00,240.00,Cash,Delivered
2025-09-29,SWG100572,Fried Rice,Rice & Noodles,1,170.00,17.00,7.65,40.00,200.65,153.00,Credit Card,Delivered
2025-09-29,SWG100573,Chicken Biryani,Biryani,1,220.00,0.00,11.00,30.00,261.00,220.00,Credit Card,Delivered
2025-09-29,SWG100574,Paneer Tikka,Starters,2,460.00,0.00,23.00,0.00,483.00,460.00,UPI,Delivered
2025-09-29,SWG100575,Fried Rice,Rice & Noodles,1,170.00,8.50,8.08,30.00,199.58,161.50,Credit Card,Delivered
2025-09-29,SWG100576,Chicken Tikka,Starters,1,260.00,26.00,11.70,20.00,265.70,234.00,Cash,Delivered
2025-09-29,SWG100577,Veg Biryani,Biryani,1,180.00,27.00,7.65,30.00,190.65,153.00,UPI,Delivered
2025-09-30,SWG100578,Paneer Butter Masala,Main Course,2,480.00,72.00,20.40,20.00,448.40,408.00,UPI,Delivered
2025-09-30,SWG100579,Paneer Butter Masala,Main Course,2,480.00,24.00,22.80,40.00,518.80,0.00,Debit Card,Cancelled
2025-09-30,SWG100580,Masala Dosa,South Indian,1,140.00,0.00,7.00,20.00,167.00,140.00,Debit Card,Delivered
2025-09-30,SWG100581,Chicken Tikka,Starters,2,520.00,52.00,23.40,40.00,531.40,468.00,UPI,Delivered
2025-09-30,SWG100582,Chicken Biryani,Biryani,1,220.00,11.00,10.45,20.00,239.45,209.00,Cash,Delivered
2025-09-30,SWG100583,Gulab Jamun,Desserts,1,90.00,0.00,4.50,30.00,124.50,90.00,Credit Card,Delivered
2025-09-30,SWG100584,Paneer Butter Masala,Main Course,1,240.00,36.00,10.20,30.00,244.20,204.00,Cash,Delivered
2025-09-30,SWG100585,Paneer Tikka,Starters,1,230.00,11.50,10.93,0.00,229.43,218.50,UPI,Delivered
2025-09-30,SWG100586,Butter Naan,Breads,1,60.00,9.00,2.55,40.00,93.55,51.00,Cash,Delivered
2025-09-30,SWG100587,Chicken Tikka,Starters,1,260.00,13.00,12.35,40.00,299.35,247.00,UPI,Delivered
2025-09-30,SWG100588,Paneer Tikka,Starters,1,230.00,0.00,11.50,30.00,271.50,230.00,UPI,Delivered
2025-09-30,SWG100589,Hakka Noodles,Rice & Noodles,2,360.00,18.00,17.10,30.00,389.10,342.00,UPI,Delivered
2025-09-30,SWG100590,Paneer Tikka,Starters,1,230.00,11.50,10.93,40.00,269.43,218.50,Cash,Delivered
2025-09-30,SWG100591,Butter Naan,Breads,2,120.00,0.00,6.00,0.00,126.00,120.00,Credit Card,Delivered
2025-09-30,SWG100592,Hakka Noodles,Rice & Noodles,2,360.00,54.00,15.30,20.00,341.30,306.00,Cash,Delivered
2025-09-30,SWG100593,Chicken Tikka,Starters,1,260.00,26.00,11.70,0.00,245.70,234.00,Cash,Delivered
2025-09-30,SWG100594,Paneer Tikka,Starters,2,460.00,0.00,23.00,40.00,523.00,460.00,Cash,Delivered
2025-09-30,SWG100595,Paneer Butter Masala,Main Course,2,480.00,72.00,20.40,30.00,458.40,408.00,Cash,Delivered
2025-09-30,SWG100596,Chicken Biryani,Biryani,1,220.00,33.00,9.35,0.00,196.35,187.00,UPI,Delivered
2025-09-30,SWG100597,Paneer Butter Masala,Main Course,2,480.00,48.00,21.60,20.00,473.60,432.00,Cash,Delivered
2025-10-01,SWG100598,Chicken Biryani,Biryani,2,440.00,66.00,18.70,30.00,422.70,374.00,Cash,Delivered
2025-10-01,SWG100599,Chicken Tikka,Starters,1,260.00,0.00,13.00,0.00,273.00,260.00,Credit Card,Delivered
2025-10-01,SWG100600,Chicken Biryani,Biryani,1,220.00,22.00,9.90,30.00,237.90,198.00,UPI,Delivered
2025-10-01,SWG100601,Butter Naan,Breads,1,60.00,9.00,2.55,0.00,53.55,51.00,Credit Card,Delivered
2025-10-01,SWG100602,Veg Biryani,Biryani,1,180.00,27.00,7.65,20.00,180.65,153.00,Credit Card,Delivered
2025-10-01,SWG100603,Chicken Tikka,Starters,1,260.00,39.00,11.05,0.00,232.05,221.00,UPI,Delivered
2025-10-01,SWG100604,Fried Rice,Rice & Noodles,1,170.00,8.50,8.08,40.00,209.58,161.50,UPI,Delivered
2025-10-01,SWG100605,Hakka Noodles,Rice & Noodles,2,360.00,54.00,15.30,20.00,341.30,306.00,Credit Card,Delivered
2025-10-01,SWG100606,Butter Naan,Breads,1,60.00,6.00,2.70,40.00,96.70,54.00,Credit Card,Delivered
2025-10-01,SWG100607,Masala Dosa,South Indian,1,140.00,14.00,6.30,30.00,162.30,126.00,Credit Card,Delivered
2025-10-01,SWG100608,Butter Naan,Breads,1,60.00,6.00,2.70,30.00,86.70,54.00,Credit Card,Delivered
2025-10-01,SWG100609,Veg Biryani,Biryani,1,180.00,18.00,8.10,30.00,200.10,162.00,Credit Card,Delivered
2025-10-01,SWG100610,Butter Naan,Breads,1,60.00,6.00,2.70,0.00,56.70,54.00,Cash,Delivered
2025-10-01,SWG100611,Gulab Jamun,Desserts,1,90.00,13.50,3.83,30.00,110.33,76.50,Cash,Delivered
2025-10-01,SWG100612,Chicken Biryani,Biryani,1,220.00,0.00,11.00,40.00,271.00,220.00,UPI,Delivered
2025-10-01,SWG100613,Veg Biryani,Biryani,1,180.00,9.00,8.55,30.00,209.55,171.00,Credit Card,Delivered
2025-10-01,SWG100614,Chicken Biryani,Biryani,1,220.00,22.00,9.90,20.00,227.90,198.00,UPI,Delivered
2025-10-01,SWG100615,Chicken Tikka,Starters,2,520.00,0.00,26.00,20.00,566.00,520.00,Cash,Delivered
2025-10-01,SWG100616,Veg Biryani,Biryani,1,180.00,18.00,8.10,0.00,170.10,162.00,Cash,Delivered
2025-10-01,SWG100617,Paneer Tikka,Starters,3,690.00,69.00,31.05,0.00,652.05,621.00,Debit Card,Delivered
2025-10-01,SWG100618,Veg Biryani,Biryani,1,180.00,27.00,7.65,20.00,180.65,153.00,Debit Card,Delivered
2025-10-02,SWG100619,Gulab Jamun,Desserts,1,90.00,4.50,4.28,20.00,109.78,85.50,Credit Card,Delivered
2025-10-02,SWG100620,Paneer Butter Masala,Main Course,1,240.00,12.00,11.40,0.00,239.40,228.00,Cash,Delivered
2025-10-02,SWG100621,Masala Dosa,South Indian,1,140.00,7.00,6.65,20.00,159.65,133.00,Debit Card,Delivered
2025-10-02,SWG100622,Chicken Biryani,Biryani,1,220.00,11.00,10.45,0.00,219.45,209.00,Debit Card,Delivered
2025-10-02,SWG100623,Gulab Jamun,Desserts,1,90.00,9.00,4.05,40.00,125.05,81.00,Debit Card,Delivered
2025-10-02,SWG100624,Paneer Butter Masala,Main Course,2,480.00,48.00,21.60,20.00,473.60,432.00,UPI,Delivered
2025-10-02,SWG100625,Hakka Noodles,Rice & Noodles,1,180.00,27.00,7.65,0.00,160.65,153.00,Credit Card,Delivered
2025-10-02,SWG100626,Chicken Tikka,Starters,1,260.00,26.00,11.70,20.00,265.70,234.00,Cash,Delivered
2025-10-02,SWG100627,Hakka Noodles,Rice & Noodles,2,360.00,0.00,18.00,0.00,378.00,360.00,Cash,Delivered
2025-10-02,SWG100628,Veg Biryani,Biryani,2,360.00,18.00,17.10,0.00,359.10,342.00,Debit Card,Delivered
2025-10-02,SWG100629,Paneer Tikka,Starters,2,460.00,0.00,23.00,40.00,523.00,460.00,Debit Card,Delivered
2025-10-02,SWG100630,Chicken Biryani,Biryani,2,440.00,44.00,19.80,40.00,455.80,396.00,Debit Card,Delivered
2025-10-02,SWG100631,Veg Biryani,Biryani,1,180.00,0.00,9.00,0.00,189.00,180.00,UPI,Delivered
2025-10-02,SWG100632,Paneer Butter Masala,Main Course,1,240.00,12.00,11.40,40.00,279.40,228.00,Credit Card,Delivered
2025-10-02,SWG100633,Hakka Noodles,Rice & Noodles,2,360.00,54.00,15.30,0.00,321.30,306.00,Credit Card,Delivered
2025-10-02,SWG100634,Chicken Biryani,Biryani,1,220.00,22.00,9.90,0.00,207.90,198.00,UPI,Delivered
2025-10-03,SWG100635,Paneer Butter Masala,Main Course,1,240.00,12.00,11.40,30.00,269.40,228.00,Cash,Delivered
2025-10-03,SWG100636,Paneer Tikka,Starters,1,230.00,0.00,11.50,40.00,281.50,230.00,UPI,Delivered
2025-10-03,SWG100637,Gulab Jamun,Desserts,1,90.00,0.00,4.50,0.00,94.50,90.00,UPI,Delivered
2025-10-03,SWG100638,Masala Dosa,South Indian,2,280.00,28.00,12.60,0.00,264.60,252.00,Cash,Delivered
2025-10-03,SWG100639,Paneer Tikka,Starters,1,230.00,0.00,11.50,40.00,281.50,230.00,Credit Card,Delivered
2025-10-03,SWG100640,Butter Naan,Breads,1,60.00,6.00,2.70,20.00,76.70,54.00,Debit Card,Delivered
2025-10-03,SWG100641,Chicken Biryani,Biryani,1,220.00,11.00,10.45,0.00,219.45,209.00,Cash,Delivered
2025-10-03,SWG100642,Hakka Noodles,Rice & Noodles,1,180.00,0.00,9.00,30.00,219.00,180.00,Debit Card,Delivered
2025-10-03,SWG100643,Veg Biryani,Biryani,1,180.00,9.00,8.55,20.00,199.55,171.00,Debit Card,Delivered
2025-10-03,SWG100644,Veg Biryani,Biryani,1,180.00,0.00,9.00,40.00,229.00,180.00,UPI,Delivered
2025-10-03,SWG100645,Masala Dosa,South Indian,1,140.00,14.00,6.30,0.00,132.30,126.00,Cash,Delivered
2025-10-03,SWG100646,Chicken Tikka,Starters,1,260.00,13.00,12.35,0.00,259.35,247.00,UPI,Delivered
2025-10-03,SWG100647,Veg Biryani,Biryani,1,180.00,27.00,7.65,30.00,190.65,153.00,Debit Card,Delivered
2025-10-03,SWG100648,Gulab Jamun,Desserts,1,90.00,9.00,4.05,30.00,115.05,81.00,Credit Card,Delivered
2025-10-03,SWG100649,Chicken Biryani,Biryani,1,220.00,11.00,10.45,40.00,259.45,209.00,Debit Card,Delivered
2025-10-03,SWG100650,Butter Naan,Breads,1,60.00,6.00,2.70,40.00,96.70,54.00,Debit Card,Delivered
2025-10-03,SWG100651,Masala Dosa,South Indian,1,140.00,0.00,7.00,20.00,167.00,140.00,UPI,Delivered
2025-10-03,SWG100652,Masala Dosa,South Indian,2,280.00,14.00,13.30,20.00,299.30,266.00,UPI,Delivered
2025-10-03,SWG100653,Paneer Butter Masala,Main Course,2,480.00,0.00,24.00,40.00,544.00,480.00,Credit Card,Delivered
2025-10-03,SWG100654,Chicken Biryani,Biryani,1,220.00,33.00,9.35,20.00,216.35,187.00,Credit Card,Delivered
2025-10-03,SWG100655,Gulab Jamun,Desserts,1,90.00,9.00,4.05,20.00,105.05,81.00,UPI,Delivered
2025-10-03,SWG100656,Paneer Tikka,Starters,1,230.00,0.00,11.50,20.00,261.50,230.00,Credit Card,Delivered
2025-10-03,SWG100657,Hakka Noodles,Rice & Noodles,1,180.00,9.00,8.55,20.00,199.55,171.00,Credit Card,Delivered
2025-10-04,SWG100658,Fried Rice,Rice & Noodles,2,340.00,0.00,17.00,20.00,377.00,340.00,Credit Card,Delivered
2025-10-04,SWG100659,Paneer Butter Masala,Main Course,1,240.00,12.00,11.40,0.00,239.40,228.00,Debit Card,Delivered
2025-10-04,SWG100660,Paneer Tikka,Starters,1,230.00,34.50,9.78,0.00,205.28,195.50,Debit Card,Delivered
2025-10-04,SWG100661,Paneer Butter Masala,Main Course,1,240.00,24.00,10.80,30.00,256.80,216.00,Credit Card,Delivered
2025-10-04,SWG100662,Paneer Tikka,Starters,1,230.00,23.00,10.35,0.00,217.35,207.00,Cash,Delivered
2025-10-04,SWG100663,Veg Biryani,Biryani,1,180.00,18.00,8.10,30.00,200.10,162.00,Cash,Delivered
2025-10-04,SWG100664,Gulab Jamun,Desserts,1,90.00,4.50,4.28,40.00,129.78,85.50,UPI,Delivered
2025-10-04,SWG100665,Hakka Noodles,Rice & Noodles,1,180.00,9.00,8.55,20.00,199.55,171.00,Debit Card,Delivered
2025-10-04,SWG100666,Gulab Jamun,Desserts,1,90.00,0.00,4.50,20.00,114.50,90.00,Debit Card,Delivered
2025-10-04,SWG100667,Paneer Butter Masala,Main Course,1,240.00,36.00,10.20,40.00,254.20,204.00,Credit Card,Delivered
2025-10-04,SWG100668,Paneer Tikka,Starters,1,230.00,0.00,11.50,20.00,261.50,230.00,Credit Card,Delivered
2025-10-04,SWG100669,Butter Naan,Breads,1,60.00,0.00,3.00,20.00,83.00,60.00,Debit Card,Delivered
2025-10-04,SWG100670,Butter Naan,Breads,1,60.00,9.00,2.55,0.00,53.55,51.00,Debit Card,Delivered
2025-10-04,SWG100671,Paneer Butter Masala,Main Course,1,240.00,36.00,10.20,40.00,254.20,204.00,Cash,Delivered
2025-10-04,SWG100672,Gulab Jamun,Desserts,1,90.00,4.50,4.28,30.00,119.78,85.50,Debit Card,Delivered
2025-10-04,SWG100673,Fried Rice,Rice & Noodles,1,170.00,0.00,8.50,20.00,198.50,170.00,Credit Card,Delivered
2025-10-04,SWG100674,Paneer Butter Masala,Main Course,1,240.00,36.00,10.20,20.00,234.20,204.00,Credit Card,Delivered
2025-10-04,SWG100675,Fried Rice,Rice & Noodles,2,340.00,0.00,17.00,0.00,357.00,340.00,Credit Card,Delivered
2025-10-04,SWG100676,Gulab Jamun,Desserts,1,90.00,0.00,4.50,40.00,134.50,90.00,Debit Card,Delivered
2025-10-04,SWG100677,Chicken Biryani,Biryani,1,220.00,33.00,9.35,20.00,216.35,187.00,Cash,Delivered
2025-10-04,SWG100678,Paneer Tikka,Starters,1,230.00,0.00,11.50,40.00,281.50,230.00,Cash,Delivered
2025-10-04,SWG100679,Veg Biryani,Biryani,2,360.00,0.00,18.00,30.00,408.00,360.00,Cash,Delivered
2025-10-04,SWG100680,Masala Dosa,South Indian,1,140.00,0.00,7.00,0.00,147.00,140.00,Cash,Delivered
2025-10-04,SWG100681,Veg Biryani,Biryani,1,180.00,18.00,8.10,40.00,210.10,162.00,Credit Card,Delivered
2025-10-04,SWG100682,Paneer Tikka,Starters,1,230.00,23.00,10.35,30.00,247.35,207.00,Cash,Delivered
2025-10-05,SWG100683,Paneer Tikka,Starters,2,460.00,69.00,19.55,40.00,450.55,391.00,Cash,Delivered
2025-10-05,SWG100684,Masala Dosa,South Indian,3,420.00,42.00,18.90,40.00,436.90,378.00,UPI,Delivered
2025-10-05,SWG100685,Veg Biryani,Biryani,1,180.00,9.00,8.55,0.00,179.55,171.00,Cash,Delivered
2025-10-05,SWG100686,Chicken Tikka,Starters,2,520.00,0.00,26.00,20.00,566.00,520.00,UPI,Delivered
2025-10-05,SWG100687,Paneer Butter Masala,Main Course,2,480.00,72.00,20.40,40.00,468.40,408.00,Debit Card,Delivered
2025-10-05,SWG100688,Veg Biryani,Biryani,1,180.00,0.00,9.00,40.00,229.00,180.00,Cash,Delivered
2025-10-05,SWG100689,Gulab Jamun,Desserts,1,90.00,9.00,4.05,0.00,85.05,81.00,Credit Card,Delivered
2025-10-05,SWG100690,Fried Rice,Rice & Noodles,1,170.00,8.50,8.08,30.00,199.58,161.50,Credit Card,Delivered
2025-10-05,SWG100691,Gulab Jamun,Desserts,1,90.00,0.00,4.50,30.00,124.50,90.00,UPI,Delivered
2025-10-05,SWG100692,Butter Naan,Breads,1,60.00,6.00,2.70,40.00,96.70,54.00,Cash,Delivered
2025-10-05,SWG100693,Paneer Tikka,Starters,1,230.00,0.00,11.50,0.00,241.50,230.00,Debit Card,Delivered
2025-10-05,SWG100694,Hakka Noodles,Rice & Noodles,2,360.00,36.00,16.20,30.00,370.20,324.00,Debit Card,Delivered
2025-10-05,SWG100695,Veg Biryani,Biryani,1,180.00,9.00,8.55,40.00,219.55,171.00,UPI,Delivered
2025-10-05,SWG100696,Masala Dosa,South Indian,1,140.00,0.00,7.00,0.00,147.00,140.00,Debit Card,Delivered
2025-10-05,SWG100697,Paneer Butter Masala,Main Course,2,480.00,48.00,21.60,30.00,483.60,432.00,Cash,Delivered
2025-10-05,SWG100698,Gulab Jamun,Desserts,1,90.00,4.50,4.28,30.00,119.78,85.50,Cash,Delivered
2025-10-05,SWG100699,Fried Rice,Rice & Noodles,2,340.00,0.00,17.00,40.00,397.00,340.00,UPI,Delivered
2025-10-06,SWG100700,Paneer Tikka,Starters,1,230.00,11.50,10.93,20.00,249.43,218.50,Cash,Delivered
2025-10-06,SWG100701,Chicken Tikka,Starters,1,260.00,0.00,13.00,30.00,303.00,260.00,UPI,Delivered
2025-10-06,SWG100702,Paneer Tikka,Starters,1,230.00,23.00,10.35,0.00,217.35,207.00,Credit Card,Delivered
2025-10-06,SWG100703,Fried Rice,Rice & Noodles,1,170.00,8.50,8.08,30.00,199.58,161.50,Credit Card,Delivered
2025-10-06,SWG100704,Fried Rice,Rice & Noodles,1,170.00,8.50,8.08,20.00,189.58,161.50,Credit Card,Delivered
2025-10-06,SWG100705,Veg Biryani,Biryani,1,180.00,9.00,8.55,30.00,209.55,171.00,UPI,Delivered
2025-10-06,SWG100706,Paneer Butter Masala,Main Course,2,480.00,72.00,20.40,0.00,428.40,408.00,UPI,Delivered
2025-10-06,SWG100707,Fried Rice,Rice & Noodles,1,170.00,17.00,7.65,40.00,200.65,153.00,Debit Card,Delivered
2025-10-06,SWG100708,Fried Rice,Rice & Noodles,1,170.00,17.00,7.65,40.00,200.65,153.00,Credit Card,Delivered
2025-10-06,SWG100709,Chicken Biryani,Biryani,1,220.00,33.00,9.35,40.00,236.35,187.00,UPI,Delivered
2025-10-06,SWG100710,Hakka Noodles,Rice & Noodles,1,180.00,9.00,8.55,40.00,219.55,0.00,Cash,Cancelled
2025-10-06,SWG100711,Chicken Tikka,Starters,1,260.00,0.00,13.00,20.00,293.00,260.00,UPI,Delivered
2025-10-06,SWG100712,Chicken Tikka,Starters,1,260.00,26.00,11.70,20.00,265.70,234.00,Credit Card,Delivered
2025-10-06,SWG100713,Masala Dosa,South Indian,1,140.00,14.00,6.30,30.00,162.30,126.00,Cash,Delivered
2025-10-06,SWG100714,Veg Biryani,Biryani,1,180.00,18.00,8.10,30.00,200.10,162.00,Debit Card,Delivered
2025-10-07,SWG100715,Gulab Jamun,Desserts,1,90.00,0.00,4.50,30.00,124.50,90.00,Cash,Delivered
2025-10-07,SWG100716,Paneer Tikka,Starters,1,230.00,11.50,10.93,40.00,269.43,218.50,Credit Card,Delivered
2025-10-07,SWG100717,Paneer Tikka,Starters,1,230.00,23.00,10.35,40.00,257.35,207.00,UPI,Delivered
2025-10-07,SWG100718,Paneer Tikka,Starters,1,230.00,11.50,10.93,0.00,229.43,218.50,Debit Card,Delivered
2025-10-07,SWG100719,Fried Rice,Rice & Noodles,2,340.00,0.00,17.00,40.00,397.00,340.00,Debit Card,Delivered
2025-10-07,SWG100720,Chicken Tikka,Starters,1,260.00,26.00,11.70,30.00,275.70,234.00,UPI,Delivered
2025-10-07,SWG100721,Chicken Tikka,Starters,2,520.00,26.00,24.70,20.00,538.70,0.00,Debit Card,Cancelled
2025-10-07,SWG100722,Chicken Tikka,Starters,1,260.00,39.00,11.05,40.00,272.05,221.00,Cash,Delivered
2025-10-07,SWG100723,Gulab Jamun,Desserts,1,90.00,4.50,4.28,20.00,109.78,85.50,Debit Card,Delivered
2025-10-07,SWG100724,Paneer Tikka,Starters,1,230.00,34.50,9.78,0.00,205.28,195.50,Debit Card,Delivered
2025-10-07,SWG100725,Veg Biryani,Biryani,1,180.00,18.00,8.10,30.00,200.10,162.00,Cash,Delivered
2025-10-07,SWG100726,Masala Dosa,South Indian,2,280.00,28.00,12.60,40.00,304.60,252.00,Credit Card,Delivered
2025-10-07,SWG100727,Chicken Biryani,Biryani,1,220.00,11.00,10.45,30.00,249.45,209.00,UPI,Delivered
2025-10-08,SWG100728,Veg Biryani,Biryani,1,180.00,0.00,9.00,0.00,189.00,180.00,Cash,Delivered
2025-10-08,SWG100729,Hakka Noodles,Rice & Noodles,1,180.00,27.00,7.65,0.00,160.65,153.00,Credit Card,Delivered
2025-10-08,SWG100730,Paneer Butter Masala,Main Course,1,240.00,36.00,10.20,30.00,244.20,204.00,Debit Card,Delivered
2025-10-08,SWG100731,Fried Rice,Rice & Noodles,1,170.00,8.50,8.08,20.00,189.58,161.50,Debit Card,Delivered
2025-10-08,SWG100732,Chicken Tikka,Starters,2,520.00,78.00,22.10,30.00,494.10,442.00,Credit Card,Delivered
2025-10-08,SWG100733,Hakka Noodles,Rice & Noodles,1,180.00,27.00,7.65,40.00,200.65,153.00,Debit Card,Delivered
2025-10-08,SWG100734,Chicken Tikka,Starters,1,260.00,13.00,12.35,0.00,259.35,247.00,Debit Card,Delivered
2025-10-08,SWG100735,Paneer Tikka,Starters,1,230.00,23.00,10.35,0.00,217.35,207.00,Credit Card,Delivered
2025-10-08,SWG100736,Chicken Tikka,Starters,1,260.00,0.00,13.00,40.00,313.00,260.00,Cash,Delivered
2025-10-08,SWG100737,Masala Dosa,South Indian,1,140.00,21.00,5.95,30.00,154.95,119.00,UPI,Delivered
2025-10-08,SWG100738,Hakka Noodles,Rice & Noodles,1,180.00,27.00,7.65,40.00,200.65,153.00,Credit Card,Delivered
2025-10-08,SWG100739,Paneer Tikka,Starters,2,460.00,23.00,21.85,30.00,488.85,437.00,Credit Card,Delivered
2025-10-08,SWG100740,Hakka Noodles,Rice & Noodles,2,360.00,36.00,16.20,30.00,370.20,324.00,Debit Card,Delivered
2025-10-08,SWG100741,Paneer Tikka,Starters,1,230.00,0.00,11.50,20.00,261.50,230.00,UPI,Delivered
2025-10-08,SWG100742,Fried Rice,Rice & Noodles,1,170.00,17.00,7.65,40.00,200.65,153.00,UPI,Delivered
2025-10-08,SWG100743,Butter Naan,Breads,1,60.00,0.00,3.00,20.00,83.00,0.00,Debit Card,Cancelled
2025-10-08,SWG100744,Masala Dosa,South Indian,1,140.00,21.00,5.95,0.00,124.95,119.00,Credit Card,Delivered
2025-10-08,SWG100745,Chicken Biryani,Biryani,1,220.00,22.00,9.90,40.00,247.90,198.00,Cash,Delivered
2025-10-08,SWG100746,Chicken Tikka,Starters,1,260.00,0.00,13.00,30.00,303.00,260.00,Credit Card,Delivered
2025-10-09,SWG100747,Paneer Butter Masala,Main Course,1,240.00,12.00,11.40,20.00,259.40,228.00,Debit Card,Delivered
2025-10-09,SWG100748,Paneer Tikka,Starters,2,460.00,0.00,23.00,20.00,503.00,460.00,Cash,Delivered
2025-10-09,SWG100749,Veg Biryani,Biryani,1,180.00,0.00,9.00,20.00,209.00,180.00,UPI,Delivered
2025-10-09,SWG100750,Hakka Noodles,Rice & Noodles,1,180.00,9.00,8.55,40.00,219.55,171.00,Debit Card,Delivered
2025-10-09,SWG100751,Chicken Tikka,Starters,1,260.00,0.00,13.00,0.00,273.00,260.00,Debit Card,Delivered
2025-10-09,SWG100752,Veg Biryani,Biryani,1,180.00,0.00,9.00,20.00,209.00,0.00,Credit Card,Cancelled
2025-10-09,SWG100753,Paneer Tikka,Starters,1,230.00,11.50,10.93,30.00,259.43,218.50,Cash,Delivered
2025-10-09,SWG100754,Veg Biryani,Biryani,1,180.00,0.00,9.00,40.00,229.00,180.00,Credit Card,Delivered
2025-10-09,SWG100755,Chicken Tikka,Starters,2,520.00,26.00,24.70,20.00,538.70,494.00,Debit Card,Delivered
2025-10-09,SWG100756,Chicken Biryani,Biryani,1,220.00,11.00,10.45,0.00,219.45,209.00,Credit Card,Delivered
2025-10-09,SWG100757,Chicken Tikka,Starters,3,780.00,78.00,35.10,40.00,777.10,702.00,UPI,Delivered
2025-10-09,SWG100758,Paneer Tikka,Starters,1,230.00,11.50,10.93,30.00,259.43,218.50,Cash,Delivered
2025-10-09,SWG100759,Fried Rice,Rice & Noodles,1,170.00,25.50,7.23,20.00,171.73,144.50,Debit Card,Delivered
2025-10-09,SWG100760,Chicken Tikka,Starters,1,260.00,26.00,11.70,20.00,265.70,234.00,Credit Card,Delivered
2025-10-09,SWG100761,Fried Rice,Rice & Noodles,1,170.00,17.00,7.65,30.00,190.65,153.00,Cash,Delivered
2025-10-09,SWG100762,Butter Naan,Breads,2,120.00,12.00,5.40,20.00,133.40,108.00,UPI,Delivered
2025-10-09,SWG100763,Hakka Noodles,Rice & Noodles,2,360.00,18.00,17.10,40.00,399.10,342.00,Credit Card,Delivered
2025-10-09,SWG100764,Gulab Jamun,Desserts,1,90.00,13.50,3.83,30.00,110.33,76.50,UPI,Delivered
2025-10-09,SWG100765,Chicken Biryani,Biryani,2,440.00,22.00,20.90,20.00,458.90,418.00,Credit Card,Delivered
2025-10-09,SWG100766,Paneer Butter Masala,Main Course,1,240.00,0.00,12.00,0.00,252.00,240.00,Cash,Delivered
2025-10-09,SWG100767,Fried Rice,Rice & Noodles,1,170.00,17.00,7.65,0.00,160.65,153.00,UPI,Delivered
2025-10-09,SWG100768,Chicken Biryani,Biryani,2,440.00,22.00,20.90,40.00,478.90,418.00,UPI,Delivered
2025-10-09,SWG100769,Fried Rice,Rice & Noodles,2,340.00,0.00,17.00,30.00,387.00,340.00,Cash,Delivered
2025-10-09,SWG100770,Chicken Tikka,Starters,2,520.00,0.00,26.00,30.00,576.00,520.00,UPI,Delivered
2025-10-10,SWG100771,Masala Dosa,South Indian,1,140.00,7.00,6.65,0.00,139.65,133.00,Credit Card,Delivered
2025-10-10,SWG100772,Hakka Noodles,Rice & Noodles,1,180.00,9.00,8.55,20.00,199.55,171.00,Credit Card,Delivered
2025-10-10,SWG100773,Hakka Noodles,Rice & Noodles,1,180.00,27.00,7.65,0.00,160.65,153.00,Debit Card,Delivered
2025-10-10,SWG100774,Fried Rice,Rice & Noodles,1,170.00,25.50,7.23,0.00,151.73,144.50,Credit Card,Delivered
2025-10-10,SWG100775,Hakka Noodles,Rice & Noodles,1,180.00,18.00,8.10,20.00,190.10,162.00,Cash,Delivered
2025-10-10,SWG100776,Chicken Tikka,Starters,2,520.00,52.00,23.40,30.00,521.40,468.00,Cash,Delivered
2025-10-10,SWG100777,Chicken Tikka,Starters,1,260.00,13.00,12.35,40.00,299.35,247.00,Debit Card,Delivered
2025-10-10,SWG100778,Chicken Tikka,Starters,3,780.00,117.00,33.15,40.00,736.15,663.00,UPI,Delivered
2025-10-10,SWG100779,Masala Dosa,South Indian,1,140.00,7.00,6.65,30.00,169.65,133.00,Credit Card,Delivered
2025-10-10,SWG100780,Veg Biryani,Biryani,2,360.00,0.00,18.00,30.00,408.00,360.00,Credit Card,Delivered
2025-10-10,SWG100781,Paneer Butter Masala,Main Course,1,240.00,24.00,10.80,20.00,246.80,216.00,Debit Card,Delivered
2025-10-10,SWG100782,Gulab Jamun,Desserts,1,90.00,9.00,4.05,30.00,115.05,81.00,Cash,Delivered
2025-10-10,SWG100783,Gulab Jamun,Desserts,2,180.00,0.00,9.00,30.00,219.00,180.00,Credit Card,Delivered
2025-10-10,SWG100784,Fried Rice,Rice & Noodles,2,340.00,0.00,17.00,30.00,387.00,340.00,Cash,Delivered
2025-10-10,SWG100785,Paneer Butter Masala,Main Course,2,480.00,48.00,21.60,30.00,483.60,432.00,Cash,Delivered
2025-10-10,SWG100786,Paneer Tikka,Starters,2,460.00,0.00,23.00,20.00,503.00,460.00,UPI,Delivered
2025-10-10,SWG100787,Paneer Tikka,Starters,1,230.00,0.00,11.50,30.00,271.50,230.00,Credit Card,Delivered
2025-10-10,SWG100788,Chicken Tikka,Starters,1,260.00,13.00,12.35,20.00,279.35,247.00,Cash,Delivered
2025-10-10,SWG100789,Fried Rice,Rice & Noodles,2,340.00,0.00,17.00,20.00,377.00,340.00,Cash,Delivered
2025-10-10,SWG100790,Butter Naan,Breads,1,60.00,0.00,3.00,40.00,103.00,60.00,UPI,Delivered
2025-10-10,SWG100791,Hakka Noodles,Rice & Noodles,1,180.00,0.00,9.00,40.00,229.00,180.00,Credit Card,Delivered
2025-10-10,SWG100792,Butter Naan,Breads,1,60.00,3.00,2.85,40.00,99.85,57.00,Credit Card,Delivered
2025-10-10,SWG100793,Hakka Noodles,Rice & Noodles,1,180.00,9.00,8.55,20.00,199.55,171.00,Cash,Delivered
2025-10-10,SWG100794,Chicken Tikka,Starters,1,260.00,0.00,13.00,0.00,273.00,260.00,Cash,Delivered
2025-10-11,SWG100795,Chicken Tikka,Starters,1,260.00,0.00,13.00,30.00,303.00,260.00,Debit Card,Delivered
2025-10-11,SWG100796,Gulab Jamun,Desserts,2,180.00,27.00,7.65,20.00,180.65,153.00,Credit Card,Delivered
2025-10-11,SWG100797,Veg Biryani,Biryani,1,180.00,9.00,8.55,0.00,179.55,171.00,UPI,Delivered
2025-10-11,SWG100798,Veg Biryani,Biryani,2,360.00,18.00,17.10,30.00,389.10,342.00,UPI,Delivered
2025-10-11,SWG100799,Masala Dosa,South Indian,1,140.00,0.00,7.00,30.00,177.00,140.00,Credit Card,Delivered
2025-10-11,SWG100800,Veg Biryani,Biryani,1,180.00,18.00,8.10,40.00,210.10,162.00,Credit Card,Delivered
2025-10-11,SWG100801,Chicken Biryani,Biryani,1,220.00,0.00,11.00,30.00,261.00,220.00,Debit Card,Delivered
2025-10-11,SWG100802,Veg Biryani,Biryani,2,360.00,36.00,16.20,0.00,340.20,324.00,UPI,Delivered
2025-10-11,SWG100803,Paneer Butter Masala,Main Course,1,240.00,24.00,10.80,30.00,256.80,216.00,UPI,Delivered
2025-10-11,SWG100804,Masala Dosa,South Indian,2,280.00,42.00,11.90,20.00,269.90,0.00,UPI,Cancelled
2025-10-11,SWG100805,Chicken Tikka,Starters,1,260.00,0.00,13.00,20.00,293.00,260.00,Cash,Delivered
2025-10-11,SWG100806,Hakka Noodles,Rice & Noodles,2,360.00,0.00,18.00,0.00,378.00,360.00,Debit Card,Delivered
2025-10-11,SWG100807,Chicken Tikka,Starters,1,260.00,13.00,12.35,0.00,259.35,247.00,Debit Card,Delivered
2025-10-11,SWG100808,Chicken Tikka,Starters,1,260.00,13.00,12.35,30.00,289.35,247.00,Debit Card,Delivered
2025-10-11,SWG100809,Paneer Tikka,Starters,2,460.00,0.00,23.00,30.00,513.00,460.00,Debit Card,Delivered
2025-10-11,SWG100810,Paneer Tikka,Starters,1,230.00,0.00,11.50,40.00,281.50,230.00,Credit Card,Delivered
2025-10-11,SWG100811,Paneer Tikka,Starters,1,230.00,11.50,10.93,40.00,269.43,0.00,Debit Card,Cancelled
2025-10-11,SWG100812,Fried Rice,Rice & Noodles,1,170.00,8.50,8.08,20.00,189.58,161.50,Credit Card,Delivered
2025-10-11,SWG100813,Butter Naan,Breads,1,60.00,3.00,2.85,40.00,99.85,0.00,Credit Card,Cancelled
2025-10-11,SWG100814,Gulab Jamun,Desserts,2,180.00,18.00,8.10,0.00,170.10,162.00,UPI,Delivered
2025-10-12,SWG100815,Butter Naan,Breads,1,60.00,3.00,2.85,0.00,59.85,57.00,Cash,Delivered
2025-10-12,SWG100816,Paneer Tikka,Starters,1,230.00,23.00,10.35,20.00,237.35,207.00,UPI,Delivered
2025-10-12,SWG100817,Butter Naan,Breads,1,60.00,6.00,2.70,20.00,76.70,54.00,Credit Card,Delivered
2025-10-12,SWG100818,Chicken Biryani,Biryani,1,220.00,33.00,9.35,20.00,216.35,187.00,Cash,Delivered
2025-10-12,SWG100819,Chicken Tikka,Starters,1,260.00,39.00,11.05,40.00,272.05,221.00,Credit Card,Delivered
2025-10-12,SWG100820,Veg Biryani,Biryani,1,180.00,27.00,7.65,0.00,160.65,153.00,Cash,Delivered
2025-10-12,SWG100821,Veg Biryani,Biryani,1,180.00,9.00,8.55,20.00,199.55,171.00,Cash,Delivered
2025-10-12,SWG100822,Gulab Jamun,Desserts,1,90.00,9.00,4.05,40.00,125.05,81.00,Cash,Delivered
2025-10-12,SWG100823,Paneer Tikka,Starters,2,460.00,69.00,19.55,30.00,440.55,391.00,UPI,Delivered
2025-10-12,SWG100824,Hakka Noodles,Rice & Noodles,1,180.00,27.00,7.65,0.00,160.65,153.00,Credit Card,Delivered
2025-10-12,SWG100825,Hakka Noodles,Rice & Noodles,1,180.00,0.00,9.00,40.00,229.00,180.00,UPI,Delivered
2025-10-12,SWG100826,Veg Biryani,Biryani,1,180.00,27.00,7.65,30.00,190.65,153.00,Debit Card,Delivered
2025-10-12,SWG100827,Fried Rice,Rice & Noodles,1,170.00,17.00,7.65,0.00,160.65,153.00,Credit Card,Delivered
2025-10-12,SWG100828,Fried Rice,Rice & Noodles,2,340.00,51.00,14.45,0.00,303.45,289.00,UPI,Delivered
2025-10-12,SWG100829,Butter Naan,Breads,2,120.00,6.00,5.70,40.00,159.70,114.00,Cash,Delivered
2025-10-12,SWG100830,Chicken Biryani,Biryani,1,220.00,11.00,10.45,40.00,259.45,209.00,Debit Card,Delivered
2025-10-12,SWG100831,Butter Naan,Breads,1,60.00,0.00,3.00,0.00,63.00,60.00,Cash,Delivered
2025-10-12,SWG100832,Chicken Tikka,Starters,1,260.00,39.00,11.05,20.00,252.05,221.00,Cash,Delivered
2025-10-12,SWG100833,Chicken Biryani,Biryani,2,440.00,44.00,19.80,20.00,435.80,396.00,Credit Card,Delivered
2025-10-12,SWG100834,Butter Naan,Breads,2,120.00,0.00,6.00,40.00,166.00,120.00,Cash,Delivered
2025-10-12,SWG100835,Masala Dosa,South Indian,1,140.00,0.00,7.00,20.00,167.00,140.00,UPI,Delivered
2025-10-12,SWG100836,Gulab Jamun,Desserts,2,180.00,0.00,9.00,40.00,229.00,180.00,Cash,Delivered
2025-10-12,SWG100837,Hakka Noodles,Rice & Noodles,2,360.00,54.00,15.30,20.00,341.30,306.00,Cash,Delivered
2025-10-12,SWG100838,Fried Rice,Rice & Noodles,1,170.00,0.00,8.50,0.00,178.50,170.00,Debit Card,Delivered
2025-10-13,SWG100839,Veg Biryani,Biryani,1,180.00,9.00,8.55,0.00,179.55,171.00,UPI,Delivered
2025-10-13,SWG100840,Butter Naan,Breads,2,120.00,12.00,5.40,30.00,143.40,108.00,UPI,Delivered
2025-10-13,SWG100841,Paneer Butter Masala,Main Course,1,240.00,12.00,11.40,20.00,259.40,228.00,Credit Card,Delivered
2025-10-13,SWG100842,Fried Rice,Rice & Noodles,1,170.00,17.00,7.65,0.00,160.65,153.00,Debit Card,Delivered
2025-10-13,SWG100843,Chicken Tikka,Starters,1,260.00,39.00,11.05,0.00,232.05,221.00,UPI,Delivered
2025-10-13,SWG100844,Masala Dosa,South Indian,1,140.00,0.00,7.00,30.00,177.00,140.00,Cash,Delivered
2025-10-13,SWG100845,Hakka Noodles,Rice & Noodles,1,180.00,9.00,8.55,0.00,179.55,171.00,UPI,Delivered
2025-10-13,SWG100846,Fried Rice,Rice & Noodles,1,170.00,17.00,7.65,40.00,200.65,153.00,Debit Card,Delivered
2025-10-13,SWG100847,Masala Dosa,South Indian,1,140.00,14.00,6.30,20.00,152.30,126.00,Cash,Delivered
2025-10-13,SWG100848,Hakka Noodles,Rice & Noodles,1,180.00,27.00,7.65,40.00,200.65,153.00,Credit Card,Delivered
2025-10-13,SWG100849,Masala Dosa,South Indian,3,420.00,0.00,21.00,0.00,441.00,420.00,UPI,Delivered
2025-10-13,SWG100850,Veg Biryani,Biryani,2,360.00,54.00,15.30,40.00,361.30,306.00,Debit Card,Delivered
2025-10-13,SWG100851,Hakka Noodles,Rice & Noodles,2,360.00,18.00,17.10,0.00,359.10,342.00,Debit Card,Delivered
2025-10-13,SWG100852,Masala Dosa,South Indian,2,280.00,28.00,12.60,30.00,294.60,252.00,Debit Card,Delivered
2025-10-14,SWG100853,Chicken Biryani,Biryani,1,220.00,22.00,9.90,30.00,237.90,198.00,UPI,Delivered
2025-10-14,SWG100854,Butter Naan,Breads,1,60.00,6.00,2.70,40.00,96.70,54.00,UPI,Delivered
2025-10-14,SWG100855,Butter Naan,Breads,1,60.00,9.00,2.55,30.00,83.55,51.00,Cash,Delivered
2025-10-14,SWG100856,Chicken Biryani,Biryani,2,440.00,44.00,19.80,30.00,445.80,396.00,UPI,Delivered
2025-10-14,SWG100857,Veg Biryani,Biryani,1,180.00,18.00,8.10,30.00,200.10,162.00,Credit Card,Delivered
2025-10-14,SWG100858,Masala Dosa,South Indian,2,280.00,28.00,12.60,40.00,304.60,252.00,Credit Card,Delivered
2025-10-14,SWG100859,Gulab Jamun,Desserts,1,90.00,4.50,4.28,0.00,89.78,85.50,Debit Card,Delivered
2025-10-14,SWG100860,Chicken Tikka,Starters,1,260.00,26.00,11.70,40.00,285.70,234.00,Credit Card,Delivered
2025-10-14,SWG100861,Chicken Tikka,Starters,1,260.00,26.00,11.70,20.00,265.70,234.00,Credit Card,Delivered
2025-10-14,SWG100862,Paneer Butter Masala,Main Course,1,240.00,0.00,12.00,20.00,272.00,240.00,Cash,Delivered
2025-10-14,SWG100863,Hakka Noodles,Rice & Noodles,1,180.00,27.00,7.65,20.00,180.65,153.00,Cash,Delivered
2025-10-14,SWG100864,Hakka Noodles,Rice & Noodles,1,180.00,18.00,8.10,20.00,190.10,162.00,UPI,Delivered
2025-10-14,SWG100865,Hakka Noodles,Rice & Noodles,1,180.00,9.00,8.55,20.00,199.55,171.00,Cash,Delivered
2025-10-14,SWG100866,Paneer Tikka,Starters,1,230.00,0.00,11.50,0.00,241.50,230.00,UPI,Delivered
2025-10-15,SWG100867,Paneer Butter Masala,Main Course,1,240.00,0.00,12.00,0.00,252.00,240.00,Debit Card,Delivered
2025-10-15,SWG100868,Chicken Biryani,Biryani,1,220.00,22.00,9.90,20.00,227.90,198.00,Credit Card,Delivered
2025-10-15,SWG100869,Masala Dosa,South Indian,1,140.00,14.00,6.30,40.00,172.30,126.00,Debit Card,Delivered
2025-10-15,SWG100870,Butter Naan,Breads,1,60.00,0.00,3.00,0.00,63.00,60.00,UPI,Delivered
2025-10-15,SWG100871,Veg Biryani,Biryani,1,180.00,18.00,8.10,30.00,200.10,162.00,Debit Card,Delivered
2025-10-15,SWG100872,Gulab Jamun,Desserts,1,90.00,0.00,4.50,30.00,124.50,90.00,Debit Card,Delivered
2025-10-15,SWG100873,Hakka Noodles,Rice & Noodles,1,180.00,9.00,8.55,0.00,179.55,171.00,UPI,Delivered
2025-10-15,SWG100874,Paneer Butter Masala,Main Course,1,240.00,0.00,12.00,40.00,292.00,240.00,Cash,Delivered
2025-10-15,SWG100875,Gulab Jamun,Desserts,1,90.00,9.00,4.05,20.00,105.05,81.00,UPI,Delivered
2025-10-15,SWG100876,Fried Rice,Rice & Noodles,1,170.00,0.00,8.50,40.00,218.50,170.00,Debit Card,Delivered
2025-10-15,SWG100877,Fried Rice,Rice & Noodles,1,170.00,8.50,8.08,20.00,189.58,161.50,Debit Card,Delivered
2025-10-15,SWG100878,Chicken Tikka,Starters,1,260.00,26.00,11.70,30.00,275.70,234.00,UPI,Delivered
2025-10-15,SWG100879,Paneer Butter Masala,Main Course,1,240.00,24.00,10.80,40.00,266.80,216.00,Credit Card,Delivered
2025-10-15,SWG100880,Masala Dosa,South Indian,2,280.00,14.00,13.30,0.00,279.30,266.00,UPI,Delivered
2025-10-15,SWG100881,Chicken Tikka,Starters,1,260.00,0.00,13.00,30.00,303.00,260.00,Cash,Delivered
2025-10-16,SWG100882,Gulab Jamun,Desserts,1,90.00,4.50,4.28,20.00,109.78,0.00,Cash,Cancelled
2025-10-16,SWG100883,Paneer Butter Masala,Main Course,1,240.00,36.00,10.20,40.00,254.20,204.00,Debit Card,Delivered
2025-10-16,SWG100884,Hakka Noodles,Rice & Noodles,1,180.00,9.00,8.55,0.00,179.55,171.00,Cash,Delivered
2025-10-16,SWG100885,Paneer Butter Masala,Main Course,1,240.00,36.00,10.20,30.00,244.20,204.00,Cash,Delivered
2025-10-16,SWG100886,Butter Naan,Breads,1,60.00,9.00,2.55,0.00,53.55,51.00,Cash,Delivered
2025-10-16,SWG100887,Chicken Tikka,Starters,1,260.00,0.00,13.00,0.00,273.00,260.00,Credit Card,Delivered
2025-10-16,SWG100888,Gulab Jamun,Desserts,2,180.00,0.00,9.00,20.00,209.00,180.00,Cash,Delivered
2025-10-16,SWG100889,Hakka Noodles,Rice & Noodles,1,180.00,27.00,7.65,20.00,180.65,153.00,Debit Card,Delivered
2025-10-16,SWG100890,Masala Dosa,South Indian,1,140.00,14.00,6.30,40.00,172.30,126.00,Debit Card,Delivered
2025-10-16,SWG100891,Paneer Butter Masala,Main Course,1,240.00,36.00,10.20,20.00,234.20,204.00,UPI,Delivered
2025-10-16,SWG100892,Chicken Tikka,Starters,2,520.00,0.00,26.00,0.00,546.00,520.00,Debit Card,Delivered
2025-10-16,SWG100893,Paneer Butter Masala,Main Course,2,480.00,0.00,24.00,20.00,524.00,480.00,Cash,Delivered
2025-10-16,SWG100894,Chicken Tikka,Starters,1,260.00,39.00,11.05,40.00,272.05,221.00,Credit Card,Delivered
2025-10-17,SWG100895,Veg Biryani,Biryani,1,180.00,18.00,8.10,40.00,210.10,162.00,Credit Card,Delivered
2025-10-17,SWG100896,Butter Naan,Breads,1,60.00,0.00,3.00,20.00,83.00,60.00,Cash,Delivered
2025-10-17,SWG100897,Paneer Tikka,Starters,3,690.00,34.50,32.77,0.00,688.27,655.50,Cash,Delivered
2025-10-17,SWG100898,Fried Rice,Rice & Noodles,2,340.00,51.00,14.45,20.00,323.45,289.00,Cash,Delivered
2025-10-17,SWG100899,Hakka Noodles,Rice & Noodles,2,360.00,54.00,15.30,30.00,351.30,306.00,Cash,Delivered
2025-10-17,SWG100900,Gulab Jamun,Desserts,1,90.00,13.50,3.83,20.00,100.33,76.50,Debit Card,Delivered
2025-10-17,SWG100901,Paneer Tikka,Starters,2,460.00,46.00,20.70,0.00,434.70,0.00,Cash,Cancelled
2025-10-17,SWG100902,Chicken Tikka,Starters,1,260.00,39.00,11.05,0.00,232.05,221.00,Debit Card,Delivered
2025-10-17,SWG100903,Fried Rice,Rice & Noodles,1,170.00,0.00,8.50,20.00,198.50,170.00,UPI,Delivered
2025-10-17,SWG100904,Hakka Noodles,Rice & Noodles,2,360.00,36.00,16.20,0.00,340.20,324.00,UPI,Delivered
2025-10-17,SWG100905,Fried Rice,Rice & Noodles,1,170.00,25.50,7.23,30.00,181.73,144.50,Debit Card,Delivered
2025-10-17,SWG100906,Masala Dosa,South Indian,1,140.00,14.00,6.30,30.00,162.30,126.00,Cash,Delivered
2025-10-17,SWG100907,Gulab Jamun,Desserts,1,90.00,0.00,4.50,30.00,124.50,90.00,UPI,Delivered
2025-10-17,SWG100908,Masala Dosa,South Indian,1,140.00,7.00,6.65,0.00,139.65,133.00,Debit Card,Delivered
2025-10-17,SWG100909,Masala Dosa,South Indian,1,140.00,14.00,6.30,30.00,162.30,126.00,UPI,Delivered
2025-10-17,SWG100910,Paneer Butter Masala,Main Course,1,240.00,12.00,11.40,40.00,279.40,228.00,Credit Card,Delivered
2025-10-17,SWG100911,Masala Dosa,South Indian,2,280.00,14.00,13.30,40.00,319.30,266.00,UPI,Delivered
2025-10-17,SWG100912,Chicken Tikka,Starters,3,780.00,39.00,37.05,20.00,798.05,741.00,Cash,Delivered
2025-10-17,SWG100913,Paneer Tikka,Starters,1,230.00,34.50,9.78,20.00,225.28,195.50,Debit Card,Delivered
2025-10-17,SWG100914,Chicken Biryani,Biryani,1,220.00,0.00,11.00,0.00,231.00,220.00,Cash,Delivered
2025-10-18,SWG100915,Fried Rice,Rice & Noodles,1,170.00,8.50,8.08,40.00,209.58,161.50,Cash,Delivered
2025-10-18,SWG100916,Fried Rice,Rice & Noodles,1,170.00,25.50,7.23,0.00,151.73,144.50,Cash,Delivered
2025-10-18,SWG100917,Paneer Tikka,Starters,1,230.00,0.00,11.50,0.00,241.50,230.00,Debit Card,Delivered
2025-10-18,SWG100918,Paneer Tikka,Starters,1,230.00,23.00,10.35,30.00,247.35,207.00,UPI,Delivered
2025-10-18,SWG100919,Masala Dosa,South Indian,1,140.00,21.00,5.95,40.00,164.95,119.00,Credit Card,Delivered
2025-10-18,SWG100920,Gulab Jamun,Desserts,2,180.00,18.00,8.10,20.00,190.10,162.00,UPI,Delivered
2025-10-18,SWG100921,Chicken Biryani,Biryani,2,440.00,0.00,22.00,40.00,502.00,440.00,UPI,Delivered
2025-10-18,SWG100922,Fried Rice,Rice & Noodles,1,170.00,17.00,7.65,30.00,190.65,153.00,UPI,Delivered
2025-10-18,SWG100923,Gulab Jamun,Desserts,1,90.00,4.50,4.28,0.00,89.78,85.50,UPI,Delivered
2025-10-18,SWG100924,Paneer Butter Masala,Main Course,2,480.00,24.00,22.80,40.00,518.80,456.00,Credit Card,Delivered
2025-10-18,SWG100925,Paneer Butter Masala,Main Course,1,240.00,24.00,10.80,30.00,256.80,216.00,UPI,Delivered
2025-10-18,SWG100926,Fried Rice,Rice & Noodles,2,340.00,34.00,15.30,40.00,361.30,306.00,Debit Card,Delivered
2025-10-18,SWG100927,Masala Dosa,South Indian,1,140.00,0.00,7.00,30.00,177.00,140.00,Cash,Delivered
2025-10-18,SWG100928,Paneer Tikka,Starters,1,230.00,0.00,11.50,30.00,271.50,230.00,Debit Card,Delivered
2025-10-18,SWG100929,Butter Naan,Breads,1,60.00,9.00,2.55,20.00,73.55,51.00,Credit Card,Delivered
2025-10-18,SWG100930,Fried Rice,Rice & Noodles,1,170.00,25.50,7.23,20.00,171.73,144.50,UPI,Delivered
2025-10-18,SWG100931,Fried Rice,Rice & Noodles,1,170.00,0.00,8.50,0.00,178.50,170.00,Debit Card,Delivered
2025-10-18,SWG100932,Fried Rice,Rice & Noodles,1,170.00,25.50,7.23,20.00,171.73,144.50,UPI,Delivered
2025-10-19,SWG100933,Masala Dosa,South Indian,1,140.00,14.00,6.30,40.00,172.30,126.00,Cash,Delivered
2025-10-19,SWG100934,Fried Rice,Rice & Noodles,1,170.00,0.00,8.50,20.00,198.50,170.00,Cash,Delivered
2025-10-19,SWG100935,Paneer Butter Masala,Main Course,1,240.00,24.00,10.80,30.00,256.80,216.00,Cash,Delivered
2025-10-19,SWG100936,Chicken Biryani,Biryani,1,220.00,0.00,11.00,30.00,261.00,220.00,Debit Card,Delivered
2025-10-19,SWG100937,Paneer Butter Masala,Main Course,2,480.00,48.00,21.60,20.00,473.60,432.00,UPI,Delivered
2025-10-19,SWG100938,Paneer Tikka,Starters,1,230.00,23.00,10.35,40.00,257.35,207.00,Debit Card,Delivered
2025-10-19,SWG100939,Fried Rice,Rice & Noodles,1,170.00,25.50,7.23,20.00,171.73,144.50,Credit Card,Delivered
2025-10-19,SWG100940,Chicken Biryani,Biryani,1,220.00,11.00,10.45,40.00,259.45,209.00,Debit Card,Delivered
2025-10-19,SWG100941,Fried Rice,Rice & Noodles,1,170.00,25.50,7.23,0.00,151.73,144.50,UPI,Delivered
2025-10-19,SWG100942,Chicken Tikka,Starters,2,520.00,0.00,26.00,40.00,586.00,520.00,Cash,Delivered
2025-10-19,SWG100943,Hakka Noodles,Rice & Noodles,1,180.00,9.00,8.55,0.00,179.55,171.00,Credit Card,Delivered
2025-10-19,SWG100944,Fried Rice,Rice & Noodles,1,170.00,25.50,7.23,0.00,151.73,144.50,Credit Card,Delivered
2025-10-19,SWG100945,Chicken Biryani,Biryani,1,220.00,0.00,11.00,30.00,261.00,220.00,UPI,Delivered
2025-10-19,SWG100946,Fried Rice,Rice & Noodles,1,170.00,0.00,8.50,0.00,178.50,170.00,Credit Card,Delivered
2025-10-19,SWG100947,Paneer Butter Masala,Main Course,2,480.00,72.00,20.40,30.00,458.40,408.00,Cash,Delivered
2025-10-19,SWG100948,Chicken Tikka,Starters,1,260.00,13.00,12.35,30.00,289.35,247.00,Credit Card,Delivered
2025-10-19,SWG100949,Chicken Biryani,Biryani,1,220.00,22.00,9.90,0.00,207.90,198.00,Credit Card,Delivered
2025-10-19,SWG100950,Paneer Tikka,Starters,1,230.00,23.00,10.35,20.00,237.35,207.00,UPI,Delivered
2025-10-19,SWG100951,Butter Naan,Breads,1,60.00,9.00,2.55,20.00,73.55,51.00,Cash,Delivered
2025-10-19,SWG100952,Paneer Butter Masala,Main Course,1,240.00,12.00,11.40,0.00,239.40,228.00,Debit Card,Delivered
2025-10-19,SWG100953,Paneer Tikka,Starters,1,230.00,34.50,9.78,20.00,225.28,195.50,Debit Card,Delivered
2025-10-19,SWG100954,Hakka Noodles,Rice & Noodles,1,180.00,9.00,8.55,20.00,199.55,171.00,UPI,Delivered
2025-10-19,SWG100955,Gulab Jamun,Desserts,1,90.00,13.50,3.83,0.00,80.33,76.50,Debit Card,Delivered
2025-10-19,SWG100956,Chicken Tikka,Starters,1,260.00,13.00,12.35,20.00,279.35,247.00,UPI,Delivered
2025-10-19,SWG100957,Gulab Jamun,Desserts,1,90.00,4.50,4.28,40.00,129.78,85.50,Credit Card,Delivered
2025-10-19,SWG100958,Masala Dosa,South Indian,1,140.00,0.00,7.00,20.00,167.00,140.00,Cash,Delivered
2025-10-19,SWG100959,Fried Rice,Rice & Noodles,1,170.00,0.00,8.50,0.00,178.50,170.00,Debit Card,Delivered
2025-10-20,SWG100960,Veg Biryani,Biryani,1,180.00,18.00,8.10,40.00,210.10,162.00,UPI,Delivered
2025-10-20,SWG100961,Hakka Noodles,Rice & Noodles,1,180.00,0.00,9.00,40.00,229.00,180.00,UPI,Delivered
2025-10-20,SWG100962,Veg Biryani,Biryani,1,180.00,18.00,8.10,40.00,210.10,162.00,Debit Card,Delivered
2025-10-20,SWG100963,Veg Biryani,Biryani,2,360.00,36.00,16.20,20.00,360.20,324.00,Cash,Delivered
2025-10-20,SWG100964,Veg Biryani,Biryani,1,180.00,9.00,8.55,0.00,179.55,171.00,Cash,Delivered
2025-10-20,SWG100965,Chicken Biryani,Biryani,2,440.00,22.00,20.90,20.00,458.90,418.00,Cash,Delivered
2025-10-20,SWG100966,Butter Naan,Breads,1,60.00,3.00,2.85,40.00,99.85,57.00,Debit Card,Delivered
2025-10-20,SWG100967,Masala Dosa,South Indian,1,140.00,7.00,6.65,0.00,139.65,133.00,UPI,Delivered
2025-10-20,SWG100968,Masala Dosa,South Indian,1,140.00,21.00,5.95,40.00,164.95,119.00,Debit Card,Delivered
2025-10-20,SWG100969,Veg Biryani,Biryani,2,360.00,18.00,17.10,20.00,379.10,342.00,Credit Card,Delivered
2025-10-20,SWG100970,Paneer Butter Masala,Main Course,1,240.00,36.00,10.20,20.00,234.20,204.00,Cash,Delivered
2025-10-20,SWG100971,Masala Dosa,South Indian,1,140.00,21.00,5.95,20.00,144.95,119.00,Cash,Delivered
2025-10-20,SWG100972,Gulab Jamun,Desserts,1,90.00,4.50,4.28,0.00,89.78,85.50,UPI,Delivered
2025-10-20,SWG100973,Chicken Biryani,Biryani,3,660.00,0.00,33.00,40.00,733.00,660.00,Cash,Delivered
2025-10-20,SWG100974,Paneer Butter Masala,Main Course,1,240.00,12.00,11.40,0.00,239.40,228.00,UPI,Delivered
2025-10-21,SWG100975,Veg Biryani,Biryani,1,180.00,18.00,8.10,20.00,190.10,162.00,UPI,Delivered
2025-10-21,SWG100976,Chicken Biryani,Biryani,1,220.00,22.00,9.90,20.00,227.90,198.00,UPI,Delivered
2025-10-21,SWG100977,Fried Rice,Rice & Noodles,1,170.00,8.50,8.08,40.00,209.58,161.50,Debit Card,Delivered
2025-10-21,SWG100978,Fried Rice,Rice & Noodles,1,170.00,0.00,8.50,0.00,178.50,170.00,Debit Card,Delivered
2025-10-21,SWG100979,Hakka Noodles,Rice & Noodles,1,180.00,27.00,7.65,30.00,190.65,153.00,Credit Card,Delivered
2025-10-21,SWG100980,Paneer Butter Masala,Main Course,1,240.00,24.00,10.80,0.00,226.80,216.00,Debit Card,Delivered
2025-10-21,SWG100981,Chicken Biryani,Biryani,1,220.00,22.00,9.90,40.00,247.90,198.00,Debit Card,Delivered
2025-10-21,SWG100982,Chicken Tikka,Starters,1,260.00,0.00,13.00,20.00,293.00,260.00,Debit Card,Delivered
2025-10-21,SWG100983,Veg Biryani,Biryani,1,180.00,27.00,7.65,20.00,180.65,153.00,Credit Card,Delivered
2025-10-21,SWG100984,Chicken Tikka,Starters,1,260.00,26.00,11.70,40.00,285.70,234.00,UPI,Delivered
2025-10-21,SWG100985,Chicken Tikka,Starters,1,260.00,39.00,11.05,0.00,232.05,221.00,Debit Card,Delivered
2025-10-21,SWG100986,Fried Rice,Rice & Noodles,1,170.00,0.00,8.50,20.00,198.50,170.00,Cash,Delivered
2025-10-21,SWG100987,Paneer Butter Masala,Main Course,1,240.00,12.00,11.40,30.00,269.40,228.00,UPI,Delivered
2025-10-21,SWG100988,Paneer Butter Masala,Main Course,1,240.00,0.00,12.00,20.00,272.00,240.00,Credit Card,Delivered
2025-10-21,SWG100989,Hakka Noodles,Rice & Noodles,3,540.00,0.00,27.00,30.00,597.00,540.00,Credit Card,Delivered
2025-10-21,SWG100990,Fried Rice,Rice & Noodles,1,170.00,25.50,7.23,0.00,151.73,144.50,UPI,Delivered
2025-10-22,SWG100991,Chicken Biryani,Biryani,2,440.00,22.00,20.90,30.00,468.90,418.00,Debit Card,Delivered
2025-10-22,SWG100992,Chicken Tikka,Starters,1,260.00,39.00,11.05,40.00,272.05,221.00,Credit Card,Delivered
2025-10-22,SWG100993,Masala Dosa,South Indian,1,140.00,14.00,6.30,20.00,152.30,126.00,Debit Card,Delivered
2025-10-22,SWG100994,Chicken Biryani,Biryani,1,220.00,22.00,9.90,40.00,247.90,198.00,Credit Card,Delivered
2025-10-22,SWG100995,Hakka Noodles,Rice & Noodles,1,180.00,9.00,8.55,20.00,199.55,171.00,UPI,Delivered
2025-10-22,SWG100996,Chicken Biryani,Biryani,3,660.00,33.00,31.35,40.00,698.35,627.00,Credit Card,Delivered
2025-10-22,SWG100997,Veg Biryani,Biryani,1,180.00,0.00,9.00,30.00,219.00,0.00,Credit Card,Cancelled
2025-10-22,SWG100998,Chicken Tikka,Starters,1,260.00,13.00,12.35,30.00,289.35,247.00,UPI,Delivered
2025-10-22,SWG100999,Paneer Tikka,Starters,2,460.00,23.00,21.85,40.00,498.85,437.00,Credit Card,Delivered
2025-10-22,SWG101000,Chicken Biryani,Biryani,3,660.00,66.00,29.70,30.00,653.70,594.00,Debit Card,Delivered
2025-10-22,SWG101001,Gulab Jamun,Desserts,1,90.00,13.50,3.83,30.00,110.33,76.50,Cash,Delivered
2025-10-22,SWG101002,Chicken Biryani,Biryani,1,220.00,0.00,11.00,30.00,261.00,220.00,Credit Card,Delivered
2025-10-22,SWG101003,Fried Rice,Rice & Noodles,1,170.00,17.00,7.65,0.00,160.65,153.00,Credit Card,Delivered
2025-10-22,SWG101004,Gulab Jamun,Desserts,1,90.00,9.00,4.05,20.00,105.05,81.00,Cash,Delivered
2025-10-23,SWG101005,Hakka Noodles,Rice & Noodles,1,180.00,27.00,7.65,30.00,190.65,153.00,UPI,Delivered
2025-10-23,SWG101006,Chicken Tikka,Starters,1,260.00,39.00,11.05,30.00,262.05,221.00,UPI,Delivered
2025-10-23,SWG101007,Masala Dosa,South Indian,1,140.00,14.00,6.30,40.00,172.30,126.00,UPI,Delivered
2025-10-23,SWG101008,Veg Biryani,Biryani,1,180.00,27.00,7.65,40.00,200.65,153.00,Debit Card,Delivered
2025-10-23,SWG101009,Butter Naan,Breads,2,120.00,18.00,5.10,40.00,147.10,102.00,UPI,Delivered
2025-10-23,SWG101010,Butter Naan,Breads,1,60.00,9.00,2.55,30.00,83.55,51.00,Cash,Delivered
2025-10-23,SWG101011,Paneer Butter Masala,Main Course,1,240.00,24.00,10.80,40.00,266.80,216.00,Cash,Delivered
2025-10-23,SWG101012,Gulab Jamun,Desserts,2,180.00,9.00,8.55,20.00,199.55,171.00,Cash,Delivered
2025-10-23,SWG101013,Masala Dosa,South Indian,1,140.00,0.00,7.00,30.00,177.00,140.00,Debit Card,Delivered
2025-10-23,SWG101014,Fried Rice,Rice & Noodles,1,170.00,25.50,7.23,20.00,171.73,144.50,UPI,Delivered
2025-10-23,SWG101015,Butter Naan,Breads,1,60.00,9.00,2.55,0.00,53.55,51.00,Debit Card,Delivered
2025-10-23,SWG101016,Paneer Tikka,Starters,1,230.00,11.50,10.93,0.00,229.43,218.50,Debit Card,Delivered
2025-10-23,SWG101017,Fried Rice,Rice & Noodles,3,510.00,0.00,25.50,30.00,565.50,510.00,Cash,Delivered
2025-10-24,SWG101018,Masala Dosa,South Indian,1,140.00,21.00,5.95,0.00,124.95,119.00,UPI,Delivered
2025-10-24,SWG101019,Masala Dosa,South Indian,1,140.00,0.00,7.00,20.00,167.00,140.00,Credit Card,Delivered
2025-10-24,SWG101020,Chicken Tikka,Starters,1,260.00,26.00,11.70,30.00,275.70,234.00,Debit Card,Delivered
2025-10-24,SWG101021,Chicken Biryani,Biryani,1,220.00,0.00,11.00,20.00,251.00,220.00,Credit Card,Delivered
2025-10-24,SWG101022,Paneer Butter Masala,Main Course,1,240.00,12.00,11.40,30.00,269.40,228.00,Debit Card,Delivered
2025-10-24,SWG101023,Masala Dosa,South Indian,1,140.00,14.00,6.30,0.00,132.30,126.00,Debit Card,Delivered
2025-10-24,SWG101024,Butter Naan,Breads,1,60.00,6.00,2.70,30.00,86.70,54.00,Cash,Delivered
2025-10-24,SWG101025,Chicken Tikka,Starters,2,520.00,26.00,24.70,0.00,518.70,494.00,Credit Card,Delivered
2025-10-24,SWG101026,Veg Biryani,Biryani,2,360.00,0.00,18.00,40.00,418.00,360.00,UPI,Delivered
2025-10-24,SWG101027,Paneer Butter Masala,Main Course,2,480.00,0.00,24.00,40.00,544.00,480.00,Debit Card,Delivered
2025-10-24,SWG101028,Butter Naan,Breads,2,120.00,12.00,5.40,20.00,133.40,108.00,UPI,Delivered
2025-10-24,SWG101029,Paneer Butter Masala,Main Course,1,240.00,12.00,11.40,20.00,259.40,228.00,Credit Card,Delivered
2025-10-24,SWG101030,Butter Naan,Breads,3,180.00,27.00,7.65,0.00,160.65,153.00,Cash,Delivered
2025-10-25,SWG101031,Paneer Butter Masala,Main Course,1,240.00,0.00,12.00,40.00,292.00,240.00,Debit Card,Delivered
2025-10-25,SWG101032,Chicken Biryani,Biryani,1,220.00,0.00,11.00,0.00,231.00,220.00,Credit Card,Delivered
2025-10-25,SWG101033,Gulab Jamun,Desserts,2,180.00,9.00,8.55,30.00,209.55,171.00,Credit Card,Delivered
2025-10-25,SWG101034,Masala Dosa,South Indian,2,280.00,28.00,12.60,30.00,294.60,252.00,Credit Card,Delivered
2025-10-25,SWG101035,Hakka Noodles,Rice & Noodles,1,180.00,0.00,9.00,0.00,189.00,180.00,Credit Card,Delivered
2025-10-25,SWG101036,Masala Dosa,South Indian,1,140.00,0.00,7.00,0.00,147.00,140.00,Cash,Delivered
2025-10-25,SWG101037,Chicken Tikka,Starters,1,260.00,13.00,12.35,40.00,299.35,247.00,UPI,Delivered
2025-10-25,SWG101038,Butter Naan,Breads,2,120.00,18.00,5.10,40.00,147.10,102.00,Credit Card,Delivered
2025-10-25,SWG101039,Paneer Tikka,Starters,1,230.00,23.00,10.35,0.00,217.35,207.00,Credit Card,Delivered
2025-10-25,SWG101040,Fried Rice,Rice & Noodles,2,340.00,34.00,15.30,0.00,321.30,306.00,Cash,Delivered
2025-10-25,SWG101041,Paneer Butter Masala,Main Course,1,240.00,36.00,10.20,30.00,244.20,204.00,Cash,Delivered
2025-10-25,SWG101042,Veg Biryani,Biryani,1,180.00,18.00,8.10,40.00,210.10,162.00,UPI,Delivered
2025-10-25,SWG101043,Fried Rice,Rice & Noodles,2,340.00,34.00,15.30,20.00,341.30,306.00,Cash,Delivered
2025-10-25,SWG101044,Paneer Butter Masala,Main Course,1,240.00,0.00,12.00,0.00,252.00,240.00,Cash,Delivered
2025-10-25,SWG101045,Gulab Jamun,Desserts,3,270.00,13.50,12.83,0.00,269.33,256.50,Credit Card,Delivered
2025-10-25,SWG101046,Chicken Tikka,Starters,1,260.00,39.00,11.05,0.00,232.05,221.00,Cash,Delivered
2025-10-25,SWG101047,Fried Rice,Rice & Noodles,1,170.00,17.00,7.65,40.00,200.65,153.00,Cash,Delivered
2025-10-25,SWG101048,Fried Rice,Rice & Noodles,1,170.00,8.50,8.08,40.00,209.58,161.50,Debit Card,Delivered
2025-10-25,SWG101049,Fried Rice,Rice & Noodles,1,170.00,8.50,8.08,0.00,169.58,161.50,UPI,Delivered
2025-10-25,SWG101050,Paneer Butter Masala,Main Course,1,240.00,0.00,12.00,20.00,272.00,240.00,Debit Card,Delivered
2025-10-25,SWG101051,Butter Naan,Breads,1,60.00,0.00,3.00,0.00,63.00,60.00,Cash,Delivered
2025-10-25,SWG101052,Fried Rice,Rice & Noodles,1,170.00,25.50,7.23,40.00,191.73,144.50,Debit Card,Delivered
2025-10-26,SWG101053,Hakka Noodles,Rice & Noodles,1,180.00,0.00,9.00,40.00,229.00,180.00,UPI,Delivered
2025-10-26,SWG101054,Paneer Tikka,Starters,1,230.00,34.50,9.78,40.00,245.28,195.50,UPI,Delivered
2025-10-26,SWG101055,Butter Naan,Breads,1,60.00,6.00,2.70,20.00,76.70,54.00,Credit Card,Delivered
2025-10-26,SWG101056,Masala Dosa,South Indian,1,140.00,21.00,5.95,0.00,124.95,119.00,Cash,Delivered
2025-10-26,SWG101057,Hakka Noodles,Rice & Noodles,1,180.00,27.00,7.65,40.00,200.65,153.00,Credit Card,Delivered
2025-10-26,SWG101058,Hakka Noodles,Rice & Noodles,1,180.00,18.00,8.10,40.00,210.10,162.00,Cash,Delivered
2025-10-26,SWG101059,Gulab Jamun,Desserts,1,90.00,9.00,4.05,30.00,115.05,81.00,UPI,Delivered
2025-10-26,SWG101060,Butter Naan,Breads,2,120.00,12.00,5.40,0.00,113.40,108.00,Debit Card,Delivered
2025-10-26,SWG101061,Paneer Tikka,Starters,1,230.00,23.00,10.35,30.00,247.35,207.00,UPI,Delivered
2025-10-26,SWG101062,Veg Biryani,Biryani,1,180.00,18.00,8.10,0.00,170.10,162.00,UPI,Delivered
2025-10-26,SWG101063,Masala Dosa,South Indian,1,140.00,7.00,6.65,0.00,139.65,133.00,UPI,Delivered
2025-10-26,SWG101064,Fried Rice,Rice & Noodles,1,170.00,25.50,7.23,40.00,191.73,144.50,Cash,Delivered
2025-10-26,SWG101065,Gulab Jamun,Desserts,1,90.00,9.00,4.05,40.00,125.05,81.00,Debit Card,Delivered
2025-10-26,SWG101066,Gulab Jamun,Desserts,1,90.00,13.50,3.83,0.00,80.33,76.50,Credit Card,Delivered
2025-10-26,SWG101067,Chicken Tikka,Starters,1,260.00,26.00,11.70,20.00,265.70,234.00,Debit Card,Delivered
2025-10-26,SWG101068,Paneer Tikka,Starters,1,230.00,0.00,11.50,20.00,261.50,230.00,UPI,Delivered
2025-10-26,SWG101069,Masala Dosa,South Indian,3,420.00,63.00,17.85,20.00,394.85,357.00,UPI,Delivered
2025-10-26,SWG101070,Gulab Jamun,Desserts,1,90.00,9.00,4.05,30.00,115.05,81.00,Cash,Delivered
2025-10-26,SWG101071,Paneer Tikka,Starters,1,230.00,0.00,11.50,30.00,271.50,230.00,Debit Card,Delivered
2025-10-26,SWG101072,Paneer Tikka,Starters,1,230.00,23.00,10.35,20.00,237.35,207.00,Debit Card,Delivered
2025-10-26,SWG101073,Gulab Jamun,Desserts,1,90.00,4.50,4.28,0.00,89.78,85.50,Credit Card,Delivered
2025-10-27,SWG101074,Fried Rice,Rice & Noodles,1,170.00,25.50,7.23,0.00,151.73,144.50,Debit Card,Delivered
2025-10-27,SWG101075,Fried Rice,Rice & Noodles,1,170.00,8.50,8.08,30.00,199.58,161.50,Cash,Delivered
2025-10-27,SWG101076,Chicken Tikka,Starters,2,520.00,0.00,26.00,20.00,566.00,520.00,Debit Card,Delivered
2025-10-27,SWG101077,Masala Dosa,South Indian,1,140.00,14.00,6.30,20.00,152.30,126.00,UPI,Delivered
2025-10-27,SWG101078,Butter Naan,Breads,1,60.00,3.00,2.85,30.00,89.85,57.00,Cash,Delivered
2025-10-27,SWG101079,Paneer Tikka,Starters,1,230.00,0.00,11.50,20.00,261.50,230.00,Credit Card,Delivered
2025-10-27,SWG101080,Chicken Biryani,Biryani,1,220.00,22.00,9.90,20.00,227.90,198.00,UPI,Delivered
2025-10-27,SWG101081,Fried Rice,Rice & Noodles,2,340.00,0.00,17.00,0.00,357.00,340.00,Debit Card,Delivered
2025-10-27,SWG101082,Paneer Butter Masala,Main Course,2,480.00,72.00,20.40,30.00,458.40,408.00,UPI,Delivered
2025-10-27,SWG101083,Paneer Tikka,Starters,2,460.00,23.00,21.85,20.00,478.85,437.00,UPI,Delivered
2025-10-27,SWG101084,Hakka Noodles,Rice & Noodles,1,180.00,18.00,8.10,40.00,210.10,162.00,Credit Card,Delivered
2025-10-27,SWG101085,Gulab Jamun,Desserts,1,90.00,9.00,4.05,30.00,115.05,81.00,Cash,Delivered
2025-10-27,SWG101086,Veg Biryani,Biryani,2,360.00,18.00,17.10,20.00,379.10,342.00,Credit Card,Delivered
2025-10-27,SWG101087,Masala Dosa,South Indian,1,140.00,14.00,6.30,0.00,132.30,126.00,Debit Card,Delivered
2025-10-27,SWG101088,Paneer Butter Masala,Main Course,1,240.00,36.00,10.20,40.00,254.20,204.00,Debit Card,Delivered
2025-10-28,SWG101089,Butter Naan,Breads,1,60.00,6.00,2.70,30.00,86.70,54.00,UPI,Delivered
2025-10-28,SWG101090,Chicken Biryani,Biryani,1,220.00,11.00,10.45,30.00,249.45,209.00,Debit Card,Delivered
2025-10-28,SWG101091,Chicken Tikka,Starters,2,520.00,0.00,26.00,20.00,566.00,520.00,Cash,Delivered
2025-10-28,SWG101092,Chicken Biryani,Biryani,2,440.00,66.00,18.70,30.00,422.70,374.00,Credit Card,Delivered
2025-10-28,SWG101093,Masala Dosa,South Indian,1,140.00,7.00,6.65,40.00,179.65,133.00,Cash,Delivered
2025-10-28,SWG101094,Chicken Biryani,Biryani,1,220.00,0.00,11.00,40.00,271.00,220.00,Cash,Delivered
2025-10-28,SWG101095,Chicken Tikka,Starters,1,260.00,0.00,13.00,20.00,293.00,260.00,UPI,Delivered
2025-10-28,SWG101096,Chicken Tikka,Starters,1,260.00,26.00,11.70,40.00,285.70,234.00,UPI,Delivered
2025-10-28,SWG101097,Butter Naan,Breads,1,60.00,3.00,2.85,0.00,59.85,57.00,Debit Card,Delivered
2025-10-28,SWG101098,Chicken Tikka,Starters,1,260.00,0.00,13.00,20.00,293.00,260.00,Credit Card,Delivered
2025-10-28,SWG101099,Gulab Jamun,Desserts,1,90.00,9.00,4.05,40.00,125.05,81.00,Credit Card,Delivered
2025-10-28,SWG101100,Masala Dosa,South Indian,1,140.00,14.00,6.30,30.00,162.30,126.00,Cash,Delivered
2025-10-28,SWG101101,Chicken Tikka,Starters,1,260.00,39.00,11.05,20.00,252.05,221.00,UPI,Delivered
2025-10-28,SWG101102,Hakka Noodles,Rice & Noodles,1,180.00,9.00,8.55,0.00,179.55,0.00,Credit Card,Cancelled
2025-10-28,SWG101103,Masala Dosa,South Indian,1,140.00,7.00,6.65,0.00,139.65,133.00,Cash,Delivered
2025-10-28,SWG101104,Gulab Jamun,Desserts,1,90.00,0.00,4.50,30.00,124.50,90.00,UPI,Delivered
2025-10-29,SWG101105,Fried Rice,Rice & Noodles,2,340.00,51.00,14.45,0.00,303.45,289.00,Credit Card,Delivered
2025-10-29,SWG101106,Veg Biryani,Biryani,2,360.00,36.00,16.20,30.00,370.20,324.00,Cash,Delivered
2025-10-29,SWG101107,Butter Naan,Breads,1,60.00,3.00,2.85,20.00,79.85,0.00,Debit Card,Cancelled
2025-10-29,SWG101108,Veg Biryani,Biryani,1,180.00,27.00,7.65,20.00,180.65,153.00,Debit Card,Delivered
2025-10-29,SWG101109,Veg Biryani,Biryani,1,180.00,9.00,8.55,30.00,209.55,171.00,Cash,Delivered
2025-10-29,SWG101110,Paneer Butter Masala,Main Course,1,240.00,12.00,11.40,30.00,269.40,0.00,Cash,Cancelled
2025-10-29,SWG101111,Veg Biryani,Biryani,1,180.00,27.00,7.65,30.00,190.65,153.00,UPI,Delivered
2025-10-29,SWG101112,Chicken Biryani,Biryani,1,220.00,11.00,10.45,40.00,259.45,209.00,UPI,Delivered
2025-10-29,SWG101113,Chicken Biryani,Biryani,1,220.00,33.00,9.35,30.00,226.35,0.00,Debit Card,Cancelled
2025-10-29,SWG101114,Butter Naan,Breads,3,180.00,0.00,9.00,20.00,209.00,180.00,Cash,Delivered
2025-10-29,SWG101115,Chicken Tikka,Starters,2,520.00,26.00,24.70,0.00,518.70,494.00,Cash,Delivered
2025-10-29,SWG101116,Butter Naan,Breads,1,60.00,6.00,2.70,0.00,56.70,0.00,Cash,Cancelled
2025-10-29,SWG101117,Masala Dosa,South Indian,1,140.00,21.00,5.95,30.00,154.95,119.00,Debit Card,Delivered
2025-10-29,SWG101118,Gulab Jamun,Desserts,2,180.00,18.00,8.10,30.00,200.10,162.00,Credit Card,Delivered
2025-10-29,SWG101119,Chicken Tikka,Starters,1,260.00,39.00,11.05,20.00,252.05,221.00,Cash,Delivered
2025-10-29,SWG101120,Chicken Biryani,Biryani,1,220.00,0.00,11.00,20.00,251.00,220.00,Cash,Delivered
2025-10-29,SWG101121,Masala Dosa,South Indian,1,140.00,21.00,5.95,40.00,164.95,119.00,Cash,Delivered
2025-10-29,SWG101122,Chicken Biryani,Biryani,1,220.00,33.00,9.35,40.00,236.35,187.00,Credit Card,Delivered
2025-10-29,SWG101123,Paneer Butter Masala,Main Course,1,240.00,12.00,11.40,30.00,269.40,228.00,Credit Card,Delivered
2025-10-29,SWG101124,Hakka Noodles,Rice & Noodles,2,360.00,18.00,17.10,0.00,359.10,342.00,Credit Card,Delivered
2025-10-29,SWG101125,Paneer Tikka,Starters,2,460.00,23.00,21.85,40.00,498.85,437.00,Debit Card,Delivered
2025-10-29,SWG101126,Chicken Biryani,Biryani,1,220.00,0.00,11.00,40.00,271.00,220.00,UPI,Delivered
2025-10-30,SWG101127,Chicken Tikka,Starters,1,260.00,0.00,13.00,40.00,313.00,260.00,Cash,Delivered
2025-10-30,SWG101128,Fried Rice,Rice & Noodles,1,170.00,17.00,7.65,0.00,160.65,153.00,UPI,Delivered
2025-10-30,SWG101129,Gulab Jamun,Desserts,3,270.00,27.00,12.15,20.00,275.15,243.00,UPI,Delivered
2025-10-30,SWG101130,Masala Dosa,South Indian,1,140.00,0.00,7.00,0.00,147.00,140.00,Cash,Delivered
2025-10-30,SWG101131,Paneer Butter Masala,Main Course,1,240.00,12.00,11.40,20.00,259.40,228.00,Cash,Delivered
2025-10-30,SWG101132,Paneer Butter Masala,Main Course,1,240.00,12.00,11.40,20.00,259.40,228.00,Cash,Delivered
2025-10-30,SWG101133,Masala Dosa,South Indian,1,140.00,7.00,6.65,0.00,139.65,133.00,Cash,Delivered
2025-10-30,SWG101134,Masala Dosa,South Indian,2,280.00,14.00,13.30,30.00,309.30,266.00,Debit Card,Delivered
2025-10-30,SWG101135,Hakka Noodles,Rice & Noodles,1,180.00,27.00,7.65,40.00,200.65,153.00,Cash,Delivered
2025-10-30,SWG101136,Paneer Butter Masala,Main Course,2,480.00,48.00,21.60,20.00,473.60,432.00,Cash,Delivered
2025-10-30,SWG101137,Paneer Butter Masala,Main Course,1,240.00,24.00,10.80,40.00,266.80,216.00,Credit Card,Delivered
2025-10-30,SWG101138,Fried Rice,Rice & Noodles,1,170.00,0.00,8.50,30.00,208.50,170.00,UPI,Delivered
2025-10-30,SWG101139,Fried Rice,Rice & Noodles,1,170.00,8.50,8.08,30.00,199.58,161.50,Cash,Delivered
2025-10-30,SWG101140,Masala Dosa,South Indian,1,140.00,0.00,7.00,0.00,147.00,140.00,Cash,Delivered
2025-10-30,SWG101141,Paneer Tikka,Starters,1,230.00,23.00,10.35,30.00,247.35,207.00,UPI,Delivered
2025-10-30,SWG101142,Hakka Noodles,Rice & Noodles,1,180.00,27.00,7.65,20.00,180.65,153.00,Cash,Delivered
2025-10-30,SWG101143,Chicken Biryani,Biryani,1,220.00,22.00,9.90,30.00,237.90,198.00,Cash,Delivered
2025-10-30,SWG101144,Fried Rice,Rice & Noodles,1,170.00,17.00,7.65,30.00,190.65,153.00,Credit Card,Delivered
2025-10-31,SWG101145,Gulab Jamun,Desserts,1,90.00,0.00,4.50,40.00,134.50,90.00,UPI,Delivered
2025-10-31,SWG101146,Paneer Tikka,Starters,1,230.00,11.50,10.93,40.00,269.43,218.50,Cash,Delivered
2025-10-31,SWG101147,Gulab Jamun,Desserts,1,90.00,9.00,4.05,30.00,115.05,81.00,Cash,Delivered
2025-10-31,SWG101148,Masala Dosa,South Indian,1,140.00,7.00,6.65,0.00,139.65,133.00,UPI,Delivered
2025-10-31,SWG101149,Veg Biryani,Biryani,2,360.00,18.00,17.10,40.00,399.10,342.00,Credit Card,Delivered
2025-10-31,SWG101150,Paneer Tikka,Starters,2,460.00,23.00,21.85,0.00,458.85,437.00,Cash,Delivered
2025-10-31,SWG101151,Butter Naan,Breads,1,60.00,0.00,3.00,0.00,63.00,60.00,Credit Card,Delivered
2025-10-31,SWG101152,Fried Rice,Rice & Noodles,3,510.00,76.50,21.68,0.00,455.18,433.50,Credit Card,Delivered
2025-10-31,SWG101153,Veg Biryani,Biryani,1,180.00,27.00,7.65,0.00,160.65,153.00,UPI,Delivered
2025-10-31,SWG101154,Paneer Tikka,Starters,3,690.00,103.50,29.33,30.00,645.83,586.50,Cash,Delivered
2025-10-31,SWG101155,Fried Rice,Rice & Noodles,1,170.00,25.50,7.23,20.00,171.73,144.50,UPI,Delivered
2025-10-31,SWG101156,Paneer Tikka,Starters,1,230.00,0.00,11.50,30.00,271.50,230.00,Cash,Delivered
2025-10-31,SWG101157,Fried Rice,Rice & Noodles,1,170.00,17.00,7.65,40.00,200.65,153.00,UPI,Delivered
2025-10-31,SWG101158,Butter Naan,Breads,1,60.00,3.00,2.85,40.00,99.85,57.00,Credit Card,Delivered
2025-10-31,SWG101159,Hakka Noodles,Rice & Noodles,1,180.00,18.00,8.10,40.00,210.10,162.00,Debit Card,Delivered
2025-10-31,SWG101160,Paneer Tikka,Starters,3,690.00,69.00,31.05,40.00,692.05,621.00,Credit Card,Delivered
2025-10-31,SWG101161,Gulab Jamun,Desserts,1,90.00,0.00,4.50,40.00,134.50,90.00,Credit Card,Delivered
2025-10-31,SWG101162,Butter Naan,Breads,1,60.00,0.00,3.00,40.00,103.00,60.00,Cash,Delivered
2025-10-31,SWG101163,Masala Dosa,South Indian,1,140.00,0.00,7.00,0.00,147.00,140.00,Debit Card,Delivered
2025-10-31,SWG101164,Chicken Tikka,Starters,1,260.00,13.00,12.35,0.00,259.35,247.00,Debit Card,Delivered
2025-10-31,SWG101165,Paneer Tikka,Starters,1,230.00,11.50,10.93,0.00,229.43,218.50,Cash,Delivered
2025-10-31,SWG101166,Masala Dosa,South Indian,3,420.00,42.00,18.90,0.00,396.90,378.00,Debit Card,Delivered
2025-11-01,SWG101167,Butter Naan,Breads,2,120.00,0.00,6.00,0.00,126.00,120.00,Cash,Delivered
2025-11-01,SWG101168,Fried Rice,Rice & Noodles,3,510.00,0.00,25.50,0.00,535.50,510.00,UPI,Delivered
2025-11-01,SWG101169,Hakka Noodles,Rice & Noodles,1,180.00,0.00,9.00,20.00,209.00,180.00,Credit Card,Delivered
2025-11-01,SWG101170,Chicken Tikka,Starters,1,260.00,26.00,11.70,40.00,285.70,234.00,Cash,Delivered
2025-11-01,SWG101171,Paneer Butter Masala,Main Course,1,240.00,24.00,10.80,30.00,256.80,216.00,UPI,Delivered
2025-11-01,SWG101172,Veg Biryani,Biryani,1,180.00,27.00,7.65,0.00,160.65,153.00,Cash,Delivered
2025-11-01,SWG101173,Chicken Tikka,Starters,1,260.00,13.00,12.35,0.00,259.35,247.00,Cash,Delivered
2025-11-01,SWG101174,Chicken Tikka,Starters,1,260.00,13.00,12.35,20.00,279.35,247.00,Cash,Delivered
2025-11-01,SWG101175,Veg Biryani,Biryani,1,180.00,27.00,7.65,40.00,200.65,153.00,Cash,Delivered
2025-11-01,SWG101176,Hakka Noodles,Rice & Noodles,2,360.00,36.00,16.20,0.00,340.20,324.00,UPI,Delivered
2025-11-01,SWG101177,Hakka Noodles,Rice & Noodles,2,360.00,0.00,18.00,30.00,408.00,360.00,Credit Card,Delivered
2025-11-01,SWG101178,Paneer Tikka,Starters,1,230.00,0.00,11.50,20.00,261.50,230.00,UPI,Delivered
2025-11-01,SWG101179,Hakka Noodles,Rice & Noodles,3,540.00,81.00,22.95,40.00,521.95,459.00,Debit Card,Delivered
2025-11-01,SWG101180,Chicken Tikka,Starters,2,520.00,0.00,26.00,30.00,576.00,520.00,Credit Card,Delivered
2025-11-01,SWG101181,Paneer Tikka,Starters,1,230.00,11.50,10.93,40.00,269.43,218.50,Cash,Delivered
2025-11-01,SWG101182,Veg Biryani,Biryani,2,360.00,0.00,18.00,0.00,378.00,360.00,Cash,Delivered
2025-11-01,SWG101183,Butter Naan,Breads,1,60.00,6.00,2.70,20.00,76.70,54.00,Debit Card,Delivered
2025-11-01,SWG101184,Hakka Noodles,Rice & Noodles,1,180.00,9.00,8.55,0.00,179.55,171.00,Debit Card,Delivered
2025-11-01,SWG101185,Veg Biryani,Biryani,2,360.00,36.00,16.20,40.00,380.20,0.00,UPI,Cancelled
2025-11-01,SWG101186,Chicken Biryani,Biryani,2,440.00,44.00,19.80,30.00,445.80,396.00,UPI,Delivered
2025-11-01,SWG101187,Fried Rice,Rice & Noodles,1,170.00,0.00,8.50,40.00,218.50,170.00,Credit Card,Delivered
2025-11-01,SWG101188,Gulab Jamun,Desserts,1,90.00,4.50,4.28,30.00,119.78,85.50,Credit Card,Delivered
2025-11-01,SWG101189,Paneer Tikka,Starters,1,230.00,11.50,10.93,0.00,229.43,218.50,Credit Card,Delivered
2025-11-01,SWG101190,Chicken Tikka,Starters,1,260.00,13.00,12.35,40.00,299.35,247.00,UPI,Delivered
2025-11-02,SWG101191,Butter Naan,Breads,1,60.00,9.00,2.55,0.00,53.55,51.00,Cash,Delivered
2025-11-02,SWG101192,Gulab Jamun,Desserts,1,90.00,13.50,3.83,30.00,110.33,76.50,Cash,Delivered
2025-11-02,SWG101193,Fried Rice,Rice & Noodles,1,170.00,25.50,7.23,40.00,191.73,144.50,Credit Card,Delivered
2025-11-02,SWG101194,Hakka Noodles,Rice & Noodles,1,180.00,27.00,7.65,20.00,180.65,153.00,UPI,Delivered
2025-11-02,SWG101195,Veg Biryani,Biryani,1,180.00,0.00,9.00,20.00,209.00,180.00,Debit Card,Delivered
2025-11-02,SWG101196,Paneer Butter Masala,Main Course,1,240.00,36.00,10.20,0.00,214.20,204.00,Debit Card,Delivered
2025-11-02,SWG101197,Chicken Biryani,Biryani,1,220.00,0.00,11.00,30.00,261.00,220.00,Debit Card,Delivered
2025-11-02,SWG101198,Masala Dosa,South Indian,1,140.00,0.00,7.00,20.00,167.00,140.00,Cash,Delivered
2025-11-02,SWG101199,Chicken Biryani,Biryani,2,440.00,44.00,19.80,30.00,445.80,396.00,Cash,Delivered
2025-11-02,SWG101200,Chicken Biryani,Biryani,1,220.00,22.00,9.90,0.00,207.90,198.00,Cash,Delivered
2025-11-02,SWG101201,Fried Rice,Rice & Noodles,1,170.00,25.50,7.23,30.00,181.73,144.50,Cash,Delivered
2025-11-02,SWG101202,Gulab Jamun,Desserts,1,90.00,4.50,4.28,40.00,129.78,85.50,Cash,Delivered
2025-11-02,SWG101203,Butter Naan,Breads,2,120.00,12.00,5.40,0.00,113.40,108.00,Cash,Delivered
2025-11-02,SWG101204,Paneer Tikka,Starters,1,230.00,34.50,9.78,30.00,235.28,195.50,Cash,Delivered
2025-11-02,SWG101205,Masala Dosa,South Indian,1,140.00,7.00,6.65,0.00,139.65,133.00,Debit Card,Delivered
2025-11-02,SWG101206,Hakka Noodles,Rice & Noodles,1,180.00,0.00,9.00,20.00,209.00,180.00,UPI,Delivered
2025-11-02,SWG101207,Gulab Jamun,Desserts,1,90.00,13.50,3.83,0.00,80.33,76.50,Credit Card,Delivered
2025-11-02,SWG101208,Chicken Biryani,Biryani,1,220.00,11.00,10.45,20.00,239.45,209.00,Cash,Delivered
2025-11-02,SWG101209,Paneer Butter Masala,Main Course,2,480.00,48.00,21.60,40.00,493.60,432.00,Cash,Delivered
2025-11-02,SWG101210,Chicken Biryani,Biryani,1,220.00,11.00,10.45,40.00,259.45,209.00,Debit Card,Delivered
2025-11-02,SWG101211,Paneer Tikka,Starters,1,230.00,0.00,11.50,0.00,241.50,230.00,Debit Card,Delivered
2025-11-02,SWG101212,Butter Naan,Breads,1,60.00,0.00,3.00,20.00,83.00,60.00,Cash,Delivered
2025-11-02,SWG101213,Butter Naan,Breads,1,60.00,6.00,2.70,20.00,76.70,54.00,UPI,Delivered
2025-11-02,SWG101214,Masala Dosa,South Indian,1,140.00,14.00,6.30,20.00,152.30,126.00,Debit Card,Delivered
2025-11-02,SWG101215,Masala Dosa,South Indian,1,140.00,0.00,7.00,0.00,147.00,140.00,Credit Card,Delivered
2025-11-02,SWG101216,Fried Rice,Rice & Noodles,1,170.00,25.50,7.23,0.00,151.73,144.50,Debit Card,Delivered
2025-11-03,SWG101217,Fried Rice,Rice & Noodles,1,170.00,0.00,8.50,40.00,218.50,170.00,Credit Card,Delivered
2025-11-03,SWG101218,Chicken Biryani,Biryani,1,220.00,0.00,11.00,20.00,251.00,220.00,Credit Card,Delivered
2025-11-03,SWG101219,Masala Dosa,South Indian,1,140.00,21.00,5.95,0.00,124.95,119.00,Credit Card,Delivered
2025-11-03,SWG101220,Butter Naan,Breads,1,60.00,3.00,2.85,20.00,79.85,57.00,Cash,Delivered
2025-11-03,SWG101221,Hakka Noodles,Rice & Noodles,1,180.00,0.00,9.00,40.00,229.00,180.00,Debit Card,Delivered
2025-11-03,SWG101222,Butter Naan,Breads,1,60.00,9.00,2.55,30.00,83.55,51.00,Cash,Delivered
2025-11-03,SWG101223,Chicken Tikka,Starters,2,520.00,26.00,24.70,30.00,548.70,494.00,UPI,Delivered
2025-11-03,SWG101224,Masala Dosa,South Indian,1,140.00,0.00,7.00,20.00,167.00,140.00,Debit Card,Delivered
2025-11-03,SWG101225,Paneer Tikka,Starters,1,230.00,23.00,10.35,30.00,247.35,207.00,Cash,Delivered
2025-11-03,SWG101226,Masala Dosa,South Indian,1,140.00,14.00,6.30,30.00,162.30,126.00,Debit Card,Delivered
2025-11-03,SWG101227,Chicken Biryani,Biryani,2,440.00,22.00,20.90,0.00,438.90,418.00,UPI,Delivered
2025-11-03,SWG101228,Chicken Biryani,Biryani,1,220.00,33.00,9.35,40.00,236.35,187.00,UPI,Delivered
2025-11-03,SWG101229,Paneer Butter Masala,Main Course,1,240.00,36.00,10.20,0.00,214.20,204.00,Cash,Delivered
2025-11-03,SWG101230,Gulab Jamun,Desserts,1,90.00,4.50,4.28,0.00,89.78,85.50,Debit Card,Delivered
2025-11-03,SWG101231,Veg Biryani,Biryani,1,180.00,9.00,8.55,0.00,179.55,171.00,Debit Card,Delivered
2025-11-03,SWG101232,Veg Biryani,Biryani,1,180.00,18.00,8.10,20.00,190.10,162.00,Cash,Delivered
2025-11-03,SWG101233,Chicken Tikka,Starters,1,260.00,39.00,11.05,20.00,252.05,221.00,Cash,Delivered
2025-11-03,SWG101234,Paneer Butter Masala,Main Course,2,480.00,72.00,20.40,20.00,448.40,408.00,Credit Card,Delivered
2025-11-03,SWG101235,Paneer Butter Masala,Main Course,1,240.00,0.00,12.00,20.00,272.00,240.00,Credit Card,Delivered
2025-11-03,SWG101236,Hakka Noodles,Rice & Noodles,1,180.00,18.00,8.10,20.00,190.10,162.00,UPI,Delivered
2025-11-04,SWG101237,Hakka Noodles,Rice & Noodles,1,180.00,27.00,7.65,0.00,160.65,153.00,UPI,Delivered
2025-11-04,SWG101238,Chicken Tikka,Starters,1,260.00,39.00,11.05,30.00,262.05,221.00,Cash,Delivered
2025-11-04,SWG101239,Fried Rice,Rice & Noodles,1,170.00,0.00,8.50,20.00,198.50,170.00,Cash,Delivered
2025-11-04,SWG101240,Hakka Noodles,Rice & Noodles,1,180.00,0.00,9.00,40.00,229.00,180.00,UPI,Delivered
2025-11-04,SWG101241,Gulab Jamun,Desserts,2,180.00,9.00,8.55,40.00,219.55,171.00,Credit Card,Delivered
2025-11-04,SWG101242,Veg Biryani,Biryani,1,180.00,18.00,8.10,0.00,170.10,162.00,UPI,Delivered
2025-11-04,SWG101243,Chicken Biryani,Biryani,1,220.00,0.00,11.00,30.00,261.00,220.00,Credit Card,Delivered
2025-11-04,SWG101244,Paneer Butter Masala,Main Course,1,240.00,24.00,10.80,0.00,226.80,216.00,Credit Card,Delivered
2025-11-04,SWG101245,Paneer Butter Masala,Main Course,2,480.00,72.00,20.40,0.00,428.40,408.00,UPI,Delivered
2025-11-04,SWG101246,Paneer Butter Masala,Main Course,3,720.00,0.00,36.00,40.00,796.00,720.00,UPI,Delivered
2025-11-04,SWG101247,Butter Naan,Breads,1,60.00,9.00,2.55,0.00,53.55,51.00,Cash,Delivered
2025-11-04,SWG101248,Paneer Butter Masala,Main Course,1,240.00,0.00,12.00,0.00,252.00,240.00,Cash,Delivered
2025-11-04,SWG101249,Paneer Tikka,Starters,1,230.00,34.50,9.78,20.00,225.28,195.50,UPI,Delivered
2025-11-04,SWG101250,Fried Rice,Rice & Noodles,1,170.00,25.50,7.23,0.00,151.73,144.50,UPI,Delivered
2025-11-04,SWG101251,Fried Rice,Rice & Noodles,1,170.00,8.50,8.08,0.00,169.58,161.50,UPI,Delivered
2025-11-04,SWG101252,Gulab Jamun,Desserts,2,180.00,9.00,8.55,20.00,199.55,171.00,Debit Card,Delivered
2025-11-04,SWG101253,Chicken Tikka,Starters,1,260.00,39.00,11.05,20.00,252.05,221.00,UPI,Delivered
2025-11-04,SWG101254,Chicken Biryani,Biryani,1,220.00,33.00,9.35,30.00,226.35,187.00,Credit Card,Delivered
2025-11-04,SWG101255,Butter Naan,Breads,1,60.00,6.00,2.70,30.00,86.70,54.00,UPI,Delivered
2025-11-04,SWG101256,Hakka Noodles,Rice & Noodles,1,180.00,9.00,8.55,0.00,179.55,171.00,UPI,Delivered
2025-11-04,SWG101257,Paneer Tikka,Starters,1,230.00,11.50,10.93,20.00,249.43,218.50,Debit Card,Delivered
2025-11-04,SWG101258,Veg Biryani,Biryani,1,180.00,27.00,7.65,30.00,190.65,153.00,Debit Card,Delivered
2025-11-04,SWG101259,Gulab Jamun,Desserts,1,90.00,9.00,4.05,20.00,105.05,81.00,UPI,Delivered
2025-11-04,SWG101260,Fried Rice,Rice & Noodles,1,170.00,0.00,8.50,20.00,198.50,170.00,Cash,Delivered
2025-11-05,SWG101261,Gulab Jamun,Desserts,1,90.00,13.50,3.83,30.00,110.33,76.50,Cash,Delivered
2025-11-05,SWG101262,Veg Biryani,Biryani,1,180.00,0.00,9.00,30.00,219.00,180.00,Debit Card,Delivered
2025-11-05,SWG101263,Chicken Biryani,Biryani,1,220.00,11.00,10.45,30.00,249.45,209.00,Debit Card,Delivered
2025-11-05,SWG101264,Chicken Biryani,Biryani,3,660.00,33.00,31.35,20.00,678.35,627.00,Credit Card,Delivered
2025-11-05,SWG101265,Masala Dosa,South Indian,1,140.00,14.00,6.30,20.00,152.30,126.00,UPI,Delivered
2025-11-05,SWG101266,Butter Naan,Breads,2,120.00,0.00,6.00,0.00,126.00,120.00,Credit Card,Delivered
2025-11-05,SWG101267,Paneer Tikka,Starters,1,230.00,0.00,11.50,30.00,271.50,230.00,Debit Card,Delivered
2025-11-05,SWG101268,Fried Rice,Rice & Noodles,1,170.00,17.00,7.65,20.00,180.65,153.00,Cash,Delivered
2025-11-05,SWG101269,Paneer Butter Masala,Main Course,1,240.00,12.00,11.40,20.00,259.40,228.00,Cash,Delivered
2025-11-05,SWG101270,Chicken Tikka,Starters,1,260.00,39.00,11.05,20.00,252.05,221.00,Credit Card,Delivered
2025-11-05,SWG101271,Hakka Noodles,Rice & Noodles,1,180.00,9.00,8.55,30.00,209.55,171.00,Debit Card,Delivered
2025-11-05,SWG101272,Butter Naan,Breads,2,120.00,18.00,5.10,20.00,127.10,102.00,Cash,Delivered
2025-11-05,SWG101273,Gulab Jamun,Desserts,1,90.00,13.50,3.83,30.00,110.33,76.50,Cash,Delivered
2025-11-05,SWG101274,Butter Naan,Breads,1,60.00,6.00,2.70,40.00,96.70,54.00,Cash,Delivered
2025-11-05,SWG101275,Fried Rice,Rice & Noodles,1,170.00,25.50,7.23,0.00,151.73,144.50,Credit Card,Delivered
2025-11-05,SWG101276,Fried Rice,Rice & Noodles,2,340.00,51.00,14.45,20.00,323.45,289.00,Cash,Delivered
2025-11-05,SWG101277,Gulab Jamun,Desserts,1,90.00,9.00,4.05,30.00,115.05,81.00,Credit Card,Delivered
2025-11-06,SWG101278,Hakka Noodles,Rice & Noodles,1,180.00,0.00,9.00,40.00,229.00,180.00,Debit Card,Delivered
2025-11-06,SWG101279,Paneer Tikka,Starters,1,230.00,34.50,9.78,40.00,245.28,195.50,Cash,Delivered
2025-11-06,SWG101280,Chicken Tikka,Starters,1,260.00,0.00,13.00,20.00,293.00,260.00,Debit Card,Delivered
2025-11-06,SWG101281,Paneer Butter Masala,Main Course,1,240.00,0.00,12.00,30.00,282.00,240.00,UPI,Delivered
2025-11-06,SWG101282,Masala Dosa,South Indian,2,280.00,0.00,14.00,0.00,294.00,280.00,UPI,Delivered
2025-11-06,SWG101283,Hakka Noodles,Rice & Noodles,1,180.00,9.00,8.55,30.00,209.55,171.00,Debit Card,Delivered
2025-11-06,SWG101284,Veg Biryani,Biryani,1,180.00,9.00,8.55,30.00,209.55,171.00,Debit Card,Delivered
2025-11-06,SWG101285,Masala Dosa,South Indian,2,280.00,42.00,11.90,40.00,289.90,238.00,UPI,Delivered
2025-11-06,SWG101286,Fried Rice,Rice & Noodles,1,170.00,8.50,8.08,40.00,209.58,161.50,Credit Card,Delivered
2025-11-06,SWG101287,Fried Rice,Rice & Noodles,1,170.00,25.50,7.23,40.00,191.73,144.50,UPI,Delivered
2025-11-06,SWG101288,Chicken Tikka,Starters,2,520.00,78.00,22.10,40.00,504.10,442.00,Cash,Delivered
2025-11-06,SWG101289,Hakka Noodles,Rice & Noodles,1,180.00,9.00,8.55,20.00,199.55,171.00,UPI,Delivered
2025-11-06,SWG101290,Fried Rice,Rice & Noodles,2,340.00,34.00,15.30,30.00,351.30,306.00,Cash,Delivered
2025-11-06,SWG101291,Paneer Tikka,Starters,2,460.00,46.00,20.70,30.00,464.70,414.00,UPI,Delivered
2025-11-06,SWG101292,Butter Naan,Breads,1,60.00,6.00,2.70,40.00,96.70,0.00,Credit Card,Cancelled
2025-11-06,SWG101293,Paneer Tikka,Starters,1,230.00,34.50,9.78,20.00,225.28,195.50,Debit Card,Delivered
2025-11-06,SWG101294,Gulab Jamun,Desserts,3,270.00,27.00,12.15,0.00,255.15,243.00,Credit Card,Delivered
2025-11-06,SWG101295,Chicken Biryani,Biryani,2,440.00,66.00,18.70,0.00,392.70,374.00,UPI,Delivered
2025-11-07,SWG101296,Paneer Tikka,Starters,1,230.00,11.50,10.93,30.00,259.43,218.50,UPI,Delivered
2025-11-07,SWG101297,Fried Rice,Rice & Noodles,1,170.00,0.00,8.50,20.00,198.50,170.00,Cash,Delivered
2025-11-07,SWG101298,Paneer Tikka,Starters,1,230.00,0.00,11.50,20.00,261.50,230.00,Cash,Delivered
2025-11-07,SWG101299,Paneer Butter Masala,Main Course,1,240.00,12.00,11.40,20.00,259.40,228.00,Debit Card,Delivered
2025-11-07,SWG101300,Paneer Tikka,Starters,2,460.00,69.00,19.55,20.00,430.55,391.00,Debit Card,Delivered
2025-11-07,SWG101301,Gulab Jamun,Desserts,1,90.00,13.50,3.83,30.00,110.33,76.50,Credit Card,Delivered
2025-11-07,SWG101302,Fried Rice,Rice & Noodles,1,170.00,25.50,7.23,20.00,171.73,144.50,Cash,Delivered
2025-11-07,SWG101303,Fried Rice,Rice & Noodles,1,170.00,0.00,8.50,0.00,178.50,170.00,Cash,Delivered
2025-11-07,SWG101304,Chicken Tikka,Starters,1,260.00,26.00,11.70,40.00,285.70,234.00,Credit Card,Delivered
2025-11-07,SWG101305,Paneer Tikka,Starters,1,230.00,34.50,9.78,40.00,245.28,195.50,Credit Card,Delivered
2025-11-07,SWG101306,Gulab Jamun,Desserts,1,90.00,0.00,4.50,20.00,114.50,90.00,Credit Card,Delivered
2025-11-07,SWG101307,Masala Dosa,South Indian,2,280.00,28.00,12.60,0.00,264.60,252.00,Credit Card,Delivered
2025-11-07,SWG101308,Fried Rice,Rice & Noodles,1,170.00,0.00,8.50,30.00,208.50,170.00,UPI,Delivered
2025-11-07,SWG101309,Hakka Noodles,Rice & Noodles,2,360.00,36.00,16.20,40.00,380.20,324.00,Debit Card,Delivered
2025-11-07,SWG101310,Veg Biryani,Biryani,1,180.00,27.00,7.65,0.00,160.65,153.00,Cash,Delivered
2025-11-07,SWG101311,Paneer Tikka,Starters,1,230.00,34.50,9.78,20.00,225.28,195.50,UPI,Delivered
2025-11-07,SWG101312,Masala Dosa,South Indian,1,140.00,7.00,6.65,30.00,169.65,133.00,Cash,Delivered
2025-11-07,SWG101313,Fried Rice,Rice & Noodles,1,170.00,0.00,8.50,20.00,198.50,170.00,Cash,Delivered
2025-11-07,SWG101314,Butter Naan,Breads,1,60.00,6.00,2.70,20.00,76.70,54.00,UPI,Delivered
2025-11-08,SWG101315,Paneer Butter Masala,Main Course,1,240.00,36.00,10.20,20.00,234.20,204.00,UPI,Delivered
2025-11-08,SWG101316,Masala Dosa,South Indian,1,140.00,14.00,6.30,20.00,152.30,126.00,UPI,Delivered
2025-11-08,SWG101317,Hakka Noodles,Rice & Noodles,1,180.00,0.00,9.00,0.00,189.00,180.00,Debit Card,Delivered
2025-11-08,SWG101318,Fried Rice,Rice & Noodles,1,170.00,0.00,8.50,0.00,178.50,170.00,Credit Card,Delivered
2025-11-08,SWG101319,Veg Biryani,Biryani,1,180.00,9.00,8.55,20.00,199.55,171.00,Cash,Delivered
2025-11-08,SWG101320,Chicken Biryani,Biryani,3,660.00,66.00,29.70,20.00,643.70,594.00,UPI,Delivered
2025-11-08,SWG101321,Veg Biryani,Biryani,3,540.00,0.00,27.00,20.00,587.00,540.00,UPI,Delivered
2025-11-08,SWG101322,Paneer Tikka,Starters,1,230.00,23.00,10.35,30.00,247.35,207.00,Credit Card,Delivered
2025-11-08,SWG101323,Gulab Jamun,Desserts,1,90.00,13.50,3.83,40.00,120.33,76.50,Credit Card,Delivered
2025-11-08,SWG101324,Paneer Butter Masala,Main Course,1,240.00,12.00,11.40,0.00,239.40,228.00,Debit Card,Delivered
2025-11-08,SWG101325,Chicken Biryani,Biryani,1,220.00,33.00,9.35,20.00,216.35,187.00,Debit Card,Delivered
2025-11-08,SWG101326,Gulab Jamun,Desserts,1,90.00,0.00,4.50,20.00,114.50,90.00,Cash,Delivered
2025-11-08,SWG101327,Paneer Butter Masala,Main Course,1,240.00,12.00,11.40,30.00,269.40,228.00,Debit Card,Delivered
2025-11-08,SWG101328,Paneer Tikka,Starters,1,230.00,11.50,10.93,30.00,259.43,218.50,Debit Card,Delivered
2025-11-08,SWG101329,Fried Rice,Rice & Noodles,1,170.00,0.00,8.50,40.00,218.50,170.00,Credit Card,Delivered
2025-11-08,SWG101330,Hakka Noodles,Rice & Noodles,1,180.00,0.00,9.00,20.00,209.00,180.00,UPI,Delivered
2025-11-08,SWG101331,Masala Dosa,South Indian,1,140.00,21.00,5.95,20.00,144.95,119.00,UPI,Delivered
2025-11-08,SWG101332,Butter Naan,Breads,1,60.00,6.00,2.70,20.00,76.70,54.00,Credit Card,Delivered
2025-11-08,SWG101333,Chicken Biryani,Biryani,1,220.00,33.00,9.35,30.00,226.35,187.00,Debit Card,Delivered
2025-11-08,SWG101334,Chicken Biryani,Biryani,1,220.00,33.00,9.35,30.00,226.35,187.00,Credit Card,Delivered
2025-11-09,SWG101335,Chicken Tikka,Starters,1,260.00,13.00,12.35,0.00,259.35,247.00,Credit Card,Delivered
2025-11-09,SWG101336,Veg Biryani,Biryani,1,180.00,27.00,7.65,30.00,190.65,153.00,UPI,Delivered
2025-11-09,SWG101337,Paneer Butter Masala,Main Course,2,480.00,0.00,24.00,20.00,524.00,480.00,Credit Card,Delivered
2025-11-09,SWG101338,Veg Biryani,Biryani,1,180.00,9.00,8.55,20.00,199.55,171.00,UPI,Delivered
2025-11-09,SWG101339,Paneer Tikka,Starters,1,230.00,23.00,10.35,20.00,237.35,207.00,Credit Card,Delivered
2025-11-09,SWG101340,Paneer Tikka,Starters,1,230.00,11.50,10.93,30.00,259.43,218.50,Cash,Delivered
2025-11-09,SWG101341,Veg Biryani,Biryani,1,180.00,27.00,7.65,0.00,160.65,153.00,Debit Card,Delivered
2025-11-09,SWG101342,Paneer Tikka,Starters,1,230.00,34.50,9.78,40.00,245.28,195.50,Cash,Delivered
2025-11-09,SWG101343,Butter Naan,Breads,2,120.00,18.00,5.10,0.00,107.10,102.00,Cash,Delivered
2025-11-09,SWG101344,Paneer Butter Masala,Main Course,2,480.00,48.00,21.60,20.00,473.60,432.00,Credit Card,Delivered
2025-11-09,SWG101345,Masala Dosa,South Indian,1,140.00,14.00,6.30,40.00,172.30,126.00,Cash,Delivered
2025-11-09,SWG101346,Paneer Butter Masala,Main Course,1,240.00,36.00,10.20,20.00,234.20,204.00,Credit Card,Delivered
2025-11-09,SWG101347,Chicken Biryani,Biryani,1,220.00,22.00,9.90,40.00,247.90,198.00,Cash,Delivered
2025-11-09,SWG101348,Paneer Tikka,Starters,3,690.00,69.00,31.05,40.00,692.05,621.00,UPI,Delivered
2025-11-09,SWG101349,Paneer Tikka,Starters,2,460.00,0.00,23.00,40.00,523.00,460.00,Credit Card,Delivered
2025-11-09,SWG101350,Veg Biryani,Biryani,2,360.00,36.00,16.20,30.00,370.20,324.00,Cash,Delivered
2025-11-09,SWG101351,Chicken Tikka,Starters,1,260.00,39.00,11.05,40.00,272.05,221.00,Credit Card,Delivered
2025-11-09,SWG101352,Fried Rice,Rice & Noodles,1,170.00,17.00,7.65,0.00,160.65,153.00,Credit Card,Delivered
2025-11-09,SWG101353,Masala Dosa,South Indian,1,140.00,7.00,6.65,30.00,169.65,133.00,Credit Card,Delivered
2025-11-09,SWG101354,Chicken Biryani,Biryani,1,220.00,0.00,11.00,40.00,271.00,220.00,UPI,Delivered
2025-11-10,SWG101355,Paneer Tikka,Starters,1,230.00,34.50,9.78,30.00,235.28,195.50,Cash,Delivered
2025-11-10,SWG101356,Gulab Jamun,Desserts,1,90.00,13.50,3.83,0.00,80.33,76.50,Debit Card,Delivered
2025-11-10,SWG101357,Butter Naan,Breads,1,60.00,3.00,2.85,40.00,99.85,57.00,UPI,Delivered
2025-11-10,SWG101358,Butter Naan,Breads,2,120.00,0.00,6.00,0.00,126.00,120.00,Cash,Delivered
2025-11-10,SWG101359,Hakka Noodles,Rice & Noodles,1,180.00,18.00,8.10,40.00,210.10,162.00,Debit Card,Delivered
2025-11-10,SWG101360,Butter Naan,Breads,1,60.00,3.00,2.85,40.00,99.85,57.00,UPI,Delivered
2025-11-10,SWG101361,Fried Rice,Rice & Noodles,1,170.00,8.50,8.08,20.00,189.58,161.50,Credit Card,Delivered
2025-11-10,SWG101362,Veg Biryani,Biryani,1,180.00,27.00,7.65,40.00,200.65,153.00,UPI,Delivered
2025-11-10,SWG101363,Butter Naan,Breads,1,60.00,0.00,3.00,40.00,103.00,60.00,UPI,Delivered
2025-11-10,SWG101364,Chicken Tikka,Starters,1,260.00,13.00,12.35,40.00,299.35,247.00,UPI,Delivered
2025-11-10,SWG101365,Chicken Biryani,Biryani,1,220.00,0.00,11.00,0.00,231.00,220.00,UPI,Delivered
2025-11-10,SWG101366,Paneer Tikka,Starters,1,230.00,23.00,10.35,40.00,257.35,207.00,Debit Card,Delivered
2025-11-10,SWG101367,Gulab Jamun,Desserts,1,90.00,9.00,4.05,30.00,115.05,0.00,Credit Card,Cancelled
2025-11-10,SWG101368,Chicken Tikka,Starters,1,260.00,39.00,11.05,0.00,232.05,0.00,Debit Card,Cancelled
2025-11-10,SWG101369,Paneer Butter Masala,Main Course,1,240.00,36.00,10.20,20.00,234.20,204.00,UPI,Delivered
2025-11-11,SWG101370,Hakka Noodles,Rice & Noodles,1,180.00,9.00,8.55,30.00,209.55,171.00,Cash,Delivered
2025-11-11,SWG101371,Hakka Noodles,Rice & Noodles,1,180.00,9.00,8.55,0.00,179.55,0.00,Debit Card,Cancelled
2025-11-11,SWG101372,Chicken Biryani,Biryani,1,220.00,0.00,11.00,30.00,261.00,220.00,Credit Card,Delivered
2025-11-11,SWG101373,Gulab Jamun,Desserts,1,90.00,0.00,4.50,30.00,124.50,90.00,Cash,Delivered
2025-11-11,SWG101374,Paneer Butter Masala,Main Course,1,240.00,24.00,10.80,20.00,246.80,216.00,UPI,Delivered
2025-11-11,SWG101375,Butter Naan,Breads,1,60.00,0.00,3.00,30.00,93.00,60.00,Cash,Delivered
2025-11-11,SWG101376,Butter Naan,Breads,2,120.00,0.00,6.00,40.00,166.00,120.00,Credit Card,Delivered
2025-11-11,SWG101377,Veg Biryani,Biryani,1,180.00,0.00,9.00,0.00,189.00,180.00,UPI,Delivered
2025-11-11,SWG101378,Butter Naan,Breads,2,120.00,12.00,5.40,40.00,153.40,108.00,Credit Card,Delivered
2025-11-11,SWG101379,Masala Dosa,South Indian,1,140.00,0.00,7.00,20.00,167.00,140.00,Cash,Delivered
2025-11-11,SWG101380,Paneer Butter Masala,Main Course,2,480.00,48.00,21.60,20.00,473.60,432.00,UPI,Delivered
2025-11-11,SWG101381,Chicken Tikka,Starters,1,260.00,39.00,11.05,40.00,272.05,221.00,Credit Card,Delivered
2025-11-11,SWG101382,Masala Dosa,South Indian,1,140.00,0.00,7.00,0.00,147.00,140.00,Credit Card,Delivered
2025-11-11,SWG101383,Paneer Butter Masala,Main Course,1,240.00,12.00,11.40,30.00,269.40,228.00,UPI,Delivered
2025-11-11,SWG101384,Masala Dosa,South Indian,1,140.00,7.00,6.65,40.00,179.65,0.00,Debit Card,Cancelled
2025-11-11,SWG101385,Chicken Tikka,Starters,2,520.00,26.00,24.70,20.00,538.70,494.00,UPI,Delivered
2025-11-11,SWG101386,Hakka Noodles,Rice & Noodles,2,360.00,36.00,16.20,20.00,360.20,324.00,Debit Card,Delivered
2025-11-12,SWG101387,Fried Rice,Rice & Noodles,1,170.00,17.00,7.65,20.00,180.65,153.00,UPI,Delivered
2025-11-12,SWG101388,Gulab Jamun,Desserts,1,90.00,0.00,4.50,30.00,124.50,0.00,Cash,Cancelled
2025-11-12,SWG101389,Veg Biryani,Biryani,1,180.00,27.00,7.65,0.00,160.65,0.00,Debit Card,Cancelled
2025-11-12,SWG101390,Butter Naan,Breads,2,120.00,6.00,5.70,20.00,139.70,114.00,UPI,Delivered
2025-11-12,SWG101391,Butter Naan,Breads,2,120.00,18.00,5.10,30.00,137.10,0.00,Credit Card,Cancelled
2025-11-12,SWG101392,Chicken Biryani,Biryani,1,220.00,22.00,9.90,40.00,247.90,198.00,Debit Card,Delivered
2025-11-12,SWG101393,Paneer Tikka,Starters,1,230.00,23.00,10.35,30.00,247.35,207.00,Credit Card,Delivered
2025-11-12,SWG101394,Hakka Noodles,Rice & Noodles,1,180.00,9.00,8.55,30.00,209.55,171.00,UPI,Delivered
2025-11-12,SWG101395,Masala Dosa,South Indian,1,140.00,7.00,6.65,20.00,159.65,133.00,Cash,Delivered
2025-11-12,SWG101396,Masala Dosa,South Indian,2,280.00,14.00,13.30,20.00,299.30,266.00,Credit Card,Delivered
2025-11-12,SWG101397,Chicken Biryani,Biryani,1,220.00,0.00,11.00,20.00,251.00,220.00,Cash,Delivered
2025-11-12,SWG101398,Butter Naan,Breads,2,120.00,0.00,6.00,30.00,156.00,0.00,Credit Card,Cancelled
2025-11-12,SWG101399,Chicken Biryani,Biryani,1,220.00,22.00,9.90,40.00,247.90,198.00,Cash,Delivered
2025-11-12,SWG101400,Veg Biryani,Biryani,1,180.00,9.00,8.55,40.00,219.55,171.00,Credit Card,Delivered
2025-11-12,SWG101401,Paneer Tikka,Starters,2,460.00,0.00,23.00,40.00,523.00,460.00,Cash,Delivered
2025-11-12,SWG101402,Masala Dosa,South Indian,1,140.00,21.00,5.95,30.00,154.95,119.00,UPI,Delivered
2025-11-12,SWG101403,Paneer Butter Masala,Main Course,1,240.00,12.00,11.40,0.00,239.40,228.00,Cash,Delivered
2025-11-12,SWG101404,Masala Dosa,South Indian,1,140.00,0.00,7.00,20.00,167.00,140.00,Cash,Delivered
2025-11-12,SWG101405,Masala Dosa,South Indian,1,140.00,0.00,7.00,30.00,177.00,140.00,Credit Card,Delivered
2025-11-12,SWG101406,Paneer Tikka,Starters,2,460.00,0.00,23.00,40.00,523.00,460.00,Cash,Delivered
2025-11-13,SWG101407,Paneer Butter Masala,Main Course,1,240.00,0.00,12.00,20.00,272.00,240.00,UPI,Delivered
2025-11-13,SWG101408,Butter Naan,Breads,2,120.00,6.00,5.70,0.00,119.70,114.00,Debit Card,Delivered
2025-11-13,SWG101409,Paneer Butter Masala,Main Course,1,240.00,12.00,11.40,20.00,259.40,228.00,Debit Card,Delivered
2025-11-13,SWG101410,Chicken Biryani,Biryani,1,220.00,0.00,11.00,30.00,261.00,220.00,Credit Card,Delivered
2025-11-13,SWG101411,Paneer Tikka,Starters,3,690.00,0.00,34.50,20.00,744.50,690.00,Debit Card,Delivered
2025-11-13,SWG101412,Hakka Noodles,Rice & Noodles,1,180.00,27.00,7.65,30.00,190.65,153.00,Debit Card,Delivered
2025-11-13,SWG101413,Gulab Jamun,Desserts,1,90.00,4.50,4.28,0.00,89.78,85.50,UPI,Delivered
2025-11-13,SWG101414,Veg Biryani,Biryani,1,180.00,9.00,8.55,30.00,209.55,171.00,Credit Card,Delivered
2025-11-13,SWG101415,Butter Naan,Breads,1,60.00,3.00,2.85,30.00,89.85,57.00,Cash,Delivered
2025-11-13,SWG101416,Paneer Butter Masala,Main Course,1,240.00,24.00,10.80,40.00,266.80,216.00,Credit Card,Delivered
2025-11-13,SWG101417,Paneer Tikka,Starters,1,230.00,23.00,10.35,40.00,257.35,207.00,Credit Card,Delivered
2025-11-13,SWG101418,Hakka Noodles,Rice & Noodles,1,180.00,18.00,8.10,20.00,190.10,162.00,Credit Card,Delivered
2025-11-13,SWG101419,Paneer Tikka,Starters,2,460.00,46.00,20.70,40.00,474.70,414.00,Credit Card,Delivered
2025-11-14,SWG101420,Paneer Butter Masala,Main Course,1,240.00,36.00,10.20,0.00,214.20,204.00,UPI,Delivered
2025-11-14,SWG101421,Chicken Tikka,Starters,2,520.00,52.00,23.40,20.00,511.40,468.00,Credit Card,Delivered
2025-11-14,SWG101422,Masala Dosa,South Indian,1,140.00,21.00,5.95,20.00,144.95,119.00,UPI,Delivered
2025-11-14,SWG101423,Paneer Butter Masala,Main Course,1,240.00,24.00,10.80,40.00,266.80,216.00,Debit Card,Delivered
2025-11-14,SWG101424,Gulab Jamun,Desserts,2,180.00,18.00,8.10,0.00,170.10,162.00,Credit Card,Delivered
2025-11-14,SWG101425,Chicken Tikka,Starters,2,520.00,78.00,22.10,20.00,484.10,442.00,Cash,Delivered
2025-11-14,SWG101426,Fried Rice,Rice & Noodles,1,170.00,17.00,7.65,0.00,160.65,153.00,Credit Card,Delivered
2025-11-14,SWG101427,Butter Naan,Breads,1,60.00,6.00,2.70,0.00,56.70,54.00,Debit Card,Delivered
2025-11-14,SWG101428,Veg Biryani,Biryani,1,180.00,27.00,7.65,40.00,200.65,153.00,Debit Card,Delivered
2025-11-14,SWG101429,Fried Rice,Rice & Noodles,1,170.00,17.00,7.65,40.00,200.65,153.00,Credit Card,Delivered
2025-11-14,SWG101430,Masala Dosa,South Indian,1,140.00,0.00,7.00,30.00,177.00,140.00,Debit Card,Delivered
2025-11-14,SWG101431,Paneer Butter Masala,Main Course,1,240.00,0.00,12.00,20.00,272.00,240.00,Credit Card,Delivered
2025-11-14,SWG101432,Gulab Jamun,Desserts,1,90.00,9.00,4.05,40.00,125.05,81.00,UPI,Delivered
2025-11-14,SWG101433,Paneer Tikka,Starters,1,230.00,11.50,10.93,40.00,269.43,218.50,UPI,Delivered
2025-11-14,SWG101434,Paneer Tikka,Starters,1,230.00,11.50,10.93,0.00,229.43,218.50,Debit Card,Delivered
2025-11-14,SWG101435,Veg Biryani,Biryani,3,540.00,0.00,27.00,40.00,607.00,540.00,Credit Card,Delivered
2025-11-14,SWG101436,Butter Naan,Breads,1,60.00,3.00,2.85,30.00,89.85,57.00,Cash,Delivered
2025-11-14,SWG101437,Fried Rice,Rice & Noodles,1,170.00,17.00,7.65,0.00,160.65,153.00,Credit Card,Delivered
2025-11-14,SWG101438,Hakka Noodles,Rice & Noodles,2,360.00,0.00,18.00,30.00,408.00,360.00,Debit Card,Delivered
2025-11-14,SWG101439,Masala Dosa,South Indian,1,140.00,21.00,5.95,20.00,144.95,119.00,UPI,Delivered
2025-11-14,SWG101440,Fried Rice,Rice & Noodles,2,340.00,51.00,14.45,0.00,303.45,289.00,Cash,Delivered
2025-11-14,SWG101441,Chicken Tikka,Starters,1,260.00,0.00,13.00,0.00,273.00,260.00,Credit Card,Delivered
2025-11-14,SWG101442,Paneer Tikka,Starters,1,230.00,0.00,11.50,40.00,281.50,230.00,UPI,Delivered
2025-11-14,SWG101443,Hakka Noodles,Rice & Noodles,1,180.00,9.00,8.55,40.00,219.55,171.00,Cash,Delivered
2025-11-15,SWG101444,Chicken Biryani,Biryani,1,220.00,22.00,9.90,20.00,227.90,198.00,Debit Card,Delivered
2025-11-15,SWG101445,Masala Dosa,South Indian,1,140.00,7.00,6.65,30.00,169.65,133.00,Cash,Delivered
2025-11-15,SWG101446,Fried Rice,Rice & Noodles,1,170.00,17.00,7.65,40.00,200.65,153.00,Credit Card,Delivered
2025-11-15,SWG101447,Paneer Butter Masala,Main Course,1,240.00,0.00,12.00,20.00,272.00,240.00,Debit Card,Delivered
2025-11-15,SWG101448,Chicken Biryani,Biryani,1,220.00,11.00,10.45,40.00,259.45,209.00,Debit Card,Delivered
2025-11-15,SWG101449,Paneer Butter Masala,Main Course,1,240.00,36.00,10.20,20.00,234.20,204.00,Cash,Delivered
2025-11-15,SWG101450,Hakka Noodles,Rice & Noodles,1,180.00,27.00,7.65,20.00,180.65,153.00,UPI,Delivered
2025-11-15,SWG101451,Chicken Biryani,Biryani,1,220.00,22.00,9.90,0.00,207.90,198.00,Credit Card,Delivered
2025-11-15,SWG101452,Chicken Biryani,Biryani,1,220.00,22.00,9.90,40.00,247.90,0.00,UPI,Cancelled
2025-11-15,SWG101453,Paneer Tikka,Starters,1,230.00,23.00,10.35,40.00,257.35,207.00,Cash,Delivered
2025-11-15,SWG101454,Veg Biryani,Biryani,1,180.00,9.00,8.55,20.00,199.55,171.00,UPI,Delivered
2025-11-15,SWG101455,Masala Dosa,South Indian,3,420.00,21.00,19.95,40.00,458.95,399.00,UPI,Delivered
2025-11-15,SWG101456,Hakka Noodles,Rice & Noodles,1,180.00,9.00,8.55,20.00,199.55,171.00,Credit Card,Delivered
2025-11-15,SWG101457,Paneer Tikka,Starters,1,230.00,11.50,10.93,20.00,249.43,218.50,Credit Card,Delivered
2025-11-15,SWG101458,Paneer Butter Masala,Main Course,2,480.00,72.00,20.40,40.00,468.40,408.00,Credit Card,Delivered
2025-11-15,SWG101459,Veg Biryani,Biryani,1,180.00,27.00,7.65,0.00,160.65,153.00,UPI,Delivered
2025-11-15,SWG101460,Masala Dosa,South Indian,1,140.00,14.00,6.30,30.00,162.30,126.00,Cash,Delivered
2025-11-15,SWG101461,Veg Biryani,Biryani,1,180.00,0.00,9.00,20.00,209.00,180.00,UPI,Delivered
2025-11-15,SWG101462,Chicken Tikka,Starters,1,260.00,39.00,11.05,30.00,262.05,221.00,UPI,Delivered
2025-11-15,SWG101463,Paneer Tikka,Starters,1,230.00,34.50,9.78,30.00,235.28,195.50,UPI,Delivered
2025-11-15,SWG101464,Paneer Butter Masala,Main Course,1,240.00,12.00,11.40,30.00,269.40,228.00,Debit Card,Delivered
2025-11-15,SWG101465,Gulab Jamun,Desserts,1,90.00,9.00,4.05,20.00,105.05,81.00,Credit Card,Delivered
2025-11-15,SWG101466,Gulab Jamun,Desserts,1,90.00,0.00,4.50,20.00,114.50,90.00,UPI,Delivered
2025-11-16,SWG101467,Veg Biryani,Biryani,1,180.00,27.00,7.65,0.00,160.65,153.00,Debit Card,Delivered
2025-11-16,SWG101468,Masala Dosa,South Indian,1,140.00,7.00,6.65,20.00,159.65,133.00,Credit Card,Delivered
2025-11-16,SWG101469,Paneer Tikka,Starters,1,230.00,23.00,10.35,30.00,247.35,207.00,Cash,Delivered
2025-11-16,SWG101470,Paneer Butter Masala,Main Course,2,480.00,0.00,24.00,40.00,544.00,480.00,UPI,Delivered
2025-11-16,SWG101471,Butter Naan,Breads,1,60.00,3.00,2.85,30.00,89.85,57.00,UPI,Delivered
2025-11-16,SWG101472,Veg Biryani,Biryani,1,180.00,27.00,7.65,40.00,200.65,153.00,UPI,Delivered
2025-11-16,SWG101473,Butter Naan,Breads,1,60.00,9.00,2.55,40.00,93.55,51.00,Debit Card,Delivered
2025-11-16,SWG101474,Veg Biryani,Biryani,1,180.00,9.00,8.55,20.00,199.55,171.00,UPI,Delivered
2025-11-16,SWG101475,Hakka Noodles,Rice & Noodles,1,180.00,18.00,8.10,30.00,200.10,162.00,Debit Card,Delivered
2025-11-16,SWG101476,Masala Dosa,South Indian,1,140.00,7.00,6.65,20.00,159.65,133.00,Credit Card,Delivered
2025-11-16,SWG101477,Masala Dosa,South Indian,1,140.00,7.00,6.65,30.00,169.65,133.00,Debit Card,Delivered
2025-11-16,SWG101478,Chicken Biryani,Biryani,1,220.00,11.00,10.45,20.00,239.45,209.00,UPI,Delivered
2025-11-16,SWG101479,Chicken Tikka,Starters,1,260.00,26.00,11.70,30.00,275.70,234.00,Debit Card,Delivered
2025-11-16,SWG101480,Butter Naan,Breads,1,60.00,6.00,2.70,30.00,86.70,0.00,UPI,Cancelled
2025-11-16,SWG101481,Chicken Tikka,Starters,1,260.00,26.00,11.70,20.00,265.70,234.00,UPI,Delivered
2025-11-16,SWG101482,Hakka Noodles,Rice & Noodles,1,180.00,0.00,9.00,40.00,229.00,180.00,Debit Card,Delivered
2025-11-16,SWG101483,Gulab Jamun,Desserts,1,90.00,13.50,3.83,20.00,100.33,76.50,Credit Card,Delivered
2025-11-16,SWG101484,Gulab Jamun,Desserts,1,90.00,13.50,3.83,20.00,100.33,76.50,Cash,Delivered
2025-11-16,SWG101485,Chicken Tikka,Starters,1,260.00,39.00,11.05,0.00,232.05,221.00,Cash,Delivered
2025-11-16,SWG101486,Butter Naan,Breads,2,120.00,6.00,5.70,20.00,139.70,114.00,Credit Card,Delivered
2025-11-16,SWG101487,Masala Dosa,South Indian,1,140.00,7.00,6.65,20.00,159.65,133.00,Credit Card,Delivered
2025-11-16,SWG101488,Paneer Butter Masala,Main Course,1,240.00,36.00,10.20,20.00,234.20,204.00,Cash,Delivered
2025-11-16,SWG101489,Paneer Butter Masala,Main Course,1,240.00,12.00,11.40,0.00,239.40,228.00,Cash,Delivered
2025-11-16,SWG101490,Paneer Tikka,Starters,1,230.00,0.00,11.50,0.00,241.50,230.00,UPI,Delivered
2025-11-16,SWG101491,Masala Dosa,South Indian,1,140.00,0.00,7.00,0.00,147.00,140.00,UPI,Delivered
2025-11-16,SWG101492,Hakka Noodles,Rice & Noodles,1,180.00,18.00,8.10,0.00,170.10,162.00,Cash,Delivered
2025-11-16,SWG101493,Gulab Jamun,Desserts,2,180.00,9.00,8.55,30.00,209.55,171.00,Credit Card,Delivered
2025-11-16,SWG101494,Veg Biryani,Biryani,1,180.00,18.00,8.10,0.00,170.10,162.00,UPI,Delivered
2025-11-16,SWG101495,Paneer Butter Masala,Main Course,1,240.00,0.00,12.00,40.00,292.00,240.00,Credit Card,Delivered
2025-11-16,SWG101496,Chicken Biryani,Biryani,1,220.00,33.00,9.35,20.00,216.35,187.00,Debit Card,Delivered
2025-11-16,SWG101497,Veg Biryani,Biryani,2,360.00,54.00,15.30,0.00,321.30,306.00,UPI,Delivered
2025-11-16,SWG101498,Veg Biryani,Biryani,1,180.00,18.00,8.10,30.00,200.10,162.00,Debit Card,Delivered
2025-11-17,SWG101499,Paneer Butter Masala,Main Course,1,240.00,0.00,12.00,0.00,252.00,240.00,Credit Card,Delivered
2025-11-17,SWG101500,Paneer Tikka,Starters,1,230.00,11.50,10.93,40.00,269.43,218.50,Debit Card,Delivered
2025-11-17,SWG101501,Gulab Jamun,Desserts,2,180.00,18.00,8.10,0.00,170.10,162.00,Cash,Delivered
2025-11-17,SWG101502,Chicken Tikka,Starters,2,520.00,0.00,26.00,0.00,546.00,520.00,Credit Card,Delivered
2025-11-17,SWG101503,Butter Naan,Breads,1,60.00,9.00,2.55,40.00,93.55,51.00,Cash,Delivered
2025-11-17,SWG101504,Paneer Butter Masala,Main Course,1,240.00,36.00,10.20,30.00,244.20,204.00,Debit Card,Delivered
2025-11-17,SWG101505,Butter Naan,Breads,1,60.00,9.00,2.55,30.00,83.55,51.00,Cash,Delivered
2025-11-17,SWG101506,Fried Rice,Rice & Noodles,1,170.00,25.50,7.23,30.00,181.73,144.50,Credit Card,Delivered
2025-11-17,SWG101507,Paneer Tikka,Starters,1,230.00,34.50,9.78,40.00,245.28,195.50,Credit Card,Delivered
2025-11-17,SWG101508,Paneer Tikka,Starters,1,230.00,34.50,9.78,20.00,225.28,195.50,Credit Card,Delivered
2025-11-17,SWG101509,Chicken Tikka,Starters,1,260.00,0.00,13.00,30.00,303.00,260.00,Credit Card,Delivered
2025-11-17,SWG101510,Paneer Butter Masala,Main Course,1,240.00,24.00,10.80,30.00,256.80,216.00,Credit Card,Delivered
2025-11-17,SWG101511,Masala Dosa,South Indian,1,140.00,21.00,5.95,20.00,144.95,119.00,Credit Card,Delivered
2025-11-17,SWG101512,Chicken Biryani,Biryani,1,220.00,0.00,11.00,20.00,251.00,220.00,UPI,Delivered
2025-11-17,SWG101513,Paneer Tikka,Starters,1,230.00,0.00,11.50,0.00,241.50,230.00,Credit Card,Delivered
2025-11-17,SWG101514,Chicken Biryani,Biryani,1,220.00,11.00,10.45,0.00,219.45,209.00,UPI,Delivered
2025-11-17,SWG101515,Gulab Jamun,Desserts,2,180.00,27.00,7.65,20.00,180.65,153.00,Cash,Delivered
2025-11-17,SWG101516,Butter Naan,Breads,1,60.00,6.00,2.70,40.00,96.70,54.00,Debit Card,Delivered
2025-11-17,SWG101517,Fried Rice,Rice & Noodles,2,340.00,0.00,17.00,30.00,387.00,340.00,UPI,Delivered
2025-11-17,SWG101518,Chicken Biryani,Biryani,1,220.00,11.00,10.45,20.00,239.45,209.00,Cash,Delivered
2025-11-18,SWG101519,Hakka Noodles,Rice & Noodles,1,180.00,18.00,8.10,30.00,200.10,162.00,Cash,Delivered
2025-11-18,SWG101520,Butter Naan,Breads,1,60.00,0.00,3.00,40.00,103.00,0.00,Credit Card,Cancelled
2025-11-18,SWG101521,Veg Biryani,Biryani,1,180.00,0.00,9.00,20.00,209.00,180.00,UPI,Delivered
2025-11-18,SWG101522,Fried Rice,Rice & Noodles,1,170.00,25.50,7.23,40.00,191.73,144.50,Debit Card,Delivered
2025-11-18,SWG101523,Paneer Tikka,Starters,1,230.00,0.00,11.50,0.00,241.50,230.00,Debit Card,Delivered
2025-11-18,SWG101524,Chicken Biryani,Biryani,1,220.00,11.00,10.45,0.00,219.45,209.00,UPI,Delivered
2025-11-18,SWG101525,Masala Dosa,South Indian,1,140.00,7.00,6.65,0.00,139.65,133.00,UPI,Delivered
2025-11-18,SWG101526,Gulab Jamun,Desserts,1,90.00,13.50,3.83,0.00,80.33,76.50,UPI,Delivered
2025-11-18,SWG101527,Masala Dosa,South Indian,1,140.00,14.00,6.30,30.00,162.30,126.00,Credit Card,Delivered
2025-11-18,SWG101528,Chicken Tikka,Starters,2,520.00,52.00,23.40,20.00,511.40,468.00,UPI,Delivered
2025-11-18,SWG101529,Chicken Tikka,Starters,1,260.00,0.00,13.00,20.00,293.00,260.00,Cash,Delivered
2025-11-18,SWG101530,Fried Rice,Rice & Noodles,1,170.00,0.00,8.50,30.00,208.50,170.00,Cash,Delivered
2025-11-18,SWG101531,Paneer Butter Masala,Main Course,2,480.00,0.00,24.00,20.00,524.00,480.00,Credit Card,Delivered
2025-11-18,SWG101532,Butter Naan,Breads,3,180.00,18.00,8.10,40.00,210.10,162.00,Debit Card,Delivered
2025-11-19,SWG101533,Masala Dosa,South Indian,1,140.00,21.00,5.95,0.00,124.95,119.00,Cash,Delivered
2025-11-19,SWG101534,Veg Biryani,Biryani,1,180.00,0.00,9.00,20.00,209.00,180.00,Cash,Delivered
2025-11-19,SWG101535,Paneer Butter Masala,Main Course,2,480.00,24.00,22.80,30.00,508.80,456.00,UPI,Delivered
2025-11-19,SWG101536,Fried Rice,Rice & Noodles,1,170.00,17.00,7.65,20.00,180.65,153.00,Credit Card,Delivered
2025-11-19,SWG101537,Paneer Butter Masala,Main Course,1,240.00,24.00,10.80,30.00,256.80,216.00,Credit Card,Delivered
2025-11-19,SWG101538,Fried Rice,Rice & Noodles,1,170.00,25.50,7.23,30.00,181.73,144.50,Cash,Delivered
2025-11-19,SWG101539,Butter Naan,Breads,2,120.00,18.00,5.10,0.00,107.10,102.00,Debit Card,Delivered
2025-11-19,SWG101540,Paneer Tikka,Starters,1,230.00,11.50,10.93,40.00,269.43,218.50,Debit Card,Delivered
2025-11-19,SWG101541,Chicken Tikka,Starters,1,260.00,39.00,11.05,40.00,272.05,221.00,UPI,Delivered
2025-11-19,SWG101542,Gulab Jamun,Desserts,3,270.00,0.00,13.50,20.00,303.50,270.00,UPI,Delivered
2025-11-20,SWG101543,Paneer Tikka,Starters,1,230.00,34.50,9.78,0.00,205.28,195.50,Cash,Delivered
2025-11-20,SWG101544,Paneer Butter Masala,Main Course,1,240.00,36.00,10.20,40.00,254.20,204.00,Credit Card,Delivered
2025-11-20,SWG101545,Paneer Butter Masala,Main Course,2,480.00,72.00,20.40,40.00,468.40,408.00,Debit Card,Delivered
2025-11-20,SWG101546,Paneer Butter Masala,Main Course,1,240.00,36.00,10.20,20.00,234.20,204.00,Cash,Delivered
2025-11-20,SWG101547,Paneer Butter Masala,Main Course,1,240.00,0.00,12.00,20.00,272.00,240.00,Credit Card,Delivered
2025-11-20,SWG101548,Veg Biryani,Biryani,1,180.00,0.00,9.00,40.00,229.00,180.00,Debit Card,Delivered
2025-11-20,SWG101549,Paneer Tikka,Starters,3,690.00,34.50,32.77,0.00,688.27,655.50,UPI,Delivered
2025-11-20,SWG101550,Paneer Tikka,Starters,1,230.00,11.50,10.93,0.00,229.43,218.50,Debit Card,Delivered
2025-11-20,SWG101551,Paneer Tikka,Starters,1,230.00,34.50,9.78,40.00,245.28,195.50,Debit Card,Delivered
2025-11-20,SWG101552,Butter Naan,Breads,2,120.00,0.00,6.00,40.00,166.00,120.00,Debit Card,Delivered
2025-11-20,SWG101553,Butter Naan,Breads,1,60.00,9.00,2.55,40.00,93.55,51.00,Credit Card,Delivered
2025-11-20,SWG101554,Paneer Tikka,Starters,1,230.00,34.50,9.78,0.00,205.28,195.50,Credit Card,Delivered
2025-11-20,SWG101555,Paneer Butter Masala,Main Course,1,240.00,12.00,11.40,30.00,269.40,228.00,Debit Card,Delivered
2025-11-20,SWG101556,Chicken Biryani,Biryani,1,220.00,33.00,9.35,20.00,216.35,187.00,Debit Card,Delivered
2025-11-20,SWG101557,Paneer Butter Masala,Main Course,2,480.00,72.00,20.40,30.00,458.40,408.00,UPI,Delivered
2025-11-20,SWG101558,Fried Rice,Rice & Noodles,2,340.00,17.00,16.15,40.00,379.15,323.00,UPI,Delivered
2025-11-20,SWG101559,Chicken Biryani,Biryani,1,220.00,11.00,10.45,40.00,259.45,209.00,Credit Card,Delivered
2025-11-20,SWG101560,Gulab Jamun,Desserts,1,90.00,9.00,4.05,20.00,105.05,81.00,UPI,Delivered
2025-11-20,SWG101561,Chicken Tikka,Starters,2,520.00,0.00,26.00,30.00,576.00,520.00,UPI,Delivered
2025-11-21,SWG101562,Fried Rice,Rice & Noodles,1,170.00,25.50,7.23,40.00,191.73,144.50,Debit Card,Delivered
2025-11-21,SWG101563,Hakka Noodles,Rice & Noodles,1,180.00,18.00,8.10,0.00,170.10,162.00,Cash,Delivered
2025-11-21,SWG101564,Paneer Tikka,Starters,1,230.00,11.50,10.93,40.00,269.43,218.50,Cash,Delivered
2025-11-21,SWG101565,Masala Dosa,South Indian,1,140.00,0.00,7.00,0.00,147.00,140.00,UPI,Delivered
2025-11-21,SWG101566,Paneer Butter Masala,Main Course,1,240.00,36.00,10.20,0.00,214.20,204.00,UPI,Delivered
2025-11-21,SWG101567,Fried Rice,Rice & Noodles,1,170.00,0.00,8.50,30.00,208.50,170.00,Credit Card,Delivered
2025-11-21,SWG101568,Veg Biryani,Biryani,2,360.00,54.00,15.30,0.00,321.30,306.00,Cash,Delivered
2025-11-21,SWG101569,Paneer Butter Masala,Main Course,1,240.00,36.00,10.20,40.00,254.20,204.00,Cash,Delivered
2025-11-21,SWG101570,Chicken Biryani,Biryani,2,440.00,22.00,20.90,30.00,468.90,418.00,Debit Card,Delivered
2025-11-21,SWG101571,Masala Dosa,South Indian,2,280.00,42.00,11.90,20.00,269.90,238.00,Cash,Delivered
2025-11-21,SWG101572,Chicken Biryani,Biryani,1,220.00,11.00,10.45,30.00,249.45,209.00,Debit Card,Delivered
2025-11-21,SWG101573,Chicken Tikka,Starters,1,260.00,39.00,11.05,20.00,252.05,221.00,Cash,Delivered
2025-11-21,SWG101574,Veg Biryani,Biryani,1,180.00,27.00,7.65,0.00,160.65,153.00,Cash,Delivered
2025-11-21,SWG101575,Butter Naan,Breads,2,120.00,18.00,5.10,20.00,127.10,102.00,Debit Card,Delivered
2025-11-21,SWG101576,Hakka Noodles,Rice & Noodles,1,180.00,9.00,8.55,0.00,179.55,171.00,Credit Card,Delivered
2025-11-21,SWG101577,Hakka Noodles,Rice & Noodles,1,180.00,27.00,7.65,30.00,190.65,153.00,Credit Card,Delivered
2025-11-21,SWG101578,Chicken Tikka,Starters,1,260.00,0.00,13.00,0.00,273.00,260.00,Credit Card,Delivered
2025-11-21,SWG101579,Chicken Biryani,Biryani,1,220.00,0.00,11.00,40.00,271.00,220.00,Credit Card,Delivered
2025-11-21,SWG101580,Fried Rice,Rice & Noodles,1,170.00,17.00,7.65,20.00,180.65,153.00,Credit Card,Delivered
2025-11-21,SWG101581,Masala Dosa,South Indian,1,140.00,7.00,6.65,40.00,179.65,133.00,UPI,Delivered
2025-11-21,SWG101582,Masala Dosa,South Indian,1,140.00,7.00,6.65,0.00,139.65,133.00,UPI,Delivered
2025-11-21,SWG101583,Paneer Butter Masala,Main Course,1,240.00,0.00,12.00,0.00,252.00,240.00,Debit Card,Delivered
2025-11-21,SWG101584,Butter Naan,Breads,1,60.00,9.00,2.55,30.00,83.55,51.00,Credit Card,Delivered
2025-11-21,SWG101585,Paneer Tikka,Starters,1,230.00,0.00,11.50,40.00,281.50,230.00,UPI,Delivered
2025-11-22,SWG101586,Chicken Tikka,Starters,1,260.00,39.00,11.05,20.00,252.05,221.00,UPI,Delivered
2025-11-22,SWG101587,Butter Naan,Breads,1,60.00,0.00,3.00,0.00,63.00,0.00,Debit Card,Cancelled
2025-11-22,SWG101588,Fried Rice,Rice & Noodles,3,510.00,0.00,25.50,20.00,555.50,510.00,Debit Card,Delivered
2025-11-22,SWG101589,Paneer Butter Masala,Main Course,1,240.00,0.00,12.00,0.00,252.00,240.00,Credit Card,Delivered
2025-11-22,SWG101590,Veg Biryani,Biryani,2,360.00,0.00,18.00,20.00,398.00,360.00,Credit Card,Delivered
2025-11-22,SWG101591,Veg Biryani,Biryani,1,180.00,9.00,8.55,30.00,209.55,171.00,Credit Card,Delivered
2025-11-22,SWG101592,Paneer Butter Masala,Main Course,1,240.00,24.00,10.80,40.00,266.80,216.00,Cash,Delivered
2025-11-22,SWG101593,Paneer Tikka,Starters,1,230.00,34.50,9.78,20.00,225.28,195.50,Credit Card,Delivered
2025-11-22,SWG101594,Masala Dosa,South Indian,3,420.00,0.00,21.00,30.00,471.00,420.00,Credit Card,Delivered
2025-11-22,SWG101595,Fried Rice,Rice & Noodles,1,170.00,25.50,7.23,40.00,191.73,144.50,Debit Card,Delivered
2025-11-22,SWG101596,Chicken Tikka,Starters,1,260.00,39.00,11.05,40.00,272.05,221.00,Debit Card,Delivered
2025-11-22,SWG101597,Chicken Tikka,Starters,2,520.00,0.00,26.00,40.00,586.00,520.00,UPI,Delivered
2025-11-22,SWG101598,Hakka Noodles,Rice & Noodles,1,180.00,27.00,7.65,30.00,190.65,153.00,Debit Card,Delivered
2025-11-22,SWG101599,Paneer Tikka,Starters,1,230.00,11.50,10.93,30.00,259.43,218.50,Credit Card,Delivered
2025-11-22,SWG101600,Chicken Tikka,Starters,1,260.00,13.00,12.35,30.00,289.35,247.00,Debit Card,Delivered
2025-11-22,SWG101601,Paneer Butter Masala,Main Course,1,240.00,0.00,12.00,30.00,282.00,240.00,Debit Card,Delivered
2025-11-22,SWG101602,Veg Biryani,Biryani,1,180.00,27.00,7.65,30.00,190.65,153.00,Credit Card,Delivered
2025-11-22,SWG101603,Paneer Butter Masala,Main Course,1,240.00,0.00,12.00,40.00,292.00,240.00,Cash,Delivered
2025-11-22,SWG101604,Chicken Tikka,Starters,2,520.00,26.00,24.70,20.00,538.70,494.00,Cash,Delivered
2025-11-22,SWG101605,Fried Rice,Rice & Noodles,1,170.00,17.00,7.65,40.00,200.65,153.00,Cash,Delivered
2025-11-22,SWG101606,Butter Naan,Breads,1,60.00,9.00,2.55,20.00,73.55,51.00,Debit Card,Delivered
2025-11-22,SWG101607,Chicken Biryani,Biryani,1,220.00,0.00,11.00,40.00,271.00,220.00,Cash,Delivered
2025-11-22,SWG101608,Chicken Biryani,Biryani,2,440.00,0.00,22.00,30.00,492.00,440.00,UPI,Delivered
2025-11-23,SWG101609,Fried Rice,Rice & Noodles,1,170.00,25.50,7.23,30.00,181.73,144.50,Debit Card,Delivered
2025-11-23,SWG101610,Paneer Tikka,Starters,1,230.00,23.00,10.35,40.00,257.35,207.00,Cash,Delivered
2025-11-23,SWG101611,Masala Dosa,South Indian,1,140.00,21.00,5.95,40.00,164.95,119.00,UPI,Delivered
2025-11-23,SWG101612,Chicken Tikka,Starters,2,520.00,0.00,26.00,0.00,546.00,520.00,UPI,Delivered
2025-11-23,SWG101613,Butter Naan,Breads,1,60.00,6.00,2.70,40.00,96.70,54.00,UPI,Delivered
2025-11-23,SWG101614,Veg Biryani,Biryani,1,180.00,18.00,8.10,0.00,170.10,162.00,UPI,Delivered
2025-11-23,SWG101615,Masala Dosa,South Indian,2,280.00,0.00,14.00,0.00,294.00,280.00,Debit Card,Delivered
2025-11-23,SWG101616,Paneer Butter Masala,Main Course,1,240.00,36.00,10.20,30.00,244.20,204.00,Credit Card,Delivered
2025-11-23,SWG101617,Gulab Jamun,Desserts,1,90.00,4.50,4.28,30.00,119.78,85.50,Cash,Delivered
2025-11-23,SWG101618,Fried Rice,Rice & Noodles,1,170.00,8.50,8.08,40.00,209.58,161.50,Debit Card,Delivered
2025-11-23,SWG101619,Chicken Tikka,Starters,2,520.00,78.00,22.10,20.00,484.10,442.00,Debit Card,Delivered
2025-11-23,SWG101620,Paneer Butter Masala,Main Course,1,240.00,12.00,11.40,20.00,259.40,228.00,UPI,Delivered
2025-11-23,SWG101621,Fried Rice,Rice & Noodles,1,170.00,0.00,8.50,20.00,198.50,170.00,Cash,Delivered
2025-11-23,SWG101622,Veg Biryani,Biryani,1,180.00,18.00,8.10,20.00,190.10,162.00,Debit Card,Delivered
2025-11-23,SWG101623,Masala Dosa,South Indian,1,140.00,7.00,6.65,0.00,139.65,133.00,Credit Card,Delivered
2025-11-23,SWG101624,Chicken Tikka,Starters,1,260.00,39.00,11.05,20.00,252.05,221.00,Credit Card,Delivered
2025-11-23,SWG101625,Paneer Butter Masala,Main Course,1,240.00,12.00,11.40,30.00,269.40,228.00,UPI,Delivered
2025-11-23,SWG101626,Butter Naan,Breads,1,60.00,0.00,3.00,0.00,63.00,60.00,Cash,Delivered
2025-11-23,SWG101627,Butter Naan,Breads,1,60.00,9.00,2.55,40.00,93.55,51.00,UPI,Delivered
2025-11-23,SWG101628,Hakka Noodles,Rice & Noodles,1,180.00,27.00,7.65,20.00,180.65,153.00,Cash,Delivered
2025-11-23,SWG101629,Hakka Noodles,Rice & Noodles,1,180.00,27.00,7.65,30.00,190.65,153.00,UPI,Delivered
2025-11-23,SWG101630,Paneer Tikka,Starters,1,230.00,34.50,9.78,20.00,225.28,195.50,Cash,Delivered
2025-11-23,SWG101631,Butter Naan,Breads,1,60.00,9.00,2.55,40.00,93.55,51.00,UPI,Delivered
2025-11-23,SWG101632,Veg Biryani,Biryani,3,540.00,27.00,25.65,0.00,538.65,513.00,UPI,Delivered
2025-11-23,SWG101633,Gulab Jamun,Desserts,1,90.00,0.00,4.50,0.00,94.50,90.00,Cash,Delivered
2025-11-23,SWG101634,Paneer Tikka,Starters,1,230.00,11.50,10.93,30.00,259.43,218.50,Credit Card,Delivered
2025-11-24,SWG101635,Masala Dosa,South Indian,1,140.00,14.00,6.30,0.00,132.30,126.00,Cash,Delivered
2025-11-24,SWG101636,Masala Dosa,South Indian,2,280.00,14.00,13.30,20.00,299.30,266.00,UPI,Delivered
2025-11-24,SWG101637,Butter Naan,Breads,1,60.00,9.00,2.55,20.00,73.55,51.00,Cash,Delivered
2025-11-24,SWG101638,Paneer Tikka,Starters,1,230.00,11.50,10.93,30.00,259.43,218.50,Credit Card,Delivered
2025-11-24,SWG101639,Chicken Biryani,Biryani,1,220.00,33.00,9.35,0.00,196.35,187.00,Credit Card,Delivered
2025-11-24,SWG101640,Fried Rice,Rice & Noodles,1,170.00,0.00,8.50,30.00,208.50,170.00,Credit Card,Delivered
2025-11-24,SWG101641,Butter Naan,Breads,2,120.00,0.00,6.00,30.00,156.00,120.00,Debit Card,Delivered
2025-11-24,SWG101642,Fried Rice,Rice & Noodles,1,170.00,17.00,7.65,30.00,190.65,153.00,Debit Card,Delivered
2025-11-24,SWG101643,Chicken Tikka,Starters,1,260.00,26.00,11.70,30.00,275.70,234.00,Cash,Delivered
2025-11-24,SWG101644,Paneer Butter Masala,Main Course,1,240.00,0.00,12.00,20.00,272.00,0.00,Credit Card,Cancelled
2025-11-24,SWG101645,Butter Naan,Breads,1,60.00,0.00,3.00,20.00,83.00,60.00,Cash,Delivered
2025-11-24,SWG101646,Chicken Tikka,Starters,1,260.00,0.00,13.00,20.00,293.00,260.00,Cash,Delivered
2025-11-24,SWG101647,Paneer Butter Masala,Main Course,3,720.00,108.00,30.60,20.00,662.60,612.00,Debit Card,Delivered
2025-11-24,SWG101648,Chicken Tikka,Starters,1,260.00,39.00,11.05,30.00,262.05,221.00,UPI,Delivered
2025-11-24,SWG101649,Gulab Jamun,Desserts,1,90.00,9.00,4.05,0.00,85.05,81.00,Cash,Delivered
2025-11-24,SWG101650,Gulab Jamun,Desserts,3,270.00,27.00,12.15,30.00,285.15,243.00,UPI,Delivered
2025-11-24,SWG101651,Fried Rice,Rice & Noodles,2,340.00,17.00,16.15,40.00,379.15,323.00,Debit Card,Delivered
2025-11-24,SWG101652,Gulab Jamun,Desserts,1,90.00,4.50,4.28,30.00,119.78,85.50,UPI,Delivered
2025-11-25,SWG101653,Masala Dosa,South Indian,1,140.00,0.00,7.00,20.00,167.00,140.00,UPI,Delivered
2025-11-25,SWG101654,Chicken Biryani,Biryani,1,220.00,0.00,11.00,40.00,271.00,220.00,UPI,Delivered
2025-11-25,SWG101655,Chicken Biryani,Biryani,1,220.00,22.00,9.90,30.00,237.90,198.00,Credit Card,Delivered
2025-11-25,SWG101656,Paneer Butter Masala,Main Course,1,240.00,12.00,11.40,20.00,259.40,228.00,UPI,Delivered
2025-11-25,SWG101657,Masala Dosa,South Indian,1,140.00,21.00,5.95,30.00,154.95,119.00,Cash,Delivered
2025-11-25,SWG101658,Paneer Tikka,Starters,1,230.00,0.00,11.50,30.00,271.50,230.00,Debit Card,Delivered
2025-11-25,SWG101659,Butter Naan,Breads,1,60.00,6.00,2.70,20.00,76.70,54.00,Credit Card,Delivered
2025-11-25,SWG101660,Masala Dosa,South Indian,1,140.00,7.00,6.65,30.00,169.65,133.00,Debit Card,Delivered
2025-11-25,SWG101661,Gulab Jamun,Desserts,2,180.00,27.00,7.65,20.00,180.65,153.00,Cash,Delivered
2025-11-25,SWG101662,Paneer Butter Masala,Main Course,1,240.00,36.00,10.20,30.00,244.20,204.00,Debit Card,Delivered
2025-11-25,SWG101663,Fried Rice,Rice & Noodles,1,170.00,25.50,7.23,40.00,191.73,144.50,Cash,Delivered
2025-11-25,SWG101664,Chicken Biryani,Biryani,2,440.00,0.00,22.00,40.00,502.00,440.00,Credit Card,Delivered
2025-11-25,SWG101665,Gulab Jamun,Desserts,2,180.00,9.00,8.55,30.00,209.55,171.00,Debit Card,Delivered
2025-11-25,SWG101666,Chicken Biryani,Biryani,2,440.00,66.00,18.70,20.00,412.70,374.00,UPI,Delivered
2025-11-26,SWG101667,Hakka Noodles,Rice & Noodles,1,180.00,0.00,9.00,0.00,189.00,180.00,UPI,Delivered
2025-11-26,SWG101668,Chicken Tikka,Starters,1,260.00,26.00,11.70,40.00,285.70,234.00,UPI,Delivered
2025-11-26,SWG101669,Paneer Butter Masala,Main Course,1,240.00,0.00,12.00,20.00,272.00,240.00,Cash,Delivered
2025-11-26,SWG101670,Butter Naan,Breads,1,60.00,3.00,2.85,30.00,89.85,57.00,UPI,Delivered
2025-11-26,SWG101671,Fried Rice,Rice & Noodles,1,170.00,8.50,8.08,0.00,169.58,161.50,Credit Card,Delivered
2025-11-26,SWG101672,Gulab Jamun,Desserts,2,180.00,0.00,9.00,20.00,209.00,180.00,Cash,Delivered
2025-11-26,SWG101673,Chicken Biryani,Biryani,2,440.00,66.00,18.70,40.00,432.70,374.00,UPI,Delivered
2025-11-26,SWG101674,Masala Dosa,South Indian,1,140.00,7.00,6.65,20.00,159.65,133.00,Debit Card,Delivered
2025-11-26,SWG101675,Gulab Jamun,Desserts,1,90.00,0.00,4.50,40.00,134.50,90.00,UPI,Delivered
2025-11-26,SWG101676,Butter Naan,Breads,1,60.00,3.00,2.85,20.00,79.85,57.00,Credit Card,Delivered
2025-11-26,SWG101677,Fried Rice,Rice & Noodles,1,170.00,17.00,7.65,0.00,160.65,153.00,Cash,Delivered
2025-11-27,SWG101678,Chicken Tikka,Starters,1,260.00,39.00,11.05,40.00,272.05,221.00,UPI,Delivered
2025-11-27,SWG101679,Fried Rice,Rice & Noodles,1,170.00,25.50,7.23,20.00,171.73,144.50,Cash,Delivered
2025-11-27,SWG101680,Paneer Butter Masala,Main Course,1,240.00,0.00,12.00,30.00,282.00,240.00,Cash,Delivered
2025-11-27,SWG101681,Chicken Biryani,Biryani,2,440.00,44.00,19.80,20.00,435.80,396.00,Cash,Delivered
2025-11-27,SWG101682,Masala Dosa,South Indian,1,140.00,7.00,6.65,30.00,169.65,133.00,Credit Card,Delivered
2025-11-27,SWG101683,Chicken Tikka,Starters,2,520.00,78.00,22.10,0.00,464.10,442.00,Credit Card,Delivered
2025-11-27,SWG101684,Chicken Tikka,Starters,1,260.00,26.00,11.70,40.00,285.70,234.00,Credit Card,Delivered
2025-11-27,SWG101685,Masala Dosa,South Indian,2,280.00,28.00,12.60,40.00,304.60,252.00,Cash,Delivered
2025-11-27,SWG101686,Paneer Tikka,Starters,3,690.00,34.50,32.77,30.00,718.27,655.50,Debit Card,Delivered
2025-11-27,SWG101687,Gulab Jamun,Desserts,3,270.00,27.00,12.15,40.00,295.15,243.00,UPI,Delivered
2025-11-27,SWG101688,Butter Naan,Breads,1,60.00,0.00,3.00,40.00,103.00,60.00,Cash,Delivered
2025-11-27,SWG101689,Chicken Tikka,Starters,2,520.00,26.00,24.70,0.00,518.70,494.00,Credit Card,Delivered
2025-11-27,SWG101690,Paneer Tikka,Starters,2,460.00,69.00,19.55,0.00,410.55,391.00,Debit Card,Delivered
2025-11-27,SWG101691,Paneer Butter Masala,Main Course,1,240.00,0.00,12.00,40.00,292.00,240.00,UPI,Delivered
2025-11-27,SWG101692,Butter Naan,Breads,1,60.00,9.00,2.55,40.00,93.55,51.00,Credit Card,Delivered
2025-11-27,SWG101693,Veg Biryani,Biryani,1,180.00,27.00,7.65,30.00,190.65,153.00,Credit Card,Delivered
2025-11-27,SWG101694,Paneer Tikka,Starters,2,460.00,23.00,21.85,0.00,458.85,437.00,UPI,Delivered
2025-11-27,SWG101695,Veg Biryani,Biryani,1,180.00,9.00,8.55,0.00,179.55,171.00,Cash,Delivered
2025-11-27,SWG101696,Gulab Jamun,Desserts,1,90.00,0.00,4.50,30.00,124.50,90.00,Cash,Delivered
2025-11-28,SWG101697,Fried Rice,Rice & Noodles,1,170.00,17.00,7.65,20.00,180.65,153.00,Cash,Delivered
2025-11-28,SWG101698,Paneer Tikka,Starters,1,230.00,0.00,11.50,0.00,241.50,230.00,Debit Card,Delivered
2025-11-28,SWG101699,Paneer Butter Masala,Main Course,1,240.00,12.00,11.40,0.00,239.40,228.00,Debit Card,Delivered
2025-11-28,SWG101700,Chicken Biryani,Biryani,1,220.00,22.00,9.90,30.00,237.90,198.00,Debit Card,Delivered
2025-11-28,SWG101701,Paneer Butter Masala,Main Course,2,480.00,24.00,22.80,30.00,508.80,456.00,Credit Card,Delivered
2025-11-28,SWG101702,Hakka Noodles,Rice & Noodles,2,360.00,36.00,16.20,40.00,380.20,324.00,UPI,Delivered
2025-11-28,SWG101703,Gulab Jamun,Desserts,1,90.00,9.00,4.05,0.00,85.05,81.00,Cash,Delivered
2025-11-28,SWG101704,Masala Dosa,South Indian,1,140.00,0.00,7.00,20.00,167.00,140.00,Debit Card,Delivered
2025-11-28,SWG101705,Chicken Biryani,Biryani,1,220.00,0.00,11.00,0.00,231.00,220.00,UPI,Delivered
2025-11-28,SWG101706,Paneer Tikka,Starters,1,230.00,0.00,11.50,40.00,281.50,230.00,Debit Card,Delivered
2025-11-28,SWG101707,Chicken Biryani,Biryani,1,220.00,33.00,9.35,20.00,216.35,187.00,Cash,Delivered
2025-11-28,SWG101708,Fried Rice,Rice & Noodles,1,170.00,8.50,8.08,0.00,169.58,161.50,UPI,Delivered
2025-11-28,SWG101709,Veg Biryani,Biryani,1,180.00,27.00,7.65,0.00,160.65,153.00,UPI,Delivered
2025-11-28,SWG101710,Paneer Tikka,Starters,2,460.00,23.00,21.85,40.00,498.85,437.00,Credit Card,Delivered
2025-11-28,SWG101711,Paneer Butter Masala,Main Course,1,240.00,24.00,10.80,30.00,256.80,216.00,Cash,Delivered
2025-11-28,SWG101712,Chicken Biryani,Biryani,1,220.00,0.00,11.00,0.00,231.00,220.00,UPI,Delivered
2025-11-28,SWG101713,Chicken Biryani,Biryani,2,440.00,22.00,20.90,0.00,438.90,418.00,Credit Card,Delivered
2025-11-28,SWG101714,Fried Rice,Rice & Noodles,1,170.00,0.00,8.50,30.00,208.50,170.00,Credit Card,Delivered
2025-11-28,SWG101715,Masala Dosa,South Indian,1,140.00,21.00,5.95,40.00,164.95,119.00,UPI,Delivered
2025-11-28,SWG101716,Paneer Butter Masala,Main Course,1,240.00,12.00,11.40,40.00,279.40,228.00,Debit Card,Delivered
2025-11-28,SWG101717,Veg Biryani,Biryani,1,180.00,18.00,8.10,30.00,200.10,162.00,Debit Card,Delivered
2025-11-28,SWG101718,Veg Biryani,Biryani,1,180.00,18.00,8.10,30.00,200.10,162.00,UPI,Delivered
2025-11-28,SWG101719,Chicken Biryani,Biryani,1,220.00,33.00,9.35,40.00,236.35,187.00,Credit Card,Delivered
2025-11-29,SWG101720,Butter Naan,Breads,2,120.00,6.00,5.70,30.00,149.70,114.00,Credit Card,Delivered
2025-11-29,SWG101721,Paneer Butter Masala,Main Course,1,240.00,12.00,11.40,0.00,239.40,0.00,Cash,Cancelled
2025-11-29,SWG101722,Fried Rice,Rice & Noodles,3,510.00,0.00,25.50,40.00,575.50,510.00,Debit Card,Delivered
2025-11-29,SWG101723,Masala Dosa,South Indian,1,140.00,14.00,6.30,0.00,132.30,126.00,Cash,Delivered
2025-11-29,SWG101724,Fried Rice,Rice & Noodles,1,170.00,25.50,7.23,40.00,191.73,144.50,Credit Card,Delivered
2025-11-29,SWG101725,Veg Biryani,Biryani,1,180.00,27.00,7.65,0.00,160.65,153.00,UPI,Delivered
2025-11-29,SWG101726,Hakka Noodles,Rice & Noodles,2,360.00,0.00,18.00,30.00,408.00,360.00,Debit Card,Delivered
2025-11-29,SWG101727,Gulab Jamun,Desserts,1,90.00,0.00,4.50,30.00,124.50,90.00,Cash,Delivered
2025-11-29,SWG101728,Paneer Tikka,Starters,2,460.00,0.00,23.00,0.00,483.00,460.00,Debit Card,Delivered
2025-11-29,SWG101729,Hakka Noodles,Rice & Noodles,1,180.00,18.00,8.10,20.00,190.10,162.00,Cash,Delivered
2025-11-29,SWG101730,Veg Biryani,Biryani,1,180.00,0.00,9.00,30.00,219.00,180.00,Debit Card,Delivered
2025-11-29,SWG101731,Paneer Butter Masala,Main Course,3,720.00,72.00,32.40,30.00,710.40,648.00,UPI,Delivered
2025-11-29,SWG101732,Gulab Jamun,Desserts,1,90.00,9.00,4.05,30.00,115.05,81.00,UPI,Delivered
2025-11-29,SWG101733,Paneer Butter Masala,Main Course,1,240.00,24.00,10.80,30.00,256.80,216.00,Cash,Delivered
2025-11-29,SWG101734,Fried Rice,Rice & Noodles,1,170.00,0.00,8.50,40.00,218.50,170.00,Debit Card,Delivered
2025-11-29,SWG101735,Fried Rice,Rice & Noodles,1,170.00,8.50,8.08,40.00,209.58,161.50,UPI,Delivered
2025-11-29,SWG101736,Masala Dosa,South Indian,2,280.00,28.00,12.60,0.00,264.60,252.00,Debit Card,Delivered
2025-11-29,SWG101737,Masala Dosa,South Indian,1,140.00,21.00,5.95,20.00,144.95,119.00,Credit Card,Delivered
2025-11-29,SWG101738,Butter Naan,Breads,2,120.00,0.00,6.00,20.00,146.00,120.00,UPI,Delivered
2025-11-29,SWG101739,Butter Naan,Breads,1,60.00,9.00,2.55,30.00,83.55,51.00,Credit Card,Delivered
2025-11-29,SWG101740,Chicken Biryani,Biryani,3,660.00,66.00,29.70,30.00,653.70,594.00,Debit Card,Delivered
2025-11-29,SWG101741,Hakka Noodles,Rice & Noodles,1,180.00,9.00,8.55,30.00,209.55,171.00,Cash,Delivered
2025-11-29,SWG101742,Paneer Butter Masala,Main Course,1,240.00,12.00,11.40,20.00,259.40,228.00,Debit Card,Delivered
2025-11-29,SWG101743,Paneer Tikka,Starters,1,230.00,34.50,9.78,30.00,235.28,195.50,Debit Card,Delivered
2025-11-29,SWG101744,Gulab Jamun,Desserts,2,180.00,18.00,8.10,40.00,210.10,162.00,Debit Card,Delivered
2025-11-30,SWG101745,Gulab Jamun,Desserts,1,90.00,9.00,4.05,0.00,85.05,81.00,Credit Card,Delivered
2025-11-30,SWG101746,Gulab Jamun,Desserts,1,90.00,4.50,4.28,30.00,119.78,85.50,Debit Card,Delivered
2025-11-30,SWG101747,Veg Biryani,Biryani,1,180.00,0.00,9.00,20.00,209.00,180.00,UPI,Delivered
2025-11-30,SWG101748,Paneer Butter Masala,Main Course,3,720.00,36.00,34.20,40.00,758.20,684.00,UPI,Delivered
2025-11-30,SWG101749,Hakka Noodles,Rice & Noodles,2,360.00,54.00,15.30,40.00,361.30,306.00,Credit Card,Delivered
2025-11-30,SWG101750,Gulab Jamun,Desserts,1,90.00,4.50,4.28,30.00,119.78,85.50,Debit Card,Delivered
2025-11-30,SWG101751,Veg Biryani,Biryani,1,180.00,0.00,9.00,20.00,209.00,180.00,Cash,Delivered
2025-11-30,SWG101752,Chicken Tikka,Starters,1,260.00,0.00,13.00,30.00,303.00,260.00,Credit Card,Delivered
2025-11-30,SWG101753,Fried Rice,Rice & Noodles,2,340.00,17.00,16.15,20.00,359.15,323.00,Credit Card,Delivered
2025-11-30,SWG101754,Paneer Tikka,Starters,1,230.00,11.50,10.93,30.00,259.43,218.50,Debit Card,Delivered
2025-11-30,SWG101755,Chicken Tikka,Starters,1,260.00,39.00,11.05,40.00,272.05,221.00,Credit Card,Delivered
2025-12-01,SWG101756,Gulab Jamun,Desserts,1,90.00,4.50,4.28,20.00,109.78,85.50,UPI,Delivered
2025-12-01,SWG101757,Butter Naan,Breads,1,60.00,6.00,2.70,40.00,96.70,54.00,Credit Card,Delivered
2025-12-01,SWG101758,Chicken Biryani,Biryani,2,440.00,0.00,22.00,20.00,482.00,0.00,Credit Card,Cancelled
2025-12-01,SWG101759,Hakka Noodles,Rice & Noodles,2,360.00,54.00,15.30,40.00,361.30,306.00,Cash,Delivered
2025-12-01,SWG101760,Hakka Noodles,Rice & Noodles,1,180.00,18.00,8.10,0.00,170.10,162.00,Debit Card,Delivered
2025-12-01,SWG101761,Gulab Jamun,Desserts,1,90.00,0.00,4.50,0.00,94.50,90.00,Debit Card,Delivered
2025-12-01,SWG101762,Fried Rice,Rice & Noodles,2,340.00,51.00,14.45,40.00,343.45,289.00,Cash,Delivered
2025-12-01,SWG101763,Butter Naan,Breads,1,60.00,0.00,3.00,20.00,83.00,60.00,Debit Card,Delivered
2025-12-01,SWG101764,Fried Rice,Rice & Noodles,1,170.00,25.50,7.23,20.00,171.73,144.50,Debit Card,Delivered
2025-12-01,SWG101765,Paneer Butter Masala,Main Course,1,240.00,36.00,10.20,30.00,244.20,204.00,Cash,Delivered
2025-12-01,SWG101766,Masala Dosa,South Indian,1,140.00,14.00,6.30,20.00,152.30,126.00,UPI,Delivered
2025-12-01,SWG101767,Veg Biryani,Biryani,1,180.00,18.00,8.10,30.00,200.10,162.00,Debit Card,Delivered
2025-12-01,SWG101768,Butter Naan,Breads,1,60.00,6.00,2.70,40.00,96.70,54.00,Credit Card,Delivered
2025-12-01,SWG101769,Masala Dosa,South Indian,2,280.00,28.00,12.60,0.00,264.60,252.00,Debit Card,Delivered
2025-12-01,SWG101770,Butter Naan,Breads,1,60.00,3.00,2.85,0.00,59.85,57.00,UPI,Delivered
2025-12-01,SWG101771,Hakka Noodles,Rice & Noodles,1,180.00,9.00,8.55,0.00,179.55,171.00,UPI,Delivered
2025-12-01,SWG101772,Chicken Tikka,Starters,1,260.00,39.00,11.05,40.00,272.05,221.00,Cash,Delivered
2025-12-01,SWG101773,Masala Dosa,South Indian,2,280.00,0.00,14.00,40.00,334.00,280.00,Cash,Delivered
2025-12-01,SWG101774,Masala Dosa,South Indian,1,140.00,7.00,6.65,30.00,169.65,133.00,UPI,Delivered
2025-12-02,SWG101775,Veg Biryani,Biryani,1,180.00,18.00,8.10,20.00,190.10,162.00,Debit Card,Delivered
2025-12-02,SWG101776,Fried Rice,Rice & Noodles,1,170.00,0.00,8.50,30.00,208.50,170.00,UPI,Delivered
2025-12-02,SWG101777,Paneer Tikka,Starters,1,230.00,23.00,10.35,20.00,237.35,207.00,UPI,Delivered
2025-12-02,SWG101778,Chicken Biryani,Biryani,1,220.00,33.00,9.35,20.00,216.35,187.00,Debit Card,Delivered
2025-12-02,SWG101779,Fried Rice,Rice & Noodles,1,170.00,8.50,8.08,40.00,209.58,161.50,Credit Card,Delivered
2025-12-02,SWG101780,Paneer Butter Masala,Main Course,3,720.00,36.00,34.20,0.00,718.20,684.00,Cash,Delivered
2025-12-02,SWG101781,Hakka Noodles,Rice & Noodles,1,180.00,9.00,8.55,0.00,179.55,171.00,Debit Card,Delivered
2025-12-02,SWG101782,Gulab Jamun,Desserts,1,90.00,4.50,4.28,30.00,119.78,85.50,Credit Card,Delivered
2025-12-02,SWG101783,Masala Dosa,South Indian,2,280.00,28.00,12.60,40.00,304.60,252.00,Cash,Delivered
2025-12-02,SWG101784,Gulab Jamun,Desserts,1,90.00,13.50,3.83,30.00,110.33,76.50,UPI,Delivered
2025-12-02,SWG101785,Masala Dosa,South Indian,1,140.00,21.00,5.95,30.00,154.95,119.00,Cash,Delivered
2025-12-02,SWG101786,Paneer Butter Masala,Main Course,1,240.00,24.00,10.80,0.00,226.80,216.00,Cash,Delivered
2025-12-02,SWG101787,Butter Naan,Breads,2,120.00,18.00,5.10,40.00,147.10,102.00,Credit Card,Delivered
2025-12-02,SWG101788,Chicken Biryani,Biryani,1,220.00,11.00,10.45,40.00,259.45,209.00,Debit Card,Delivered
2025-12-02,SWG101789,Masala Dosa,South Indian,1,140.00,21.00,5.95,40.00,164.95,119.00,Cash,Delivered
2025-12-02,SWG101790,Paneer Tikka,Starters,1,230.00,0.00,11.50,30.00,271.50,230.00,Credit Card,Delivered
2025-12-02,SWG101791,Chicken Tikka,Starters,1,260.00,0.00,13.00,30.00,303.00,260.00,Credit Card,Delivered
2025-12-02,SWG101792,Gulab Jamun,Desserts,2,180.00,9.00,8.55,0.00,179.55,171.00,Debit Card,Delivered
2025-12-02,SWG101793,Butter Naan,Breads,1,60.00,0.00,3.00,0.00,63.00,60.00,UPI,Delivered
2025-12-02,SWG101794,Chicken Tikka,Starters,2,520.00,0.00,26.00,0.00,546.00,520.00,Debit Card,Delivered
2025-12-02,SWG101795,Hakka Noodles,Rice & Noodles,1,180.00,9.00,8.55,40.00,219.55,171.00,Credit Card,Delivered
2025-12-02,SWG101796,Masala Dosa,South Indian,2,280.00,28.00,12.60,30.00,294.60,252.00,Credit Card,Delivered
2025-12-02,SWG101797,Chicken Biryani,Biryani,1,220.00,0.00,11.00,0.00,231.00,220.00,Cash,Delivered
2025-12-02,SWG101798,Chicken Biryani,Biryani,1,220.00,22.00,9.90,0.00,207.90,198.00,Credit Card,Delivered
2025-12-02,SWG101799,Chicken Biryani,Biryani,1,220.00,0.00,11.00,40.00,271.00,220.00,Credit Card,Delivered
2025-12-03,SWG101800,Masala Dosa,South Indian,2,280.00,0.00,14.00,0.00,294.00,280.00,Cash,Delivered
2025-12-03,SWG101801,Chicken Biryani,Biryani,1,220.00,11.00,10.45,0.00,219.45,209.00,Cash,Delivered
2025-12-03,SWG101802,Veg Biryani,Biryani,2,360.00,36.00,16.20,30.00,370.20,324.00,UPI,Delivered
2025-12-03,SWG101803,Masala Dosa,South Indian,1,140.00,7.00,6.65,0.00,139.65,133.00,Cash,Delivered
2025-12-03,SWG101804,Paneer Tikka,Starters,1,230.00,0.00,11.50,20.00,261.50,230.00,Debit Card,Delivered
2025-12-03,SWG101805,Fried Rice,Rice & Noodles,1,170.00,8.50,8.08,40.00,209.58,161.50,Cash,Delivered
2025-12-03,SWG101806,Paneer Tikka,Starters,3,690.00,0.00,34.50,40.00,764.50,690.00,UPI,Delivered
2025-12-03,SWG101807,Paneer Tikka,Starters,2,460.00,69.00,19.55,30.00,440.55,391.00,UPI,Delivered
2025-12-03,SWG101808,Masala Dosa,South Indian,1,140.00,0.00,7.00,0.00,147.00,140.00,Credit Card,Delivered
2025-12-03,SWG101809,Fried Rice,Rice & Noodles,1,170.00,0.00,8.50,20.00,198.50,170.00,Cash,Delivered
2025-12-03,SWG101810,Hakka Noodles,Rice & Noodles,1,180.00,9.00,8.55,0.00,179.55,171.00,Debit Card,Delivered
2025-12-03,SWG101811,Paneer Tikka,Starters,1,230.00,23.00,10.35,20.00,237.35,207.00,Cash,Delivered
2025-12-03,SWG101812,Chicken Biryani,Biryani,1,220.00,11.00,10.45,40.00,259.45,209.00,Debit Card,Delivered
2025-12-03,SWG101813,Veg Biryani,Biryani,1,180.00,27.00,7.65,0.00,160.65,153.00,Cash,Delivered
2025-12-03,SWG101814,Paneer Butter Masala,Main Course,1,240.00,0.00,12.00,20.00,272.00,240.00,UPI,Delivered
2025-12-03,SWG101815,Butter Naan,Breads,1,60.00,0.00,3.00,0.00,63.00,60.00,Cash,Delivered
2025-12-04,SWG101816,Fried Rice,Rice & Noodles,1,170.00,25.50,7.23,40.00,191.73,144.50,UPI,Delivered
2025-12-04,SWG101817,Paneer Tikka,Starters,3,690.00,69.00,31.05,30.00,682.05,621.00,Debit Card,Delivered
2025-12-04,SWG101818,Gulab Jamun,Desserts,1,90.00,4.50,4.28,30.00,119.78,85.50,Credit Card,Delivered
2025-12-04,SWG101819,Gulab Jamun,Desserts,3,270.00,27.00,12.15,30.00,285.15,243.00,Credit Card,Delivered
2025-12-04,SWG101820,Chicken Tikka,Starters,2,520.00,26.00,24.70,20.00,538.70,494.00,Cash,Delivered
2025-12-04,SWG101821,Chicken Biryani,Biryani,1,220.00,11.00,10.45,20.00,239.45,209.00,UPI,Delivered
2025-12-04,SWG101822,Masala Dosa,South Indian,1,140.00,7.00,6.65,0.00,139.65,133.00,Debit Card,Delivered
2025-12-04,SWG101823,Paneer Butter Masala,Main Course,1,240.00,36.00,10.20,20.00,234.20,204.00,Credit Card,Delivered
2025-12-04,SWG101824,Chicken Tikka,Starters,1,260.00,13.00,12.35,30.00,289.35,247.00,Cash,Delivered
2025-12-04,SWG101825,Gulab Jamun,Desserts,1,90.00,9.00,4.05,40.00,125.05,81.00,Credit Card,Delivered
2025-12-04,SWG101826,Paneer Butter Masala,Main Course,1,240.00,0.00,12.00,20.00,272.00,240.00,Debit Card,Delivered
2025-12-04,SWG101827,Gulab Jamun,Desserts,1,90.00,13.50,3.83,30.00,110.33,76.50,Debit Card,Delivered
2025-12-04,SWG101828,Gulab Jamun,Desserts,1,90.00,13.50,3.83,20.00,100.33,76.50,Credit Card,Delivered
2025-12-04,SWG101829,Veg Biryani,Biryani,1,180.00,9.00,8.55,20.00,199.55,171.00,UPI,Delivered
2025-12-04,SWG101830,Chicken Tikka,Starters,1,260.00,0.00,13.00,20.00,293.00,260.00,Cash,Delivered
2025-12-04,SWG101831,Paneer Tikka,Starters,1,230.00,23.00,10.35,30.00,247.35,207.00,UPI,Delivered
2025-12-04,SWG101832,Veg Biryani,Biryani,1,180.00,27.00,7.65,40.00,200.65,153.00,Debit Card,Delivered
2025-12-04,SWG101833,Masala Dosa,South Indian,2,280.00,28.00,12.60,0.00,264.60,252.00,Credit Card,Delivered
2025-12-04,SWG101834,Butter Naan,Breads,2,120.00,12.00,5.40,20.00,133.40,108.00,Cash,Delivered
2025-12-04,SWG101835,Fried Rice,Rice & Noodles,1,170.00,17.00,7.65,0.00,160.65,153.00,Cash,Delivered
2025-12-04,SWG101836,Chicken Tikka,Starters,1,260.00,26.00,11.70,40.00,285.70,234.00,Debit Card,Delivered
2025-12-05,SWG101837,Paneer Tikka,Starters,1,230.00,11.50,10.93,40.00,269.43,218.50,UPI,Delivered
2025-12-05,SWG101838,Veg Biryani,Biryani,1,180.00,9.00,8.55,0.00,179.55,171.00,Debit Card,Delivered
2025-12-05,SWG101839,Paneer Butter Masala,Main Course,2,480.00,48.00,21.60,0.00,453.60,432.00,UPI,Delivered
2025-12-05,SWG101840,Masala Dosa,South Indian,1,140.00,21.00,5.95,0.00,124.95,0.00,Debit Card,Cancelled
2025-12-05,SWG101841,Masala Dosa,South Indian,1,140.00,0.00,7.00,40.00,187.00,0.00,Cash,Cancelled
2025-12-05,SWG101842,Fried Rice,Rice & Noodles,1,170.00,0.00,8.50,0.00,178.50,170.00,Credit Card,Delivered
2025-12-05,SWG101843,Butter Naan,Breads,2,120.00,6.00,5.70,0.00,119.70,114.00,UPI,Delivered
2025-12-05,SWG101844,Chicken Biryani,Biryani,1,220.00,0.00,11.00,30.00,261.00,220.00,Debit Card,Delivered
2025-12-05,SWG101845,Veg Biryani,Biryani,1,180.00,0.00,9.00,30.00,219.00,180.00,Debit Card,Delivered
2025-12-05,SWG101846,Butter Naan,Breads,2,120.00,12.00,5.40,0.00,113.40,108.00,Cash,Delivered
2025-12-05,SWG101847,Paneer Tikka,Starters,2,460.00,0.00,23.00,0.00,483.00,460.00,Credit Card,Delivered
2025-12-05,SWG101848,Masala Dosa,South Indian,1,140.00,21.00,5.95,0.00,124.95,119.00,Credit Card,Delivered
2025-12-05,SWG101849,Hakka Noodles,Rice & Noodles,1,180.00,0.00,9.00,30.00,219.00,180.00,Debit Card,Delivered
2025-12-05,SWG101850,Paneer Butter Masala,Main Course,1,240.00,0.00,12.00,40.00,292.00,240.00,UPI,Delivered
2025-12-05,SWG101851,Butter Naan,Breads,1,60.00,3.00,2.85,30.00,89.85,57.00,UPI,Delivered
2025-12-05,SWG101852,Butter Naan,Breads,2,120.00,6.00,5.70,30.00,149.70,114.00,Credit Card,Delivered
2025-12-05,SWG101853,Masala Dosa,South Indian,2,280.00,14.00,13.30,20.00,299.30,266.00,Cash,Delivered
2025-12-05,SWG101854,Masala Dosa,South Indian,1,140.00,7.00,6.65,30.00,169.65,133.00,Credit Card,Delivered
2025-12-05,SWG101855,Masala Dosa,South Indian,2,280.00,14.00,13.30,30.00,309.30,266.00,Cash,Delivered
2025-12-05,SWG101856,Masala Dosa,South Indian,1,140.00,14.00,6.30,30.00,162.30,126.00,Cash,Delivered
2025-12-05,SWG101857,Butter Naan,Breads,1,60.00,9.00,2.55,20.00,73.55,51.00,Credit Card,Delivered
2025-12-05,SWG101858,Paneer Tikka,Starters,1,230.00,23.00,10.35,20.00,237.35,207.00,Debit Card,Delivered
2025-12-05,SWG101859,Paneer Butter Masala,Main Course,1,240.00,12.00,11.40,30.00,269.40,228.00,Debit Card,Delivered
2025-12-05,SWG101860,Chicken Biryani,Biryani,2,440.00,22.00,20.90,40.00,478.90,418.00,Debit Card,Delivered
2025-12-05,SWG101861,Chicken Tikka,Starters,1,260.00,0.00,13.00,30.00,303.00,260.00,Debit Card,Delivered
2025-12-05,SWG101862,Chicken Biryani,Biryani,1,220.00,33.00,9.35,30.00,226.35,187.00,UPI,Delivered
2025-12-05,SWG101863,Butter Naan,Breads,2,120.00,12.00,5.40,20.00,133.40,108.00,Credit Card,Delivered
2025-12-05,SWG101864,Chicken Biryani,Biryani,1,220.00,33.00,9.35,40.00,236.35,187.00,Cash,Delivered
2025-12-06,SWG101865,Chicken Tikka,Starters,1,260.00,39.00,11.05,40.00,272.05,221.00,Credit Card,Delivered
2025-12-06,SWG101866,Hakka Noodles,Rice & Noodles,1,180.00,27.00,7.65,30.00,190.65,153.00,Cash,Delivered
2025-12-06,SWG101867,Gulab Jamun,Desserts,1,90.00,4.50,4.28,30.00,119.78,85.50,Credit Card,Delivered
2025-12-06,SWG101868,Gulab Jamun,Desserts,2,180.00,9.00,8.55,30.00,209.55,171.00,UPI,Delivered
2025-12-06,SWG101869,Paneer Butter Masala,Main Course,1,240.00,12.00,11.40,30.00,269.40,228.00,Credit Card,Delivered
2025-12-06,SWG101870,Fried Rice,Rice & Noodles,1,170.00,8.50,8.08,20.00,189.58,161.50,Debit Card,Delivered
2025-12-06,SWG101871,Masala Dosa,South Indian,1,140.00,7.00,6.65,20.00,159.65,133.00,Credit Card,Delivered
2025-12-06,SWG101872,Butter Naan,Breads,1,60.00,6.00,2.70,0.00,56.70,54.00,Debit Card,Delivered
2025-12-06,SWG101873,Paneer Butter Masala,Main Course,1,240.00,36.00,10.20,20.00,234.20,204.00,Cash,Delivered
2025-12-06,SWG101874,Fried Rice,Rice & Noodles,1,170.00,0.00,8.50,40.00,218.50,170.00,Credit Card,Delivered
2025-12-06,SWG101875,Paneer Tikka,Starters,2,460.00,46.00,20.70,40.00,474.70,414.00,UPI,Delivered
2025-12-06,SWG101876,Chicken Tikka,Starters,1,260.00,0.00,13.00,20.00,293.00,260.00,Credit Card,Delivered
2025-12-06,SWG101877,Veg Biryani,Biryani,1,180.00,18.00,8.10,0.00,170.10,162.00,Cash,Delivered
2025-12-06,SWG101878,Paneer Butter Masala,Main Course,1,240.00,12.00,11.40,40.00,279.40,228.00,Credit Card,Delivered
2025-12-06,SWG101879,Masala Dosa,South Indian,1,140.00,14.00,6.30,40.00,172.30,126.00,Cash,Delivered
2025-12-06,SWG101880,Butter Naan,Breads,1,60.00,9.00,2.55,40.00,93.55,51.00,Cash,Delivered
2025-12-06,SWG101881,Butter Naan,Breads,1,60.00,0.00,3.00,40.00,103.00,60.00,Debit Card,Delivered
2025-12-06,SWG101882,Paneer Butter Masala,Main Course,1,240.00,36.00,10.20,0.00,214.20,204.00,Credit Card,Delivered
2025-12-06,SWG101883,Gulab Jamun,Desserts,1,90.00,13.50,3.83,0.00,80.33,76.50,Cash,Delivered
2025-12-06,SWG101884,Paneer Tikka,Starters,2,460.00,46.00,20.70,40.00,474.70,414.00,UPI,Delivered
2025-12-06,SWG101885,Gulab Jamun,Desserts,2,180.00,27.00,7.65,30.00,190.65,153.00,Debit Card,Delivered
2025-12-06,SWG101886,Hakka Noodles,Rice & Noodles,3,540.00,0.00,27.00,20.00,587.00,0.00,Cash,Cancelled
2025-12-06,SWG101887,Paneer Butter Masala,Main Course,1,240.00,24.00,10.80,30.00,256.80,216.00,Cash,Delivered
2025-12-06,SWG101888,Paneer Tikka,Starters,1,230.00,23.00,10.35,0.00,217.35,207.00,Cash,Delivered
2025-12-07,SWG101889,Fried Rice,Rice & Noodles,1,170.00,17.00,7.65,30.00,190.65,153.00,Debit Card,Delivered
2025-12-07,SWG101890,Chicken Biryani,Biryani,1,220.00,11.00,10.45,30.00,249.45,209.00,UPI,Delivered
2025-12-07,SWG101891,Fried Rice,Rice & Noodles,1,170.00,0.00,8.50,0.00,178.50,170.00,UPI,Delivered
2025-12-07,SWG101892,Hakka Noodles,Rice & Noodles,1,180.00,9.00,8.55,20.00,199.55,171.00,UPI,Delivered
2025-12-07,SWG101893,Butter Naan,Breads,1,60.00,9.00,2.55,40.00,93.55,51.00,Debit Card,Delivered
2025-12-07,SWG101894,Fried Rice,Rice & Noodles,1,170.00,8.50,8.08,40.00,209.58,161.50,Debit Card,Delivered
2025-12-07,SWG101895,Chicken Tikka,Starters,1,260.00,0.00,13.00,40.00,313.00,260.00,UPI,Delivered
2025-12-07,SWG101896,Chicken Tikka,Starters,2,520.00,52.00,23.40,40.00,531.40,468.00,Credit Card,Delivered
2025-12-07,SWG101897,Masala Dosa,South Indian,1,140.00,0.00,7.00,40.00,187.00,140.00,Credit Card,Delivered
2025-12-07,SWG101898,Gulab Jamun,Desserts,1,90.00,9.00,4.05,20.00,105.05,81.00,UPI,Delivered
2025-12-07,SWG101899,Chicken Tikka,Starters,1,260.00,13.00,12.35,40.00,299.35,247.00,Credit Card,Delivered
2025-12-07,SWG101900,Masala Dosa,South Indian,1,140.00,0.00,7.00,40.00,187.00,140.00,Debit Card,Delivered
2025-12-07,SWG101901,Masala Dosa,South Indian,1,140.00,7.00,6.65,0.00,139.65,133.00,Credit Card,Delivered
2025-12-07,SWG101902,Masala Dosa,South Indian,1,140.00,14.00,6.30,0.00,132.30,126.00,UPI,Delivered
2025-12-07,SWG101903,Chicken Tikka,Starters,1,260.00,26.00,11.70,40.00,285.70,234.00,Debit Card,Delivered
2025-12-07,SWG101904,Hakka Noodles,Rice & Noodles,1,180.00,0.00,9.00,30.00,219.00,180.00,Debit Card,Delivered
2025-12-07,SWG101905,Fried Rice,Rice & Noodles,1,170.00,25.50,7.23,20.00,171.73,144.50,Credit Card,Delivered
2025-12-07,SWG101906,Paneer Tikka,Starters,1,230.00,0.00,11.50,0.00,241.50,230.00,Debit Card,Delivered
2025-12-07,SWG101907,Paneer Butter Masala,Main Course,1,240.00,24.00,10.80,30.00,256.80,216.00,Debit Card,Delivered
2025-12-08,SWG101908,Butter Naan,Breads,1,60.00,3.00,2.85,30.00,89.85,57.00,Cash,Delivered
2025-12-08,SWG101909,Chicken Biryani,Biryani,2,440.00,44.00,19.80,40.00,455.80,0.00,Cash,Cancelled
2025-12-08,SWG101910,Hakka Noodles,Rice & Noodles,1,180.00,0.00,9.00,0.00,189.00,180.00,Credit Card,Delivered
2025-12-08,SWG101911,Paneer Butter Masala,Main Course,1,240.00,12.00,11.40,20.00,259.40,228.00,Cash,Delivered
2025-12-08,SWG101912,Hakka Noodles,Rice & Noodles,1,180.00,9.00,8.55,40.00,219.55,171.00,Debit Card,Delivered
2025-12-08,SWG101913,Chicken Tikka,Starters,2,520.00,0.00,26.00,30.00,576.00,520.00,Cash,Delivered
2025-12-08,SWG101914,Veg Biryani,Biryani,2,360.00,54.00,15.30,40.00,361.30,306.00,Cash,Delivered
2025-12-08,SWG101915,Butter Naan,Breads,2,120.00,6.00,5.70,40.00,159.70,114.00,Debit Card,Delivered
2025-12-08,SWG101916,Fried Rice,Rice & Noodles,1,170.00,0.00,8.50,40.00,218.50,170.00,Cash,Delivered
2025-12-08,SWG101917,Paneer Tikka,Starters,1,230.00,0.00,11.50,20.00,261.50,230.00,UPI,Delivered
2025-12-08,SWG101918,Gulab Jamun,Desserts,1,90.00,13.50,3.83,0.00,80.33,76.50,Credit Card,Delivered
2025-12-08,SWG101919,Butter Naan,Breads,1,60.00,9.00,2.55,0.00,53.55,51.00,UPI,Delivered
2025-12-08,SWG101920,Gulab Jamun,Desserts,2,180.00,27.00,7.65,20.00,180.65,153.00,Credit Card,Delivered
2025-12-09,SWG101921,Fried Rice,Rice & Noodles,1,170.00,8.50,8.08,20.00,189.58,161.50,Credit Card,Delivered
2025-12-09,SWG101922,Chicken Tikka,Starters,1,260.00,0.00,13.00,0.00,273.00,260.00,Cash,Delivered
2025-12-09,SWG101923,Fried Rice,Rice & Noodles,1,170.00,25.50,7.23,20.00,171.73,144.50,Cash,Delivered
2025-12-09,SWG101924,Hakka Noodles,Rice & Noodles,1,180.00,18.00,8.10,20.00,190.10,162.00,UPI,Delivered
2025-12-09,SWG101925,Chicken Biryani,Biryani,1,220.00,33.00,9.35,40.00,236.35,187.00,UPI,Delivered
2025-12-09,SWG101926,Paneer Tikka,Starters,3,690.00,0.00,34.50,0.00,724.50,690.00,UPI,Delivered
2025-12-09,SWG101927,Masala Dosa,South Indian,2,280.00,0.00,14.00,30.00,324.00,280.00,Cash,Delivered
2025-12-09,SWG101928,Paneer Tikka,Starters,2,460.00,0.00,23.00,20.00,503.00,460.00,UPI,Delivered
2025-12-09,SWG101929,Butter Naan,Breads,1,60.00,6.00,2.70,20.00,76.70,54.00,Cash,Delivered
2025-12-09,SWG101930,Veg Biryani,Biryani,1,180.00,18.00,8.10,0.00,170.10,162.00,Cash,Delivered
2025-12-09,SWG101931,Veg Biryani,Biryani,2,360.00,36.00,16.20,30.00,370.20,324.00,Debit Card,Delivered
2025-12-09,SWG101932,Fried Rice,Rice & Noodles,1,170.00,17.00,7.65,0.00,160.65,153.00,Credit Card,Delivered
2025-12-09,SWG101933,Hakka Noodles,Rice & Noodles,1,180.00,9.00,8.55,30.00,209.55,171.00,Debit Card,Delivered
2025-12-09,SWG101934,Masala Dosa,South Indian,2,280.00,14.00,13.30,30.00,309.30,266.00,Cash,Delivered
2025-12-09,SWG101935,Masala Dosa,South Indian,1,140.00,7.00,6.65,20.00,159.65,133.00,Cash,Delivered
2025-12-09,SWG101936,Masala Dosa,South Indian,1,140.00,0.00,7.00,20.00,167.00,140.00,Credit Card,Delivered
2025-12-09,SWG101937,Gulab Jamun,Desserts,1,90.00,9.00,4.05,40.00,125.05,81.00,Credit Card,Delivered
2025-12-09,SWG101938,Chicken Tikka,Starters,1,260.00,26.00,11.70,30.00,275.70,234.00,Cash,Delivered
2025-12-09,SWG101939,Butter Naan,Breads,2,120.00,18.00,5.10,20.00,127.10,102.00,Cash,Delivered
2025-12-10,SWG101940,Chicken Tikka,Starters,1,260.00,13.00,12.35,20.00,279.35,247.00,UPI,Delivered
2025-12-10,SWG101941,Veg Biryani,Biryani,1,180.00,27.00,7.65,0.00,160.65,153.00,Credit Card,Delivered
2025-12-10,SWG101942,Veg Biryani,Biryani,1,180.00,0.00,9.00,40.00,229.00,180.00,Debit Card,Delivered
2025-12-10,SWG101943,Hakka Noodles,Rice & Noodles,1,180.00,0.00,9.00,0.00,189.00,180.00,Credit Card,Delivered
2025-12-10,SWG101944,Veg Biryani,Biryani,1,180.00,9.00,8.55,20.00,199.55,171.00,Cash,Delivered
2025-12-10,SWG101945,Butter Naan,Breads,1,60.00,6.00,2.70,30.00,86.70,54.00,Credit Card,Delivered
2025-12-10,SWG101946,Paneer Butter Masala,Main Course,2,480.00,24.00,22.80,30.00,508.80,456.00,Credit Card,Delivered
2025-12-10,SWG101947,Veg Biryani,Biryani,1,180.00,27.00,7.65,40.00,200.65,153.00,UPI,Delivered
2025-12-10,SWG101948,Chicken Tikka,Starters,2,520.00,0.00,26.00,20.00,566.00,520.00,Cash,Delivered
2025-12-10,SWG101949,Paneer Butter Masala,Main Course,1,240.00,0.00,12.00,20.00,272.00,240.00,Debit Card,Delivered
2025-12-10,SWG101950,Gulab Jamun,Desserts,1,90.00,13.50,3.83,0.00,80.33,76.50,Cash,Delivered
2025-12-10,SWG101951,Veg Biryani,Biryani,1,180.00,27.00,7.65,0.00,160.65,153.00,Cash,Delivered
2025-12-10,SWG101952,Gulab Jamun,Desserts,1,90.00,4.50,4.28,30.00,119.78,85.50,Debit Card,Delivered
2025-12-10,SWG101953,Masala Dosa,South Indian,1,140.00,7.00,6.65,30.00,169.65,133.00,Debit Card,Delivered
2025-12-10,SWG101954,Fried Rice,Rice & Noodles,1,170.00,8.50,8.08,40.00,209.58,161.50,Cash,Delivered
2025-12-10,SWG101955,Fried Rice,Rice & Noodles,1,170.00,0.00,8.50,40.00,218.50,170.00,UPI,Delivered
2025-12-10,SWG101956,Fried Rice,Rice & Noodles,1,170.00,8.50,8.08,20.00,189.58,161.50,Credit Card,Delivered
2025-12-10,SWG101957,Veg Biryani,Biryani,1,180.00,18.00,8.10,30.00,200.10,162.00,Cash,Delivered
2025-12-10,SWG101958,Paneer Butter Masala,Main Course,1,240.00,12.00,11.40,20.00,259.40,228.00,Credit Card,Delivered
2025-12-10,SWG101959,Paneer Tikka,Starters,2,460.00,23.00,21.85,20.00,478.85,437.00,Cash,Delivered
2025-12-10,SWG101960,Gulab Jamun,Desserts,2,180.00,18.00,8.10,20.00,190.10,162.00,Cash,Delivered
2025-12-10,SWG101961,Masala Dosa,South Indian,1,140.00,14.00,6.30,30.00,162.30,126.00,Debit Card,Delivered
2025-12-10,SWG101962,Fried Rice,Rice & Noodles,1,170.00,25.50,7.23,40.00,191.73,144.50,Cash,Delivered
2025-12-10,SWG101963,Chicken Biryani,Biryani,3,660.00,66.00,29.70,20.00,643.70,0.00,Debit Card,Cancelled
2025-12-10,SWG101964,Chicken Biryani,Biryani,2,440.00,22.00,20.90,20.00,458.90,418.00,Debit Card,Delivered
2025-12-10,SWG101965,Masala Dosa,South Indian,2,280.00,0.00,14.00,30.00,324.00,280.00,Cash,Delivered
2025-12-10,SWG101966,Chicken Tikka,Starters,1,260.00,13.00,12.35,20.00,279.35,247.00,Cash,Delivered
2025-12-11,SWG101967,Masala Dosa,South Indian,1,140.00,7.00,6.65,20.00,159.65,133.00,Cash,Delivered
2025-12-11,SWG101968,Gulab Jamun,Desserts,1,90.00,0.00,4.50,40.00,134.50,90.00,Cash,Delivered
2025-12-11,SWG101969,Veg Biryani,Biryani,1,180.00,27.00,7.65,0.00,160.65,153.00,Debit Card,Delivered
2025-12-11,SWG101970,Masala Dosa,South Indian,1,140.00,21.00,5.95,30.00,154.95,119.00,Credit Card,Delivered
2025-12-11,SWG101971,Paneer Butter Masala,Main Course,1,240.00,36.00,10.20,20.00,234.20,204.00,Debit Card,Delivered
2025-12-11,SWG101972,Gulab Jamun,Desserts,1,90.00,0.00,4.50,40.00,134.50,90.00,Debit Card,Delivered
2025-12-11,SWG101973,Hakka Noodles,Rice & Noodles,1,180.00,18.00,8.10,0.00,170.10,162.00,UPI,Delivered
2025-12-11,SWG101974,Chicken Tikka,Starters,3,780.00,78.00,35.10,40.00,777.10,702.00,Credit Card,Delivered
2025-12-11,SWG101975,Butter Naan,Breads,1,60.00,3.00,2.85,40.00,99.85,57.00,Credit Card,Delivered
2025-12-11,SWG101976,Masala Dosa,South Indian,1,140.00,0.00,7.00,20.00,167.00,140.00,Cash,Delivered
2025-12-11,SWG101977,Paneer Tikka,Starters,1,230.00,34.50,9.78,0.00,205.28,195.50,UPI,Delivered
2025-12-11,SWG101978,Hakka Noodles,Rice & Noodles,1,180.00,27.00,7.65,0.00,160.65,153.00,Debit Card,Delivered
2025-12-11,SWG101979,Hakka Noodles,Rice & Noodles,1,180.00,18.00,8.10,0.00,170.10,162.00,UPI,Delivered
2025-12-11,SWG101980,Hakka Noodles,Rice & Noodles,2,360.00,18.00,17.10,0.00,359.10,342.00,Cash,Delivered
2025-12-11,SWG101981,Gulab Jamun,Desserts,1,90.00,4.50,4.28,0.00,89.78,85.50,Cash,Delivered
2025-12-11,SWG101982,Masala Dosa,South Indian,1,140.00,7.00,6.65,30.00,169.65,133.00,Debit Card,Delivered
2025-12-11,SWG101983,Fried Rice,Rice & Noodles,1,170.00,25.50,7.23,0.00,151.73,144.50,Debit Card,Delivered
2025-12-11,SWG101984,Chicken Biryani,Biryani,1,220.00,33.00,9.35,0.00,196.35,187.00,Debit Card,Delivered
2025-12-12,SWG101985,Veg Biryani,Biryani,1,180.00,18.00,8.10,40.00,210.10,162.00,Credit Card,Delivered
2025-12-12,SWG101986,Gulab Jamun,Desserts,2,180.00,9.00,8.55,20.00,199.55,171.00,Credit Card,Delivered
2025-12-12,SWG101987,Masala Dosa,South Indian,1,140.00,0.00,7.00,0.00,147.00,140.00,Debit Card,Delivered
2025-12-12,SWG101988,Paneer Butter Masala,Main Course,1,240.00,24.00,10.80,20.00,246.80,216.00,Credit Card,Delivered
2025-12-12,SWG101989,Masala Dosa,South Indian,1,140.00,14.00,6.30,20.00,152.30,126.00,Credit Card,Delivered
2025-12-12,SWG101990,Chicken Tikka,Starters,1,260.00,39.00,11.05,0.00,232.05,221.00,Cash,Delivered
2025-12-12,SWG101991,Chicken Biryani,Biryani,1,220.00,11.00,10.45,40.00,259.45,209.00,Cash,Delivered
2025-12-12,SWG101992,Paneer Tikka,Starters,1,230.00,34.50,9.78,0.00,205.28,195.50,Credit Card,Delivered
2025-12-12,SWG101993,Hakka Noodles,Rice & Noodles,2,360.00,0.00,18.00,20.00,398.00,360.00,UPI,Delivered
2025-12-12,SWG101994,Fried Rice,Rice & Noodles,1,170.00,17.00,7.65,30.00,190.65,153.00,Credit Card,Delivered
2025-12-12,SWG101995,Paneer Butter Masala,Main Course,2,480.00,48.00,21.60,40.00,493.60,432.00,UPI,Delivered
2025-12-12,SWG101996,Fried Rice,Rice & Noodles,1,170.00,25.50,7.23,40.00,191.73,144.50,UPI,Delivered
2025-12-12,SWG101997,Chicken Tikka,Starters,1,260.00,26.00,11.70,0.00,245.70,234.00,Debit Card,Delivered
2025-12-12,SWG101998,Veg Biryani,Biryani,3,540.00,0.00,27.00,40.00,607.00,540.00,UPI,Delivered
2025-12-12,SWG101999,Masala Dosa,South Indian,1,140.00,14.00,6.30,0.00,132.30,126.00,Credit Card,Delivered
2025-12-12,SWG102000,Butter Naan,Breads,1,60.00,3.00,2.85,20.00,79.85,57.00,Cash,Delivered
2025-12-12,SWG102001,Chicken Biryani,Biryani,1,220.00,11.00,10.45,30.00,249.45,209.00,Cash,Delivered
2025-12-12,SWG102002,Butter Naan,Breads,1,60.00,3.00,2.85,20.00,79.85,57.00,Credit Card,Delivered
2025-12-12,SWG102003,Chicken Tikka,Starters,2,520.00,0.00,26.00,20.00,566.00,520.00,Credit Card,Delivered
2025-12-13,SWG102004,Masala Dosa,South Indian,1,140.00,14.00,6.30,30.00,162.30,126.00,UPI,Delivered
2025-12-13,SWG102005,Chicken Biryani,Biryani,1,220.00,33.00,9.35,0.00,196.35,187.00,Credit Card,Delivered
2025-12-13,SWG102006,Paneer Tikka,Starters,1,230.00,34.50,9.78,20.00,225.28,195.50,UPI,Delivered
2025-12-13,SWG102007,Chicken Tikka,Starters,2,520.00,0.00,26.00,40.00,586.00,0.00,UPI,Cancelled
2025-12-13,SWG102008,Fried Rice,Rice & Noodles,1,170.00,25.50,7.23,40.00,191.73,144.50,UPI,Delivered
2025-12-13,SWG102009,Masala Dosa,South Indian,1,140.00,14.00,6.30,20.00,152.30,126.00,Debit Card,Delivered
2025-12-13,SWG102010,Gulab Jamun,Desserts,1,90.00,0.00,4.50,40.00,134.50,90.00,Credit Card,Delivered
2025-12-13,SWG102011,Butter Naan,Breads,1,60.00,3.00,2.85,20.00,79.85,57.00,UPI,Delivered
2025-12-13,SWG102012,Paneer Butter Masala,Main Course,1,240.00,24.00,10.80,0.00,226.80,216.00,Debit Card,Delivered
2025-12-13,SWG102013,Butter Naan,Breads,1,60.00,6.00,2.70,30.00,86.70,54.00,Cash,Delivered
2025-12-13,SWG102014,Gulab Jamun,Desserts,1,90.00,9.00,4.05,20.00,105.05,81.00,Debit Card,Delivered
2025-12-13,SWG102015,Butter Naan,Breads,1,60.00,0.00,3.00,40.00,103.00,60.00,Credit Card,Delivered
2025-12-13,SWG102016,Butter Naan,Breads,1,60.00,0.00,3.00,20.00,83.00,60.00,Debit Card,Delivered
2025-12-13,SWG102017,Chicken Biryani,Biryani,1,220.00,33.00,9.35,30.00,226.35,187.00,Cash,Delivered
2025-12-13,SWG102018,Fried Rice,Rice & Noodles,3,510.00,76.50,21.68,30.00,485.18,433.50,UPI,Delivered
2025-12-13,SWG102019,Masala Dosa,South Indian,1,140.00,14.00,6.30,30.00,162.30,0.00,Credit Card,Cancelled
2025-12-13,SWG102020,Masala Dosa,South Indian,1,140.00,21.00,5.95,40.00,164.95,119.00,Debit Card,Delivered
2025-12-13,SWG102021,Hakka Noodles,Rice & Noodles,1,180.00,18.00,8.10,40.00,210.10,162.00,Credit Card,Delivered
2025-12-13,SWG102022,Paneer Butter Masala,Main Course,1,240.00,36.00,10.20,0.00,214.20,204.00,Debit Card,Delivered
2025-12-13,SWG102023,Butter Naan,Breads,2,120.00,12.00,5.40,40.00,153.40,108.00,UPI,Delivered
2025-12-13,SWG102024,Hakka Noodles,Rice & Noodles,1,180.00,9.00,8.55,20.00,199.55,171.00,Credit Card,Delivered
2025-12-13,SWG102025,Chicken Biryani,Biryani,1,220.00,22.00,9.90,20.00,227.90,198.00,UPI,Delivered
2025-12-13,SWG102026,Hakka Noodles,Rice & Noodles,1,180.00,9.00,8.55,20.00,199.55,171.00,UPI,Delivered
2025-12-14,SWG102027,Gulab Jamun,Desserts,1,90.00,4.50,4.28,40.00,129.78,85.50,Debit Card,Delivered
2025-12-14,SWG102028,Chicken Biryani,Biryani,3,660.00,99.00,28.05,30.00,619.05,561.00,Cash,Delivered
2025-12-14,SWG102029,Fried Rice,Rice & Noodles,1,170.00,8.50,8.08,30.00,199.58,161.50,Debit Card,Delivered
2025-12-14,SWG102030,Hakka Noodles,Rice & Noodles,1,180.00,9.00,8.55,0.00,179.55,171.00,Cash,Delivered
2025-12-14,SWG102031,Butter Naan,Breads,1,60.00,3.00,2.85,20.00,79.85,57.00,Credit Card,Delivered
2025-12-14,SWG102032,Paneer Tikka,Starters,1,230.00,11.50,10.93,20.00,249.43,218.50,UPI,Delivered
2025-12-14,SWG102033,Veg Biryani,Biryani,3,540.00,54.00,24.30,20.00,530.30,486.00,UPI,Delivered
2025-12-14,SWG102034,Gulab Jamun,Desserts,2,180.00,9.00,8.55,20.00,199.55,171.00,Debit Card,Delivered
2025-12-14,SWG102035,Chicken Tikka,Starters,1,260.00,0.00,13.00,30.00,303.00,260.00,Cash,Delivered
2025-12-14,SWG102036,Veg Biryani,Biryani,1,180.00,18.00,8.10,0.00,170.10,162.00,Cash,Delivered
2025-12-14,SWG102037,Butter Naan,Breads,1,60.00,6.00,2.70,30.00,86.70,54.00,UPI,Delivered
2025-12-14,SWG102038,Paneer Tikka,Starters,2,460.00,46.00,20.70,0.00,434.70,414.00,Cash,Delivered
2025-12-14,SWG102039,Gulab Jamun,Desserts,1,90.00,13.50,3.83,30.00,110.33,76.50,UPI,Delivered
2025-12-14,SWG102040,Paneer Butter Masala,Main Course,3,720.00,72.00,32.40,20.00,700.40,648.00,Cash,Delivered
2025-12-14,SWG102041,Paneer Tikka,Starters,1,230.00,0.00,11.50,30.00,271.50,230.00,Debit Card,Delivered
2025-12-14,SWG102042,Masala Dosa,South Indian,1,140.00,14.00,6.30,40.00,172.30,126.00,Debit Card,Delivered
2025-12-14,SWG102043,Chicken Tikka,Starters,1,260.00,0.00,13.00,40.00,313.00,260.00,Cash,Delivered
2025-12-14,SWG102044,Veg Biryani,Biryani,1,180.00,18.00,8.10,0.00,170.10,0.00,Cash,Cancelled
2025-12-14,SWG102045,Hakka Noodles,Rice & Noodles,1,180.00,27.00,7.65,40.00,200.65,153.00,UPI,Delivered
2025-12-14,SWG102046,Gulab Jamun,Desserts,2,180.00,0.00,9.00,0.00,189.00,180.00,Credit Card,Delivered
2025-12-15,SWG102047,Chicken Tikka,Starters,1,260.00,39.00,11.05,40.00,272.05,221.00,UPI,Delivered
2025-12-15,SWG102048,Chicken Tikka,Starters,1,260.00,39.00,11.05,40.00,272.05,221.00,UPI,Delivered
2025-12-15,SWG102049,Paneer Tikka,Starters,2,460.00,69.00,19.55,0.00,410.55,391.00,Credit Card,Delivered
2025-12-15,SWG102050,Chicken Biryani,Biryani,1,220.00,22.00,9.90,0.00,207.90,198.00,Cash,Delivered
2025-12-15,SWG102051,Chicken Biryani,Biryani,1,220.00,22.00,9.90,30.00,237.90,198.00,Debit Card,Delivered
2025-12-15,SWG102052,Chicken Tikka,Starters,3,780.00,39.00,37.05,30.00,808.05,741.00,UPI,Delivered
2025-12-15,SWG102053,Chicken Tikka,Starters,1,260.00,26.00,11.70,20.00,265.70,234.00,Debit Card,Delivered
2025-12-15,SWG102054,Paneer Tikka,Starters,2,460.00,23.00,21.85,40.00,498.85,437.00,Debit Card,Delivered
2025-12-15,SWG102055,Chicken Tikka,Starters,1,260.00,13.00,12.35,30.00,289.35,247.00,UPI,Delivered
2025-12-15,SWG102056,Paneer Butter Masala,Main Course,1,240.00,24.00,10.80,40.00,266.80,216.00,Cash,Delivered
2025-12-15,SWG102057,Veg Biryani,Biryani,1,180.00,27.00,7.65,30.00,190.65,153.00,Cash,Delivered
2025-12-15,SWG102058,Chicken Tikka,Starters,2,520.00,26.00,24.70,30.00,548.70,494.00,Credit Card,Delivered
2025-12-16,SWG102059,Hakka Noodles,Rice & Noodles,1,180.00,9.00,8.55,40.00,219.55,171.00,UPI,Delivered
2025-12-16,SWG102060,Veg Biryani,Biryani,1,180.00,27.00,7.65,30.00,190.65,153.00,Debit Card,Delivered
2025-12-16,SWG102061,Hakka Noodles,Rice & Noodles,1,180.00,9.00,8.55,40.00,219.55,171.00,Debit Card,Delivered
2025-12-16,SWG102062,Gulab Jamun,Desserts,1,90.00,0.00,4.50,30.00,124.50,0.00,Cash,Cancelled
2025-12-16,SWG102063,Chicken Biryani,Biryani,1,220.00,11.00,10.45,30.00,249.45,209.00,Credit Card,Delivered
2025-12-16,SWG102064,Veg Biryani,Biryani,1,180.00,9.00,8.55,40.00,219.55,171.00,Credit Card,Delivered
2025-12-16,SWG102065,Butter Naan,Breads,1,60.00,3.00,2.85,0.00,59.85,57.00,Cash,Delivered
2025-12-16,SWG102066,Fried Rice,Rice & Noodles,1,170.00,8.50,8.08,40.00,209.58,161.50,Cash,Delivered
2025-12-16,SWG102067,Gulab Jamun,Desserts,2,180.00,27.00,7.65,30.00,190.65,153.00,Debit Card,Delivered
2025-12-16,SWG102068,Masala Dosa,South Indian,1,140.00,14.00,6.30,20.00,152.30,126.00,Debit Card,Delivered
2025-12-17,SWG102069,Paneer Butter Masala,Main Course,3,720.00,36.00,34.20,30.00,748.20,684.00,Credit Card,Delivered
2025-12-17,SWG102070,Hakka Noodles,Rice & Noodles,1,180.00,0.00,9.00,40.00,229.00,180.00,UPI,Delivered
2025-12-17,SWG102071,Gulab Jamun,Desserts,1,90.00,9.00,4.05,20.00,105.05,81.00,UPI,Delivered
2025-12-17,SWG102072,Fried Rice,Rice & Noodles,1,170.00,25.50,7.23,40.00,191.73,144.50,Credit Card,Delivered
2025-12-17,SWG102073,Chicken Biryani,Biryani,1,220.00,0.00,11.00,30.00,261.00,220.00,Credit Card,Delivered
2025-12-17,SWG102074,Paneer Butter Masala,Main Course,1,240.00,0.00,12.00,30.00,282.00,240.00,UPI,Delivered
2025-12-17,SWG102075,Gulab Jamun,Desserts,1,90.00,4.50,4.28,40.00,129.78,85.50,Cash,Delivered
2025-12-17,SWG102076,Masala Dosa,South Indian,1,140.00,14.00,6.30,30.00,162.30,126.00,Cash,Delivered
2025-12-17,SWG102077,Butter Naan,Breads,2,120.00,12.00,5.40,0.00,113.40,0.00,UPI,Cancelled
2025-12-17,SWG102078,Chicken Tikka,Starters,1,260.00,0.00,13.00,0.00,273.00,260.00,Credit Card,Delivered
2025-12-17,SWG102079,Veg Biryani,Biryani,1,180.00,9.00,8.55,20.00,199.55,171.00,Cash,Delivered
2025-12-17,SWG102080,Paneer Butter Masala,Main Course,1,240.00,0.00,12.00,40.00,292.00,240.00,Cash,Delivered
2025-12-17,SWG102081,Paneer Tikka,Starters,1,230.00,34.50,9.78,20.00,225.28,195.50,Credit Card,Delivered
2025-12-18,SWG102082,Paneer Tikka,Starters,2,460.00,69.00,19.55,0.00,410.55,391.00,Cash,Delivered
2025-12-18,SWG102083,Veg Biryani,Biryani,1,180.00,0.00,9.00,30.00,219.00,180.00,UPI,Delivered
2025-12-18,SWG102084,Hakka Noodles,Rice & Noodles,1,180.00,0.00,9.00,0.00,189.00,180.00,UPI,Delivered
2025-12-18,SWG102085,Butter Naan,Breads,1,60.00,0.00,3.00,0.00,63.00,60.00,Debit Card,Delivered
2025-12-18,SWG102086,Chicken Biryani,Biryani,2,440.00,44.00,19.80,0.00,415.80,396.00,Credit Card,Delivered
2025-12-18,SWG102087,Gulab Jamun,Desserts,1,90.00,4.50,4.28,30.00,119.78,85.50,Credit Card,Delivered
2025-12-18,SWG102088,Gulab Jamun,Desserts,1,90.00,4.50,4.28,40.00,129.78,85.50,Credit Card,Delivered
2025-12-18,SWG102089,Hakka Noodles,Rice & Noodles,1,180.00,27.00,7.65,0.00,160.65,153.00,UPI,Delivered
2025-12-18,SWG102090,Masala Dosa,South Indian,2,280.00,0.00,14.00,30.00,324.00,280.00,Credit Card,Delivered
2025-12-18,SWG102091,Paneer Butter Masala,Main Course,1,240.00,12.00,11.40,30.00,269.40,228.00,Cash,Delivered
2025-12-18,SWG102092,Fried Rice,Rice & Noodles,2,340.00,0.00,17.00,30.00,387.00,340.00,Credit Card,Delivered
2025-12-18,SWG102093,Veg Biryani,Biryani,3,540.00,81.00,22.95,20.00,501.95,459.00,UPI,Delivered
2025-12-18,SWG102094,Chicken Tikka,Starters,1,260.00,39.00,11.05,0.00,232.05,221.00,UPI,Delivered
2025-12-18,SWG102095,Chicken Tikka,Starters,2,520.00,78.00,22.10,20.00,484.10,442.00,Credit Card,Delivered
2025-12-18,SWG102096,Fried Rice,Rice & Noodles,2,340.00,34.00,15.30,40.00,361.30,306.00,Cash,Delivered
2025-12-18,SWG102097,Paneer Butter Masala,Main Course,1,240.00,36.00,10.20,0.00,214.20,204.00,Cash,Delivered
2025-12-18,SWG102098,Gulab Jamun,Desserts,1,90.00,13.50,3.83,30.00,110.33,76.50,UPI,Delivered
2025-12-18,SWG102099,Hakka Noodles,Rice & Noodles,2,360.00,18.00,17.10,0.00,359.10,342.00,Credit Card,Delivered
2025-12-18,SWG102100,Chicken Tikka,Starters,1,260.00,0.00,13.00,0.00,273.00,260.00,Cash,Delivered
2025-12-18,SWG102101,Veg Biryani,Biryani,1,180.00,0.00,9.00,40.00,229.00,180.00,Credit Card,Delivered
2025-12-18,SWG102102,Hakka Noodles,Rice & Noodles,1,180.00,0.00,9.00,20.00,209.00,180.00,Credit Card,Delivered
2025-12-19,SWG102103,Veg Biryani,Biryani,1,180.00,0.00,9.00,20.00,209.00,180.00,UPI,Delivered
2025-12-19,SWG102104,Chicken Biryani,Biryani,2,440.00,22.00,20.90,0.00,438.90,418.00,UPI,Delivered
2025-12-19,SWG102105,Veg Biryani,Biryani,1,180.00,18.00,8.10,20.00,190.10,0.00,Credit Card,Cancelled
2025-12-19,SWG102106,Chicken Tikka,Starters,2,520.00,78.00,22.10,0.00,464.10,442.00,Credit Card,Delivered
2025-12-19,SWG102107,Gulab Jamun,Desserts,1,90.00,13.50,3.83,30.00,110.33,76.50,Debit Card,Delivered
2025-12-19,SWG102108,Paneer Tikka,Starters,1,230.00,34.50,9.78,40.00,245.28,195.50,Credit Card,Delivered
2025-12-19,SWG102109,Fried Rice,Rice & Noodles,1,170.00,0.00,8.50,40.00,218.50,170.00,Cash,Delivered
2025-12-19,SWG102110,Butter Naan,Breads,1,60.00,3.00,2.85,0.00,59.85,57.00,UPI,Delivered
2025-12-19,SWG102111,Butter Naan,Breads,2,120.00,18.00,5.10,0.00,107.10,102.00,Debit Card,Delivered
2025-12-19,SWG102112,Butter Naan,Breads,2,120.00,12.00,5.40,40.00,153.40,108.00,Debit Card,Delivered
2025-12-19,SWG102113,Masala Dosa,South Indian,2,280.00,28.00,12.60,0.00,264.60,252.00,Cash,Delivered
2025-12-19,SWG102114,Veg Biryani,Biryani,3,540.00,81.00,22.95,20.00,501.95,459.00,UPI,Delivered
2025-12-19,SWG102115,Fried Rice,Rice & Noodles,1,170.00,0.00,8.50,20.00,198.50,170.00,Cash,Delivered
2025-12-19,SWG102116,Butter Naan,Breads,1,60.00,0.00,3.00,20.00,83.00,60.00,Debit Card,Delivered
2025-12-19,SWG102117,Fried Rice,Rice & Noodles,1,170.00,25.50,7.23,0.00,151.73,144.50,Credit Card,Delivered
2025-12-19,SWG102118,Veg Biryani,Biryani,1,180.00,0.00,9.00,0.00,189.00,180.00,Debit Card,Delivered
2025-12-19,SWG102119,Masala Dosa,South Indian,2,280.00,28.00,12.60,40.00,304.60,252.00,UPI,Delivered
2025-12-19,SWG102120,Paneer Tikka,Starters,1,230.00,23.00,10.35,0.00,217.35,207.00,Credit Card,Delivered
2025-12-19,SWG102121,Chicken Tikka,Starters,1,260.00,39.00,11.05,0.00,232.05,221.00,UPI,Delivered
2025-12-19,SWG102122,Veg Biryani,Biryani,1,180.00,18.00,8.10,20.00,190.10,162.00,Debit Card,Delivered
2025-12-19,SWG102123,Chicken Biryani,Biryani,1,220.00,0.00,11.00,40.00,271.00,220.00,UPI,Delivered
2025-12-19,SWG102124,Gulab Jamun,Desserts,1,90.00,9.00,4.05,30.00,115.05,81.00,UPI,Delivered
2025-12-19,SWG102125,Veg Biryani,Biryani,1,180.00,0.00,9.00,0.00,189.00,180.00,UPI,Delivered
2025-12-19,SWG102126,Veg Biryani,Biryani,2,360.00,0.00,18.00,0.00,378.00,360.00,Cash,Delivered
2025-12-20,SWG102127,Masala Dosa,South Indian,1,140.00,21.00,5.95,40.00,164.95,119.00,Credit Card,Delivered
2025-12-20,SWG102128,Fried Rice,Rice & Noodles,1,170.00,17.00,7.65,40.00,200.65,153.00,Credit Card,Delivered
2025-12-20,SWG102129,Fried Rice,Rice & Noodles,1,170.00,17.00,7.65,20.00,180.65,153.00,Credit Card,Delivered
2025-12-20,SWG102130,Paneer Tikka,Starters,3,690.00,34.50,32.77,30.00,718.27,655.50,Cash,Delivered
2025-12-20,SWG102131,Masala Dosa,South Indian,1,140.00,21.00,5.95,40.00,164.95,119.00,Credit Card,Delivered
2025-12-20,SWG102132,Paneer Tikka,Starters,1,230.00,23.00,10.35,20.00,237.35,207.00,Cash,Delivered
2025-12-20,SWG102133,Paneer Tikka,Starters,1,230.00,34.50,9.78,40.00,245.28,195.50,Cash,Delivered
2025-12-20,SWG102134,Chicken Tikka,Starters,1,260.00,39.00,11.05,20.00,252.05,221.00,Credit Card,Delivered
2025-12-20,SWG102135,Veg Biryani,Biryani,1,180.00,9.00,8.55,20.00,199.55,171.00,Debit Card,Delivered
2025-12-20,SWG102136,Fried Rice,Rice & Noodles,1,170.00,25.50,7.23,30.00,181.73,144.50,Credit Card,Delivered
2025-12-20,SWG102137,Paneer Tikka,Starters,1,230.00,0.00,11.50,40.00,281.50,230.00,Cash,Delivered
2025-12-20,SWG102138,Chicken Biryani,Biryani,1,220.00,22.00,9.90,20.00,227.90,198.00,Cash,Delivered
2025-12-20,SWG102139,Butter Naan,Breads,2,120.00,0.00,6.00,20.00,146.00,120.00,Credit Card,Delivered
2025-12-20,SWG102140,Masala Dosa,South Indian,3,420.00,21.00,19.95,40.00,458.95,399.00,Credit Card,Delivered
2025-12-20,SWG102141,Butter Naan,Breads,1,60.00,9.00,2.55,20.00,73.55,51.00,Credit Card,Delivered
2025-12-20,SWG102142,Fried Rice,Rice & Noodles,1,170.00,0.00,8.50,0.00,178.50,170.00,UPI,Delivered
2025-12-20,SWG102143,Chicken Biryani,Biryani,1,220.00,0.00,11.00,30.00,261.00,220.00,Debit Card,Delivered
2025-12-20,SWG102144,Chicken Tikka,Starters,1,260.00,13.00,12.35,20.00,279.35,247.00,UPI,Delivered
2025-12-20,SWG102145,Chicken Tikka,Starters,1,260.00,26.00,11.70,40.00,285.70,234.00,Credit Card,Delivered
2025-12-20,SWG102146,Masala Dosa,South Indian,1,140.00,7.00,6.65,20.00,159.65,133.00,UPI,Delivered
2025-12-20,SWG102147,Hakka Noodles,Rice & Noodles,2,360.00,54.00,15.30,20.00,341.30,306.00,Cash,Delivered
2025-12-20,SWG102148,Masala Dosa,South Indian,1,140.00,7.00,6.65,0.00,139.65,133.00,Credit Card,Delivered
2025-12-20,SWG102149,Fried Rice,Rice & Noodles,1,170.00,0.00,8.50,20.00,198.50,170.00,Cash,Delivered
2025-12-20,SWG102150,Paneer Tikka,Starters,1,230.00,0.00,11.50,30.00,271.50,230.00,Credit Card,Delivered
2025-12-20,SWG102151,Fried Rice,Rice & Noodles,2,340.00,51.00,14.45,30.00,333.45,289.00,UPI,Delivered
2025-12-20,SWG102152,Chicken Tikka,Starters,1,260.00,13.00,12.35,30.00,289.35,247.00,Credit Card,Delivered
2025-12-20,SWG102153,Paneer Butter Masala,Main Course,3,720.00,36.00,34.20,30.00,748.20,684.00,UPI,Delivered
2025-12-21,SWG102154,Chicken Tikka,Starters,1,260.00,39.00,11.05,0.00,232.05,221.00,Cash,Delivered
2025-12-21,SWG102155,Butter Naan,Breads,1,60.00,6.00,2.70,20.00,76.70,54.00,UPI,Delivered
2025-12-21,SWG102156,Fried Rice,Rice & Noodles,1,170.00,8.50,8.08,0.00,169.58,161.50,Debit Card,Delivered
2025-12-21,SWG102157,Masala Dosa,South Indian,1,140.00,21.00,5.95,30.00,154.95,119.00,Cash,Delivered
2025-12-21,SWG102158,Paneer Butter Masala,Main Course,1,240.00,0.00,12.00,20.00,272.00,240.00,UPI,Delivered
2025-12-21,SWG102159,Gulab Jamun,Desserts,1,90.00,13.50,3.83,20.00,100.33,76.50,Cash,Delivered
2025-12-21,SWG102160,Paneer Tikka,Starters,1,230.00,23.00,10.35,40.00,257.35,207.00,Cash,Delivered
2025-12-21,SWG102161,Paneer Tikka,Starters,1,230.00,11.50,10.93,30.00,259.43,218.50,Credit Card,Delivered
2025-12-21,SWG102162,Fried Rice,Rice & Noodles,1,170.00,0.00,8.50,40.00,218.50,170.00,UPI,Delivered
2025-12-21,SWG102163,Chicken Tikka,Starters,2,520.00,0.00,26.00,0.00,546.00,520.00,UPI,Delivered
2025-12-21,SWG102164,Veg Biryani,Biryani,1,180.00,18.00,8.10,0.00,170.10,162.00,Credit Card,Delivered
2025-12-21,SWG102165,Paneer Butter Masala,Main Course,2,480.00,0.00,24.00,0.00,504.00,480.00,Debit Card,Delivered
2025-12-21,SWG102166,Gulab Jamun,Desserts,1,90.00,13.50,3.83,30.00,110.33,76.50,UPI,Delivered
2025-12-21,SWG102167,Gulab Jamun,Desserts,1,90.00,4.50,4.28,20.00,109.78,85.50,UPI,Delivered
2025-12-21,SWG102168,Butter Naan,Breads,1,60.00,0.00,3.00,0.00,63.00,60.00,Credit Card,Delivered
2025-12-21,SWG102169,Veg Biryani,Biryani,1,180.00,0.00,9.00,40.00,229.00,180.00,Credit Card,Delivered
2025-12-21,SWG102170,Fried Rice,Rice & Noodles,2,340.00,51.00,14.45,20.00,323.45,289.00,UPI,Delivered
2025-12-21,SWG102171,Fried Rice,Rice & Noodles,1,170.00,0.00,8.50,0.00,178.50,170.00,Credit Card,Delivered
2025-12-21,SWG102172,Masala Dosa,South Indian,1,140.00,7.00,6.65,0.00,139.65,133.00,UPI,Delivered
2025-12-21,SWG102173,Veg Biryani,Biryani,1,180.00,18.00,8.10,20.00,190.10,162.00,Debit Card,Delivered
2025-12-22,SWG102174,Masala Dosa,South Indian,1,140.00,14.00,6.30,30.00,162.30,126.00,UPI,Delivered
2025-12-22,SWG102175,Masala Dosa,South Indian,1,140.00,7.00,6.65,0.00,139.65,133.00,Cash,Delivered
2025-12-22,SWG102176,Chicken Tikka,Starters,2,520.00,0.00,26.00,40.00,586.00,520.00,Cash,Delivered
2025-12-22,SWG102177,Chicken Biryani,Biryani,3,660.00,0.00,33.00,30.00,723.00,660.00,Debit Card,Delivered
2025-12-22,SWG102178,Gulab Jamun,Desserts,1,90.00,0.00,4.50,30.00,124.50,90.00,Debit Card,Delivered
2025-12-22,SWG102179,Fried Rice,Rice & Noodles,1,170.00,25.50,7.23,30.00,181.73,144.50,Cash,Delivered
2025-12-22,SWG102180,Chicken Tikka,Starters,1,260.00,13.00,12.35,20.00,279.35,247.00,UPI,Delivered
2025-12-22,SWG102181,Chicken Tikka,Starters,1,260.00,39.00,11.05,30.00,262.05,221.00,Cash,Delivered
2025-12-22,SWG102182,Fried Rice,Rice & Noodles,2,340.00,51.00,14.45,40.00,343.45,289.00,Cash,Delivered
2025-12-22,SWG102183,Paneer Tikka,Starters,2,460.00,23.00,21.85,30.00,488.85,437.00,Credit Card,Delivered
2025-12-22,SWG102184,Paneer Tikka,Starters,1,230.00,34.50,9.78,20.00,225.28,195.50,Credit Card,Delivered
2025-12-22,SWG102185,Veg Biryani,Biryani,1,180.00,27.00,7.65,40.00,200.65,153.00,Debit Card,Delivered
2025-12-22,SWG102186,Veg Biryani,Biryani,1,180.00,27.00,7.65,20.00,180.65,153.00,Debit Card,Delivered
2025-12-22,SWG102187,Veg Biryani,Biryani,1,180.00,27.00,7.65,40.00,200.65,153.00,Credit Card,Delivered
2025-12-23,SWG102188,Fried Rice,Rice & Noodles,3,510.00,0.00,25.50,30.00,565.50,510.00,UPI,Delivered
2025-12-23,SWG102189,Chicken Tikka,Starters,1,260.00,26.00,11.70,20.00,265.70,234.00,Cash,Delivered
2025-12-23,SWG102190,Veg Biryani,Biryani,1,180.00,0.00,9.00,30.00,219.00,180.00,Debit Card,Delivered
2025-12-23,SWG102191,Masala Dosa,South Indian,1,140.00,21.00,5.95,0.00,124.95,119.00,Debit Card,Delivered
2025-12-23,SWG102192,Chicken Tikka,Starters,1,260.00,13.00,12.35,30.00,289.35,247.00,Cash,Delivered
2025-12-23,SWG102193,Paneer Butter Masala,Main Course,1,240.00,24.00,10.80,40.00,266.80,216.00,Debit Card,Delivered
2025-12-23,SWG102194,Veg Biryani,Biryani,2,360.00,36.00,16.20,40.00,380.20,324.00,Debit Card,Delivered
2025-12-23,SWG102195,Gulab Jamun,Desserts,2,180.00,9.00,8.55,20.00,199.55,171.00,Credit Card,Delivered
2025-12-23,SWG102196,Gulab Jamun,Desserts,1,90.00,4.50,4.28,40.00,129.78,85.50,UPI,Delivered
2025-12-23,SWG102197,Chicken Tikka,Starters,1,260.00,0.00,13.00,40.00,313.00,260.00,Debit Card,Delivered
2025-12-23,SWG102198,Paneer Butter Masala,Main Course,1,240.00,36.00,10.20,30.00,244.20,204.00,Cash,Delivered
2025-12-23,SWG102199,Veg Biryani,Biryani,2,360.00,36.00,16.20,20.00,360.20,324.00,UPI,Delivered
2025-12-23,SWG102200,Fried Rice,Rice & Noodles,1,170.00,0.00,8.50,30.00,208.50,170.00,Cash,Delivered
2025-12-23,SWG102201,Hakka Noodles,Rice & Noodles,1,180.00,18.00,8.10,30.00,200.10,162.00,Debit Card,Delivered
2025-12-23,SWG102202,Gulab Jamun,Desserts,2,180.00,9.00,8.55,20.00,199.55,171.00,UPI,Delivered
2025-12-24,SWG102203,Veg Biryani,Biryani,1,180.00,18.00,8.10,20.00,190.10,162.00,Cash,Delivered
2025-12-24,SWG102204,Chicken Biryani,Biryani,1,220.00,11.00,10.45,20.00,239.45,209.00,UPI,Delivered
2025-12-24,SWG102205,Paneer Tikka,Starters,1,230.00,34.50,9.78,20.00,225.28,195.50,Cash,Delivered
2025-12-24,SWG102206,Hakka Noodles,Rice & Noodles,1,180.00,27.00,7.65,30.00,190.65,153.00,Debit Card,Delivered
2025-12-24,SWG102207,Fried Rice,Rice & Noodles,1,170.00,25.50,7.23,30.00,181.73,144.50,Credit Card,Delivered
2025-12-24,SWG102208,Chicken Tikka,Starters,3,780.00,0.00,39.00,0.00,819.00,780.00,Cash,Delivered
2025-12-24,SWG102209,Chicken Tikka,Starters,1,260.00,39.00,11.05,0.00,232.05,221.00,Debit Card,Delivered
2025-12-24,SWG102210,Paneer Tikka,Starters,1,230.00,0.00,11.50,30.00,271.50,230.00,UPI,Delivered
2025-12-24,SWG102211,Hakka Noodles,Rice & Noodles,1,180.00,9.00,8.55,40.00,219.55,171.00,UPI,Delivered
2025-12-24,SWG102212,Butter Naan,Breads,1,60.00,3.00,2.85,20.00,79.85,57.00,Debit Card,Delivered
2025-12-24,SWG102213,Chicken Tikka,Starters,1,260.00,39.00,11.05,30.00,262.05,221.00,Cash,Delivered
2025-12-24,SWG102214,Paneer Tikka,Starters,1,230.00,34.50,9.78,40.00,245.28,195.50,UPI,Delivered
2025-12-24,SWG102215,Veg Biryani,Biryani,1,180.00,0.00,9.00,30.00,219.00,180.00,UPI,Delivered
2025-12-24,SWG102216,Hakka Noodles,Rice & Noodles,1,180.00,9.00,8.55,40.00,219.55,171.00,Credit Card,Delivered
2025-12-24,SWG102217,Veg Biryani,Biryani,2,360.00,18.00,17.10,30.00,389.10,342.00,Cash,Delivered
2025-12-24,SWG102218,Chicken Biryani,Biryani,1,220.00,22.00,9.90,40.00,247.90,198.00,Cash,Delivered
2025-12-24,SWG102219,Hakka Noodles,Rice & Noodles,1,180.00,9.00,8.55,0.00,179.55,171.00,Cash,Delivered
2025-12-25,SWG102220,Chicken Biryani,Biryani,1,220.00,0.00,11.00,30.00,261.00,220.00,Credit Card,Delivered
2025-12-25,SWG102221,Paneer Tikka,Starters,1,230.00,0.00,11.50,30.00,271.50,230.00,Debit Card,Delivered
2025-12-25,SWG102222,Hakka Noodles,Rice & Noodles,1,180.00,9.00,8.55,30.00,209.55,171.00,Debit Card,Delivered
2025-12-25,SWG102223,Masala Dosa,South Indian,1,140.00,14.00,6.30,40.00,172.30,126.00,Cash,Delivered
2025-12-25,SWG102224,Veg Biryani,Biryani,1,180.00,0.00,9.00,40.00,229.00,180.00,Credit Card,Delivered
2025-12-25,SWG102225,Veg Biryani,Biryani,2,360.00,36.00,16.20,20.00,360.20,324.00,Debit Card,Delivered
2025-12-25,SWG102226,Chicken Tikka,Starters,1,260.00,13.00,12.35,30.00,289.35,247.00,UPI,Delivered
2025-12-25,SWG102227,Masala Dosa,South Indian,1,140.00,7.00,6.65,30.00,169.65,133.00,Cash,Delivered
2025-12-25,SWG102228,Chicken Tikka,Starters,1,260.00,39.00,11.05,20.00,252.05,221.00,Cash,Delivered
2025-12-25,SWG102229,Hakka Noodles,Rice & Noodles,1,180.00,9.00,8.55,0.00,179.55,171.00,UPI,Delivered
2025-12-25,SWG102230,Chicken Biryani,Biryani,1,220.00,0.00,11.00,30.00,261.00,220.00,Debit Card,Delivered
2025-12-25,SWG102231,Fried Rice,Rice & Noodles,1,170.00,8.50,8.08,0.00,169.58,161.50,Credit Card,Delivered
2025-12-25,SWG102232,Veg Biryani,Biryani,3,540.00,54.00,24.30,0.00,510.30,486.00,UPI,Delivered
2025-12-25,SWG102233,Masala Dosa,South Indian,2,280.00,0.00,14.00,30.00,324.00,280.00,Cash,Delivered
2025-12-25,SWG102234,Veg Biryani,Biryani,1,180.00,0.00,9.00,40.00,229.00,180.00,UPI,Delivered
2025-12-25,SWG102235,Paneer Butter Masala,Main Course,1,240.00,36.00,10.20,30.00,244.20,204.00,Cash,Delivered
2025-12-25,SWG102236,Paneer Butter Masala,Main Course,1,240.00,12.00,11.40,20.00,259.40,228.00,Cash,Delivered
2025-12-25,SWG102237,Chicken Biryani,Biryani,1,220.00,33.00,9.35,40.00,236.35,187.00,UPI,Delivered
2025-12-25,SWG102238,Gulab Jamun,Desserts,2,180.00,0.00,9.00,30.00,219.00,180.00,Cash,Delivered
2025-12-26,SWG102239,Masala Dosa,South Indian,3,420.00,21.00,19.95,20.00,438.95,399.00,UPI,Delivered
2025-12-26,SWG102240,Chicken Biryani,Biryani,2,440.00,66.00,18.70,40.00,432.70,374.00,UPI,Delivered
2025-12-26,SWG102241,Masala Dosa,South Indian,1,140.00,14.00,6.30,40.00,172.30,126.00,Credit Card,Delivered
2025-12-26,SWG102242,Chicken Tikka,Starters,1,260.00,26.00,11.70,20.00,265.70,234.00,Debit Card,Delivered
2025-12-26,SWG102243,Paneer Tikka,Starters,1,230.00,34.50,9.78,30.00,235.28,195.50,Debit Card,Delivered
2025-12-26,SWG102244,Masala Dosa,South Indian,1,140.00,21.00,5.95,40.00,164.95,119.00,Cash,Delivered
2025-12-26,SWG102245,Paneer Butter Masala,Main Course,1,240.00,12.00,11.40,30.00,269.40,228.00,Cash,Delivered
2025-12-26,SWG102246,Fried Rice,Rice & Noodles,2,340.00,17.00,16.15,0.00,339.15,323.00,Credit Card,Delivered
2025-12-26,SWG102247,Gulab Jamun,Desserts,1,90.00,4.50,4.28,20.00,109.78,0.00,Credit Card,Cancelled
2025-12-26,SWG102248,Paneer Tikka,Starters,1,230.00,34.50,9.78,0.00,205.28,0.00,UPI,Cancelled
2025-12-26,SWG102249,Hakka Noodles,Rice & Noodles,1,180.00,0.00,9.00,30.00,219.00,180.00,Credit Card,Delivered
2025-12-26,SWG102250,Veg Biryani,Biryani,1,180.00,18.00,8.10,40.00,210.10,162.00,Debit Card,Delivered
2025-12-26,SWG102251,Hakka Noodles,Rice & Noodles,2,360.00,54.00,15.30,20.00,341.30,306.00,Cash,Delivered
2025-12-26,SWG102252,Paneer Butter Masala,Main Course,1,240.00,36.00,10.20,20.00,234.20,204.00,Credit Card,Delivered
2025-12-26,SWG102253,Chicken Biryani,Biryani,2,440.00,0.00,22.00,40.00,502.00,440.00,UPI,Delivered
2025-12-26,SWG102254,Masala Dosa,South Indian,1,140.00,21.00,5.95,30.00,154.95,119.00,UPI,Delivered
2025-12-26,SWG102255,Veg Biryani,Biryani,1,180.00,0.00,9.00,30.00,219.00,180.00,Credit Card,Delivered
2025-12-26,SWG102256,Paneer Butter Masala,Main Course,1,240.00,36.00,10.20,0.00,214.20,204.00,Debit Card,Delivered
2025-12-26,SWG102257,Paneer Tikka,Starters,1,230.00,23.00,10.35,30.00,247.35,207.00,Credit Card,Delivered
2025-12-26,SWG102258,Masala Dosa,South Indian,1,140.00,21.00,5.95,0.00,124.95,119.00,UPI,Delivered
2025-12-26,SWG102259,Fried Rice,Rice & Noodles,1,170.00,0.00,8.50,30.00,208.50,170.00,Cash,Delivered
2025-12-26,SWG102260,Hakka Noodles,Rice & Noodles,2,360.00,54.00,15.30,30.00,351.30,306.00,Cash,Delivered
2025-12-26,SWG102261,Chicken Biryani,Biryani,1,220.00,33.00,9.35,0.00,196.35,187.00,UPI,Delivered
2025-12-27,SWG102262,Paneer Butter Masala,Main Course,1,240.00,0.00,12.00,40.00,292.00,240.00,Debit Card,Delivered
2025-12-27,SWG102263,Veg Biryani,Biryani,1,180.00,27.00,7.65,0.00,160.65,153.00,Cash,Delivered
2025-12-27,SWG102264,Veg Biryani,Biryani,1,180.00,0.00,9.00,0.00,189.00,180.00,UPI,Delivered
2025-12-27,SWG102265,Hakka Noodles,Rice & Noodles,1,180.00,9.00,8.55,40.00,219.55,171.00,Cash,Delivered
2025-12-27,SWG102266,Hakka Noodles,Rice & Noodles,1,180.00,0.00,9.00,30.00,219.00,180.00,Cash,Delivered
2025-12-27,SWG102267,Butter Naan,Breads,2,120.00,12.00,5.40,20.00,133.40,108.00,Debit Card,Delivered
2025-12-27,SWG102268,Paneer Tikka,Starters,1,230.00,11.50,10.93,0.00,229.43,218.50,Cash,Delivered
2025-12-27,SWG102269,Veg Biryani,Biryani,1,180.00,9.00,8.55,40.00,219.55,171.00,Credit Card,Delivered
2025-12-27,SWG102270,Veg Biryani,Biryani,1,180.00,27.00,7.65,20.00,180.65,153.00,UPI,Delivered
2025-12-27,SWG102271,Paneer Butter Masala,Main Course,1,240.00,12.00,11.40,0.00,239.40,228.00,Debit Card,Delivered
2025-12-27,SWG102272,Paneer Tikka,Starters,1,230.00,23.00,10.35,0.00,217.35,207.00,UPI,Delivered
2025-12-27,SWG102273,Masala Dosa,South Indian,1,140.00,21.00,5.95,0.00,124.95,119.00,Debit Card,Delivered
2025-12-27,SWG102274,Chicken Tikka,Starters,1,260.00,13.00,12.35,20.00,279.35,247.00,Credit Card,Delivered
2025-12-27,SWG102275,Paneer Butter Masala,Main Course,1,240.00,12.00,11.40,40.00,279.40,228.00,Debit Card,Delivered
2025-12-27,SWG102276,Hakka Noodles,Rice & Noodles,1,180.00,0.00,9.00,20.00,209.00,180.00,UPI,Delivered
2025-12-27,SWG102277,Hakka Noodles,Rice & Noodles,1,180.00,9.00,8.55,20.00,199.55,171.00,Cash,Delivered
2025-12-27,SWG102278,Chicken Biryani,Biryani,1,220.00,0.00,11.00,0.00,231.00,220.00,Debit Card,Delivered
2025-12-27,SWG102279,Gulab Jamun,Desserts,1,90.00,9.00,4.05,20.00,105.05,81.00,Credit Card,Delivered
2025-12-27,SWG102280,Fried Rice,Rice & Noodles,2,340.00,17.00,16.15,40.00,379.15,323.00,Credit Card,Delivered
2025-12-27,SWG102281,Paneer Butter Masala,Main Course,1,240.00,0.00,12.00,20.00,272.00,240.00,Credit Card,Delivered
2025-12-27,SWG102282,Paneer Butter Masala,Main Course,1,240.00,0.00,12.00,20.00,272.00,240.00,Cash,Delivered
2025-12-27,SWG102283,Chicken Tikka,Starters,2,520.00,52.00,23.40,40.00,531.40,468.00,Cash,Delivered
2025-12-27,SWG102284,Chicken Biryani,Biryani,2,440.00,66.00,18.70,0.00,392.70,374.00,Debit Card,Delivered
2025-12-27,SWG102285,Paneer Tikka,Starters,1,230.00,11.50,10.93,20.00,249.43,218.50,Cash,Delivered
2025-12-27,SWG102286,Butter Naan,Breads,1,60.00,6.00,2.70,40.00,96.70,54.00,Cash,Delivered
2025-12-28,SWG102287,Hakka Noodles,Rice & Noodles,1,180.00,9.00,8.55,0.00,179.55,171.00,Cash,Delivered
2025-12-28,SWG102288,Masala Dosa,South Indian,1,140.00,14.00,6.30,30.00,162.30,126.00,Debit Card,Delivered
2025-12-28,SWG102289,Masala Dosa,South Indian,2,280.00,42.00,11.90,40.00,289.90,238.00,Credit Card,Delivered
2025-12-28,SWG102290,Fried Rice,Rice & Noodles,1,170.00,25.50,7.23,30.00,181.73,144.50,UPI,Delivered
2025-12-28,SWG102291,Masala Dosa,South Indian,1,140.00,14.00,6.30,30.00,162.30,126.00,Credit Card,Delivered
2025-12-28,SWG102292,Chicken Tikka,Starters,2,520.00,52.00,23.40,20.00,511.40,468.00,Debit Card,Delivered
2025-12-28,SWG102293,Masala Dosa,South Indian,1,140.00,14.00,6.30,40.00,172.30,126.00,Cash,Delivered
2025-12-28,SWG102294,Veg Biryani,Biryani,2,360.00,18.00,17.10,30.00,389.10,342.00,Debit Card,Delivered
2025-12-28,SWG102295,Hakka Noodles,Rice & Noodles,1,180.00,9.00,8.55,40.00,219.55,171.00,Credit Card,Delivered
2025-12-28,SWG102296,Paneer Butter Masala,Main Course,1,240.00,24.00,10.80,20.00,246.80,216.00,Debit Card,Delivered
2025-12-28,SWG102297,Butter Naan,Breads,2,120.00,18.00,5.10,30.00,137.10,102.00,Cash,Delivered
2025-12-28,SWG102298,Masala Dosa,South Indian,2,280.00,42.00,11.90,30.00,279.90,238.00,UPI,Delivered
2025-12-28,SWG102299,Masala Dosa,South Indian,1,140.00,21.00,5.95,40.00,164.95,119.00,Credit Card,Delivered
2025-12-28,SWG102300,Masala Dosa,South Indian,2,280.00,42.00,11.90,30.00,279.90,238.00,Cash,Delivered
2025-12-28,SWG102301,Veg Biryani,Biryani,1,180.00,27.00,7.65,40.00,200.65,153.00,Cash,Delivered
2025-12-28,SWG102302,Paneer Tikka,Starters,1,230.00,0.00,11.50,20.00,261.50,230.00,Debit Card,Delivered
2025-12-28,SWG102303,Chicken Biryani,Biryani,1,220.00,0.00,11.00,30.00,261.00,220.00,Debit Card,Delivered
2025-12-28,SWG102304,Butter Naan,Breads,2,120.00,18.00,5.10,20.00,127.10,102.00,UPI,Delivered
2025-12-28,SWG102305,Chicken Biryani,Biryani,1,220.00,22.00,9.90,30.00,237.90,198.00,Credit Card,Delivered
2025-12-29,SWG102306,Veg Biryani,Biryani,1,180.00,18.00,8.10,30.00,200.10,162.00,Credit Card,Delivered
2025-12-29,SWG102307,Chicken Biryani,Biryani,1,220.00,22.00,9.90,20.00,227.90,198.00,Cash,Delivered
2025-12-29,SWG102308,Veg Biryani,Biryani,1,180.00,0.00,9.00,20.00,209.00,180.00,Debit Card,Delivered
2025-12-29,SWG102309,Fried Rice,Rice & Noodles,1,170.00,8.50,8.08,40.00,209.58,161.50,Cash,Delivered
2025-12-29,SWG102310,Gulab Jamun,Desserts,1,90.00,4.50,4.28,20.00,109.78,85.50,UPI,Delivered
2025-12-29,SWG102311,Veg Biryani,Biryani,1,180.00,27.00,7.65,40.00,200.65,153.00,Credit Card,Delivered
2025-12-29,SWG102312,Paneer Butter Masala,Main Course,2,480.00,72.00,20.40,40.00,468.40,408.00,Cash,Delivered
2025-12-29,SWG102313,Gulab Jamun,Desserts,2,180.00,0.00,9.00,30.00,219.00,180.00,Cash,Delivered
2025-12-29,SWG102314,Paneer Tikka,Starters,2,460.00,46.00,20.70,30.00,464.70,414.00,Cash,Delivered
2025-12-29,SWG102315,Fried Rice,Rice & Noodles,1,170.00,17.00,7.65,20.00,180.65,153.00,Cash,Delivered
2025-12-29,SWG102316,Butter Naan,Breads,2,120.00,6.00,5.70,20.00,139.70,114.00,Cash,Delivered
2025-12-29,SWG102317,Masala Dosa,South Indian,1,140.00,14.00,6.30,20.00,152.30,126.00,Cash,Delivered
2025-12-29,SWG102318,Chicken Biryani,Biryani,1,220.00,11.00,10.45,0.00,219.45,209.00,UPI,Delivered
2025-12-29,SWG102319,Paneer Tikka,Starters,1,230.00,23.00,10.35,40.00,257.35,207.00,Cash,Delivered
2025-12-29,SWG102320,Fried Rice,Rice & Noodles,2,340.00,0.00,17.00,40.00,397.00,340.00,Credit Card,Delivered
2025-12-30,SWG102321,Masala Dosa,South Indian,1,140.00,7.00,6.65,20.00,159.65,133.00,Credit Card,Delivered
2025-12-30,SWG102322,Chicken Biryani,Biryani,3,660.00,66.00,29.70,0.00,623.70,594.00,UPI,Delivered
2025-12-30,SWG102323,Butter Naan,Breads,1,60.00,0.00,3.00,30.00,93.00,60.00,Debit Card,Delivered
2025-12-30,SWG102324,Fried Rice,Rice & Noodles,1,170.00,8.50,8.08,40.00,209.58,161.50,Credit Card,Delivered
2025-12-30,SWG102325,Veg Biryani,Biryani,1,180.00,9.00,8.55,0.00,179.55,171.00,UPI,Delivered
2025-12-30,SWG102326,Gulab Jamun,Desserts,1,90.00,4.50,4.28,30.00,119.78,85.50,Cash,Delivered
2025-12-30,SWG102327,Butter Naan,Breads,1,60.00,3.00,2.85,0.00,59.85,57.00,UPI,Delivered
2025-12-30,SWG102328,Masala Dosa,South Indian,2,280.00,14.00,13.30,0.00,279.30,266.00,Debit Card,Delivered
2025-12-30,SWG102329,Butter Naan,Breads,1,60.00,3.00,2.85,20.00,79.85,57.00,Debit Card,Delivered
2025-12-30,SWG102330,Butter Naan,Breads,2,120.00,0.00,6.00,0.00,126.00,120.00,Credit Card,Delivered
2025-12-30,SWG102331,Chicken Biryani,Biryani,1,220.00,11.00,10.45,20.00,239.45,209.00,Debit Card,Delivered
2025-12-30,SWG102332,Gulab Jamun,Desserts,2,180.00,27.00,7.65,20.00,180.65,153.00,UPI,Delivered
2025-12-30,SWG102333,Veg Biryani,Biryani,1,180.00,0.00,9.00,0.00,189.00,0.00,Credit Card,Cancelled
2025-12-30,SWG102334,Chicken Biryani,Biryani,1,220.00,33.00,9.35,40.00,236.35,187.00,Cash,Delivered
2025-12-30,SWG102335,Hakka Noodles,Rice & Noodles,1,180.00,18.00,8.10,40.00,210.10,162.00,Cash,Delivered
2025-12-30,SWG102336,Butter Naan,Breads,1,60.00,9.00,2.55,20.00,73.55,51.00,Credit Card,Delivered
2025-12-31,SWG102337,Paneer Butter Masala,Main Course,1,240.00,24.00,10.80,30.00,256.80,216.00,Cash,Delivered
2025-12-31,SWG102338,Paneer Tikka,Starters,1,230.00,23.00,10.35,0.00,217.35,207.00,Credit Card,Delivered
2025-12-31,SWG102339,Chicken Biryani,Biryani,1,220.00,11.00,10.45,40.00,259.45,209.00,Credit Card,Delivered
2025-12-31,SWG102340,Masala Dosa,South Indian,1,140.00,7.00,6.65,0.00,139.65,133.00,Cash,Delivered
2025-12-31,SWG102341,Masala Dosa,South Indian,1,140.00,21.00,5.95,40.00,164.95,119.00,Credit Card,Delivered
2025-12-31,SWG102342,Fried Rice,Rice & Noodles,1,170.00,0.00,8.50,20.00,198.50,170.00,UPI,Delivered
2025-12-31,SWG102343,Masala Dosa,South Indian,1,140.00,14.00,6.30,40.00,172.30,126.00,Cash,Delivered
2025-12-31,SWG102344,Paneer Butter Masala,Main Course,1,240.00,24.00,10.80,40.00,266.80,216.00,Cash,Delivered
2025-12-31,SWG102345,Paneer Butter Masala,Main Course,1,240.00,12.00,11.40,30.00,269.40,228.00,Credit Card,Delivered
2025-12-31,SWG102346,Chicken Biryani,Biryani,3,660.00,33.00,31.35,30.00,688.35,627.00,Credit Card,Delivered
2025-12-31,SWG102347,Hakka Noodles,Rice & Noodles,1,180.00,27.00,7.65,40.00,200.65,153.00,Cash,Delivered
2025-12-31,SWG102348,Chicken Tikka,Starters,1,260.00,26.00,11.70,30.00,275.70,234.00,UPI,Delivered
2025-12-31,SWG102349,Fried Rice,Rice & Noodles,2,340.00,51.00,14.45,0.00,303.45,289.00,UPI,Delivered
2025-12-31,SWG102350,Butter Naan,Breads,2,120.00,18.00,5.10,30.00,137.10,102.00,Cash,Delivered
2025-12-31,SWG102351,Masala Dosa,South Indian,1,140.00,7.00,6.65,0.00,139.65,133.00,Debit Card,Delivered
2025-12-31,SWG102352,Paneer Tikka,Starters,1,230.00,0.00,11.50,30.00,271.50,230.00,Credit Card,Delivered
2025-12-31,SWG102353,Veg Biryani,Biryani,1,180.00,9.00,8.55,40.00,219.55,171.00,Credit Card,Delivered
2025-12-31,SWG102354,Paneer Tikka,Starters,1,230.00,23.00,10.35,20.00,237.35,207.00,UPI,Delivered
2025-12-31,SWG102355,Butter Naan,Breads,2,120.00,12.00,5.40,40.00,153.40,108.00,Credit Card,Delivered
2025-12-31,SWG102356,Fried Rice,Rice & Noodles,2,340.00,17.00,16.15,40.00,379.15,323.00,Cash,Delivered
2025-12-31,SWG102357,Chicken Tikka,Starters,1,260.00,26.00,11.70,40.00,285.70,234.00,Debit Card,Delivered
2025-12-31,SWG102358,Gulab Jamun,Desserts,1,90.00,9.00,4.05,30.00,115.05,81.00,Debit Card,Delivered
2025-12-31,SWG102359,Gulab Jamun,Desserts,2,180.00,9.00,8.55,20.00,199.55,171.00,Cash,Delivered
2025-12-31,SWG102360,Fried Rice,Rice & Noodles,1,170.00,17.00,7.65,40.00,200.65,0.00,Cash,Cancelled
2025-12-31,SWG102361,Chicken Biryani,Biryani,3,660.00,66.00,29.70,30.00,653.70,594.00,Credit Card,Delivered
2025-12-31,SWG102362,Hakka Noodles,Rice & Noodles,1,180.00,9.00,8.55,20.00,199.55,171.00,Credit Card,Delivered
2026-01-01,SWG102363,Hakka Noodles,Rice & Noodles,1,180.00,27.00,7.65,40.00,200.65,153.00,Debit Card,Delivered
2026-01-01,SWG102364,Paneer Butter Masala,Main Course,1,240.00,36.00,10.20,0.00,214.20,204.00,UPI,Delivered
2026-01-01,SWG102365,Paneer Tikka,Starters,1,230.00,34.50,9.78,20.00,225.28,195.50,UPI,Delivered
2026-01-01,SWG102366,Chicken Tikka,Starters,2,520.00,0.00,26.00,30.00,576.00,520.00,Cash,Delivered
2026-01-01,SWG102367,Paneer Tikka,Starters,1,230.00,34.50,9.78,40.00,245.28,195.50,Debit Card,Delivered
2026-01-01,SWG102368,Veg Biryani,Biryani,1,180.00,9.00,8.55,30.00,209.55,171.00,Debit Card,Delivered
2026-01-01,SWG102369,Gulab Jamun,Desserts,1,90.00,0.00,4.50,0.00,94.50,90.00,UPI,Delivered
2026-01-01,SWG102370,Butter Naan,Breads,1,60.00,9.00,2.55,0.00,53.55,51.00,Credit Card,Delivered
2026-01-01,SWG102371,Chicken Biryani,Biryani,1,220.00,11.00,10.45,0.00,219.45,209.00,Debit Card,Delivered
2026-01-01,SWG102372,Chicken Tikka,Starters,1,260.00,0.00,13.00,0.00,273.00,260.00,Debit Card,Delivered
2026-01-01,SWG102373,Chicken Tikka,Starters,1,260.00,0.00,13.00,0.00,273.00,260.00,Credit Card,Delivered
2026-01-01,SWG102374,Butter Naan,Breads,2,120.00,18.00,5.10,0.00,107.10,102.00,Debit Card,Delivered
2026-01-01,SWG102375,Gulab Jamun,Desserts,2,180.00,0.00,9.00,30.00,219.00,180.00,Cash,Delivered
2026-01-01,SWG102376,Gulab Jamun,Desserts,2,180.00,9.00,8.55,0.00,179.55,171.00,Credit Card,Delivered
2026-01-01,SWG102377,Masala Dosa,South Indian,1,140.00,14.00,6.30,20.00,152.30,126.00,Cash,Delivered
2026-01-01,SWG102378,Chicken Tikka,Starters,3,780.00,78.00,35.10,30.00,767.10,702.00,Cash,Delivered
2026-01-01,SWG102379,Paneer Tikka,Starters,2,460.00,23.00,21.85,30.00,488.85,437.00,Credit Card,Delivered
2026-01-01,SWG102380,Veg Biryani,Biryani,1,180.00,9.00,8.55,0.00,179.55,171.00,UPI,Delivered
2026-01-01,SWG102381,Butter Naan,Breads,1,60.00,9.00,2.55,20.00,73.55,51.00,UPI,Delivered
2026-01-01,SWG102382,Masala Dosa,South Indian,2,280.00,28.00,12.60,20.00,284.60,252.00,Cash,Delivered
2026-01-01,SWG102383,Paneer Tikka,Starters,1,230.00,23.00,10.35,20.00,237.35,207.00,UPI,Delivered
2026-01-01,SWG102384,Chicken Tikka,Starters,1,260.00,13.00,12.35,30.00,289.35,247.00,UPI,Delivered
2026-01-01,SWG102385,Masala Dosa,South Indian,1,140.00,21.00,5.95,40.00,164.95,119.00,Cash,Delivered
2026-01-02,SWG102386,Chicken Tikka,Starters,1,260.00,26.00,11.70,40.00,285.70,234.00,Credit Card,Delivered
2026-01-02,SWG102387,Chicken Biryani,Biryani,2,440.00,22.00,20.90,30.00,468.90,418.00,Cash,Delivered
2026-01-02,SWG102388,Chicken Tikka,Starters,1,260.00,13.00,12.35,20.00,279.35,247.00,Cash,Delivered
2026-01-02,SWG102389,Masala Dosa,South Indian,2,280.00,14.00,13.30,40.00,319.30,266.00,UPI,Delivered
2026-01-02,SWG102390,Chicken Tikka,Starters,1,260.00,26.00,11.70,30.00,275.70,234.00,Cash,Delivered
2026-01-02,SWG102391,Hakka Noodles,Rice & Noodles,1,180.00,9.00,8.55,30.00,209.55,171.00,Debit Card,Delivered
2026-01-02,SWG102392,Hakka Noodles,Rice & Noodles,1,180.00,9.00,8.55,40.00,219.55,171.00,UPI,Delivered
2026-01-02,SWG102393,Fried Rice,Rice & Noodles,3,510.00,51.00,22.95,40.00,521.95,459.00,Debit Card,Delivered
2026-01-02,SWG102394,Chicken Biryani,Biryani,1,220.00,0.00,11.00,40.00,271.00,220.00,Cash,Delivered
2026-01-02,SWG102395,Fried Rice,Rice & Noodles,2,340.00,17.00,16.15,30.00,369.15,323.00,Credit Card,Delivered
2026-01-02,SWG102396,Fried Rice,Rice & Noodles,1,170.00,0.00,8.50,20.00,198.50,170.00,Debit Card,Delivered
2026-01-02,SWG102397,Paneer Tikka,Starters,1,230.00,11.50,10.93,0.00,229.43,218.50,Cash,Delivered
2026-01-02,SWG102398,Veg Biryani,Biryani,1,180.00,27.00,7.65,0.00,160.65,153.00,Debit Card,Delivered
2026-01-02,SWG102399,Hakka Noodles,Rice & Noodles,2,360.00,54.00,15.30,0.00,321.30,306.00,Debit Card,Delivered
2026-01-02,SWG102400,Gulab Jamun,Desserts,1,90.00,13.50,3.83,20.00,100.33,76.50,Debit Card,Delivered
2026-01-02,SWG102401,Paneer Butter Masala,Main Course,2,480.00,72.00,20.40,30.00,458.40,408.00,Credit Card,Delivered
2026-01-02,SWG102402,Chicken Biryani,Biryani,1,220.00,0.00,11.00,30.00,261.00,220.00,Cash,Delivered
2026-01-02,SWG102403,Chicken Biryani,Biryani,1,220.00,22.00,9.90,20.00,227.90,198.00,Debit Card,Delivered
2026-01-02,SWG102404,Paneer Tikka,Starters,1,230.00,34.50,9.78,20.00,225.28,195.50,Debit Card,Delivered
2026-01-03,SWG102405,Masala Dosa,South Indian,3,420.00,0.00,21.00,0.00,441.00,0.00,UPI,Cancelled
2026-01-03,SWG102406,Chicken Biryani,Biryani,3,660.00,0.00,33.00,30.00,723.00,660.00,UPI,Delivered
2026-01-03,SWG102407,Fried Rice,Rice & Noodles,1,170.00,25.50,7.23,0.00,151.73,144.50,Debit Card,Delivered
2026-01-03,SWG102408,Paneer Butter Masala,Main Course,1,240.00,0.00,12.00,30.00,282.00,240.00,Credit Card,Delivered
2026-01-03,SWG102409,Hakka Noodles,Rice & Noodles,2,360.00,0.00,18.00,0.00,378.00,0.00,Credit Card,Cancelled
2026-01-03,SWG102410,Butter Naan,Breads,1,60.00,3.00,2.85,40.00,99.85,0.00,Debit Card,Cancelled
2026-01-03,SWG102411,Chicken Biryani,Biryani,1,220.00,33.00,9.35,40.00,236.35,187.00,Cash,Delivered
2026-01-03,SWG102412,Veg Biryani,Biryani,1,180.00,27.00,7.65,0.00,160.65,0.00,Credit Card,Cancelled
2026-01-03,SWG102413,Fried Rice,Rice & Noodles,1,170.00,25.50,7.23,40.00,191.73,144.50,Debit Card,Delivered
2026-01-03,SWG102414,Veg Biryani,Biryani,2,360.00,0.00,18.00,40.00,418.00,360.00,Debit Card,Delivered
2026-01-03,SWG102415,Chicken Biryani,Biryani,3,660.00,66.00,29.70,30.00,653.70,594.00,UPI,Delivered
2026-01-03,SWG102416,Chicken Tikka,Starters,2,520.00,0.00,26.00,20.00,566.00,520.00,UPI,Delivered
2026-01-03,SWG102417,Gulab Jamun,Desserts,1,90.00,13.50,3.83,30.00,110.33,76.50,UPI,Delivered
2026-01-03,SWG102418,Chicken Tikka,Starters,1,260.00,39.00,11.05,30.00,262.05,221.00,UPI,Delivered
2026-01-03,SWG102419,Chicken Biryani,Biryani,2,440.00,22.00,20.90,30.00,468.90,418.00,Credit Card,Delivered
2026-01-03,SWG102420,Masala Dosa,South Indian,1,140.00,21.00,5.95,0.00,124.95,0.00,Debit Card,Cancelled
2026-01-03,SWG102421,Paneer Butter Masala,Main Course,1,240.00,24.00,10.80,40.00,266.80,216.00,Debit Card,Delivered
2026-01-03,SWG102422,Chicken Tikka,Starters,1,260.00,0.00,13.00,20.00,293.00,260.00,UPI,Delivered
2026-01-03,SWG102423,Chicken Tikka,Starters,1,260.00,26.00,11.70,30.00,275.70,234.00,UPI,Delivered
2026-01-03,SWG102424,Butter Naan,Breads,1,60.00,0.00,3.00,20.00,83.00,60.00,Debit Card,Delivered
2026-01-03,SWG102425,Hakka Noodles,Rice & Noodles,2,360.00,0.00,18.00,30.00,408.00,360.00,Debit Card,Delivered
2026-01-03,SWG102426,Paneer Butter Masala,Main Course,2,480.00,0.00,24.00,30.00,534.00,480.00,Cash,Delivered
2026-01-03,SWG102427,Paneer Butter Masala,Main Course,1,240.00,24.00,10.80,0.00,226.80,216.00,UPI,Delivered
2026-01-03,SWG102428,Gulab Jamun,Desserts,1,90.00,13.50,3.83,0.00,80.33,76.50,Debit Card,Delivered
2026-01-03,SWG102429,Paneer Tikka,Starters,1,230.00,23.00,10.35,20.00,237.35,207.00,Credit Card,Delivered
2026-01-03,SWG102430,Paneer Butter Masala,Main Course,1,240.00,12.00,11.40,0.00,239.40,228.00,UPI,Delivered
2026-01-03,SWG102431,Fried Rice,Rice & Noodles,1,170.00,8.50,8.08,20.00,189.58,161.50,Credit Card,Delivered
2026-01-03,SWG102432,Paneer Tikka,Starters,1,230.00,23.00,10.35,20.00,237.35,207.00,Credit Card,Delivered
2026-01-03,SWG102433,Chicken Biryani,Biryani,1,220.00,33.00,9.35,20.00,216.35,187.00,Debit Card,Delivered
2026-01-03,SWG102434,Chicken Tikka,Starters,1,260.00,39.00,11.05,30.00,262.05,221.00,UPI,Delivered
2026-01-04,SWG102435,Paneer Tikka,Starters,1,230.00,34.50,9.78,0.00,205.28,0.00,Cash,Cancelled
2026-01-04,SWG102436,Gulab Jamun,Desserts,1,90.00,9.00,4.05,20.00,105.05,81.00,UPI,Delivered
2026-01-04,SWG102437,Veg Biryani,Biryani,1,180.00,0.00,9.00,20.00,209.00,0.00,UPI,Cancelled
2026-01-04,SWG102438,Paneer Butter Masala,Main Course,1,240.00,12.00,11.40,20.00,259.40,228.00,UPI,Delivered
2026-01-04,SWG102439,Gulab Jamun,Desserts,1,90.00,4.50,4.28,0.00,89.78,85.50,UPI,Delivered
2026-01-04,SWG102440,Paneer Tikka,Starters,1,230.00,11.50,10.93,40.00,269.43,218.50,UPI,Delivered
2026-01-04,SWG102441,Chicken Tikka,Starters,1,260.00,39.00,11.05,40.00,272.05,221.00,Debit Card,Delivered
2026-01-04,SWG102442,Fried Rice,Rice & Noodles,1,170.00,8.50,8.08,20.00,189.58,161.50,Credit Card,Delivered
2026-01-04,SWG102443,Veg Biryani,Biryani,1,180.00,18.00,8.10,40.00,210.10,162.00,UPI,Delivered
2026-01-04,SWG102444,Paneer Tikka,Starters,1,230.00,0.00,11.50,0.00,241.50,230.00,Debit Card,Delivered
2026-01-04,SWG102445,Veg Biryani,Biryani,1,180.00,18.00,8.10,20.00,190.10,162.00,Credit Card,Delivered
2026-01-04,SWG102446,Paneer Tikka,Starters,2,460.00,69.00,19.55,0.00,410.55,391.00,Debit Card,Delivered
2026-01-04,SWG102447,Masala Dosa,South Indian,1,140.00,21.00,5.95,20.00,144.95,119.00,Debit Card,Delivered
2026-01-04,SWG102448,Fried Rice,Rice & Noodles,3,510.00,51.00,22.95,20.00,501.95,459.00,Cash,Delivered
2026-01-04,SWG102449,Butter Naan,Breads,1,60.00,3.00,2.85,40.00,99.85,57.00,Credit Card,Delivered
2026-01-04,SWG102450,Paneer Butter Masala,Main Course,1,240.00,24.00,10.80,30.00,256.80,216.00,Debit Card,Delivered
2026-01-04,SWG102451,Hakka Noodles,Rice & Noodles,2,360.00,54.00,15.30,0.00,321.30,306.00,UPI,Delivered
2026-01-04,SWG102452,Veg Biryani,Biryani,2,360.00,36.00,16.20,20.00,360.20,324.00,Credit Card,Delivered
2026-01-04,SWG102453,Fried Rice,Rice & Noodles,3,510.00,0.00,25.50,20.00,555.50,510.00,Debit Card,Delivered
2026-01-04,SWG102454,Hakka Noodles,Rice & Noodles,1,180.00,18.00,8.10,0.00,170.10,162.00,Credit Card,Delivered
2026-01-04,SWG102455,Paneer Butter Masala,Main Course,1,240.00,36.00,10.20,30.00,244.20,204.00,Debit Card,Delivered
2026-01-04,SWG102456,Gulab Jamun,Desserts,1,90.00,13.50,3.83,30.00,110.33,76.50,Cash,Delivered
2026-01-04,SWG102457,Gulab Jamun,Desserts,1,90.00,4.50,4.28,30.00,119.78,85.50,Debit Card,Delivered
2026-01-04,SWG102458,Chicken Tikka,Starters,1,260.00,13.00,12.35,30.00,289.35,247.00,Cash,Delivered
2026-01-04,SWG102459,Hakka Noodles,Rice & Noodles,1,180.00,0.00,9.00,0.00,189.00,180.00,Credit Card,Delivered
2026-01-04,SWG102460,Veg Biryani,Biryani,1,180.00,0.00,9.00,20.00,209.00,180.00,UPI,Delivered
2026-01-04,SWG102461,Paneer Butter Masala,Main Course,1,240.00,36.00,10.20,20.00,234.20,204.00,Credit Card,Delivered
2026-01-05,SWG102462,Masala Dosa,South Indian,1,140.00,21.00,5.95,0.00,124.95,0.00,Cash,Cancelled
2026-01-05,SWG102463,Veg Biryani,Biryani,1,180.00,9.00,8.55,0.00,179.55,171.00,Debit Card,Delivered
2026-01-05,SWG102464,Gulab Jamun,Desserts,1,90.00,4.50,4.28,0.00,89.78,85.50,Debit Card,Delivered
2026-01-05,SWG102465,Hakka Noodles,Rice & Noodles,1,180.00,0.00,9.00,40.00,229.00,180.00,Credit Card,Delivered
2026-01-05,SWG102466,Paneer Tikka,Starters,2,460.00,0.00,23.00,0.00,483.00,460.00,Credit Card,Delivered
2026-01-05,SWG102467,Gulab Jamun,Desserts,1,90.00,13.50,3.83,30.00,110.33,76.50,Cash,Delivered
2026-01-05,SWG102468,Hakka Noodles,Rice & Noodles,1,180.00,0.00,9.00,0.00,189.00,0.00,UPI,Cancelled
2026-01-05,SWG102469,Masala Dosa,South Indian,1,140.00,7.00,6.65,20.00,159.65,133.00,Credit Card,Delivered
2026-01-05,SWG102470,Veg Biryani,Biryani,2,360.00,18.00,17.10,20.00,379.10,342.00,UPI,Delivered
2026-01-05,SWG102471,Fried Rice,Rice & Noodles,1,170.00,8.50,8.08,0.00,169.58,161.50,Credit Card,Delivered
2026-01-05,SWG102472,Chicken Tikka,Starters,1,260.00,26.00,11.70,40.00,285.70,234.00,UPI,Delivered
2026-01-05,SWG102473,Butter Naan,Breads,1,60.00,0.00,3.00,20.00,83.00,60.00,Credit Card,Delivered
2026-01-05,SWG102474,Paneer Tikka,Starters,1,230.00,11.50,10.93,20.00,249.43,218.50,Cash,Delivered
2026-01-05,SWG102475,Paneer Butter Masala,Main Course,1,240.00,12.00,11.40,30.00,269.40,228.00,Debit Card,Delivered
2026-01-05,SWG102476,Fried Rice,Rice & Noodles,1,170.00,8.50,8.08,40.00,209.58,161.50,Cash,Delivered
2026-01-05,SWG102477,Masala Dosa,South Indian,1,140.00,7.00,6.65,0.00,139.65,133.00,Debit Card,Delivered
2026-01-05,SWG102478,Paneer Tikka,Starters,2,460.00,69.00,19.55,0.00,410.55,391.00,UPI,Delivered
2026-01-05,SWG102479,Butter Naan,Breads,2,120.00,6.00,5.70,0.00,119.70,114.00,Cash,Delivered
2026-01-06,SWG102480,Gulab Jamun,Desserts,1,90.00,4.50,4.28,0.00,89.78,85.50,Credit Card,Delivered
2026-01-06,SWG102481,Butter Naan,Breads,1,60.00,0.00,3.00,0.00,63.00,60.00,UPI,Delivered
2026-01-06,SWG102482,Chicken Tikka,Starters,1,260.00,0.00,13.00,30.00,303.00,260.00,Credit Card,Delivered
2026-01-06,SWG102483,Butter Naan,Breads,1,60.00,9.00,2.55,20.00,73.55,51.00,Credit Card,Delivered
2026-01-06,SWG102484,Paneer Butter Masala,Main Course,1,240.00,36.00,10.20,0.00,214.20,204.00,UPI,Delivered
2026-01-06,SWG102485,Chicken Tikka,Starters,1,260.00,26.00,11.70,30.00,275.70,234.00,UPI,Delivered
2026-01-06,SWG102486,Chicken Biryani,Biryani,2,440.00,0.00,22.00,0.00,462.00,440.00,Credit Card,Delivered
2026-01-06,SWG102487,Gulab Jamun,Desserts,1,90.00,4.50,4.28,40.00,129.78,85.50,UPI,Delivered
2026-01-06,SWG102488,Fried Rice,Rice & Noodles,2,340.00,34.00,15.30,0.00,321.30,306.00,UPI,Delivered
2026-01-06,SWG102489,Butter Naan,Breads,3,180.00,18.00,8.10,40.00,210.10,162.00,Debit Card,Delivered
2026-01-06,SWG102490,Masala Dosa,South Indian,1,140.00,0.00,7.00,20.00,167.00,140.00,Cash,Delivered
2026-01-06,SWG102491,Masala Dosa,South Indian,1,140.00,0.00,7.00,20.00,167.00,140.00,Debit Card,Delivered
2026-01-06,SWG102492,Hakka Noodles,Rice & Noodles,1,180.00,0.00,9.00,30.00,219.00,180.00,UPI,Delivered
2026-01-06,SWG102493,Hakka Noodles,Rice & Noodles,1,180.00,0.00,9.00,0.00,189.00,180.00,UPI,Delivered
2026-01-06,SWG102494,Masala Dosa,South Indian,2,280.00,42.00,11.90,30.00,279.90,238.00,UPI,Delivered
2026-01-06,SWG102495,Chicken Tikka,Starters,1,260.00,26.00,11.70,20.00,265.70,234.00,UPI,Delivered
2026-01-06,SWG102496,Veg Biryani,Biryani,1,180.00,18.00,8.10,20.00,190.10,0.00,Debit Card,Cancelled
2026-01-06,SWG102497,Chicken Biryani,Biryani,1,220.00,11.00,10.45,40.00,259.45,209.00,UPI,Delivered
2026-01-06,SWG102498,Fried Rice,Rice & Noodles,1,170.00,8.50,8.08,20.00,189.58,161.50,Cash,Delivered
2026-01-07,SWG102499,Chicken Biryani,Biryani,2,440.00,22.00,20.90,20.00,458.90,418.00,Debit Card,Delivered
2026-01-07,SWG102500,Chicken Biryani,Biryani,2,440.00,66.00,18.70,30.00,422.70,374.00,UPI,Delivered
2026-01-07,SWG102501,Hakka Noodles,Rice & Noodles,2,360.00,0.00,18.00,30.00,408.00,360.00,Debit Card,Delivered
2026-01-07,SWG102502,Butter Naan,Breads,1,60.00,9.00,2.55,40.00,93.55,51.00,Credit Card,Delivered
2026-01-07,SWG102503,Hakka Noodles,Rice & Noodles,1,180.00,9.00,8.55,0.00,179.55,171.00,Credit Card,Delivered
2026-01-07,SWG102504,Butter Naan,Breads,1,60.00,3.00,2.85,40.00,99.85,57.00,Debit Card,Delivered
2026-01-07,SWG102505,Butter Naan,Breads,1,60.00,6.00,2.70,40.00,96.70,54.00,UPI,Delivered
2026-01-07,SWG102506,Veg Biryani,Biryani,2,360.00,18.00,17.10,30.00,389.10,342.00,Cash,Delivered
2026-01-07,SWG102507,Veg Biryani,Biryani,1,180.00,18.00,8.10,0.00,170.10,162.00,UPI,Delivered
2026-01-07,SWG102508,Paneer Tikka,Starters,1,230.00,34.50,9.78,20.00,225.28,195.50,Debit Card,Delivered
2026-01-07,SWG102509,Masala Dosa,South Indian,2,280.00,0.00,14.00,20.00,314.00,280.00,Credit Card,Delivered
2026-01-07,SWG102510,Chicken Tikka,Starters,1,260.00,13.00,12.35,30.00,289.35,247.00,UPI,Delivered
2026-01-08,SWG102511,Paneer Butter Masala,Main Course,1,240.00,24.00,10.80,40.00,266.80,216.00,Debit Card,Delivered
2026-01-08,SWG102512,Hakka Noodles,Rice & Noodles,1,180.00,0.00,9.00,20.00,209.00,180.00,Debit Card,Delivered
2026-01-08,SWG102513,Veg Biryani,Biryani,1,180.00,9.00,8.55,30.00,209.55,171.00,Credit Card,Delivered
2026-01-08,SWG102514,Fried Rice,Rice & Noodles,1,170.00,0.00,8.50,30.00,208.50,170.00,UPI,Delivered
2026-01-08,SWG102515,Masala Dosa,South Indian,1,140.00,7.00,6.65,20.00,159.65,133.00,Debit Card,Delivered
2026-01-08,SWG102516,Veg Biryani,Biryani,2,360.00,36.00,16.20,30.00,370.20,324.00,UPI,Delivered
2026-01-08,SWG102517,Paneer Tikka,Starters,1,230.00,11.50,10.93,0.00,229.43,218.50,Cash,Delivered
2026-01-08,SWG102518,Hakka Noodles,Rice & Noodles,1,180.00,0.00,9.00,0.00,189.00,180.00,Credit Card,Delivered
2026-01-08,SWG102519,Veg Biryani,Biryani,1,180.00,9.00,8.55,40.00,219.55,171.00,Cash,Delivered
2026-01-08,SWG102520,Chicken Tikka,Starters,3,780.00,0.00,39.00,40.00,859.00,780.00,UPI,Delivered
2026-01-08,SWG102521,Paneer Butter Masala,Main Course,2,480.00,72.00,20.40,30.00,458.40,0.00,UPI,Cancelled
2026-01-08,SWG102522,Fried Rice,Rice & Noodles,3,510.00,76.50,21.68,0.00,455.18,433.50,Credit Card,Delivered
2026-01-08,SWG102523,Veg Biryani,Biryani,2,360.00,0.00,18.00,0.00,378.00,360.00,Cash,Delivered
2026-01-09,SWG102524,Gulab Jamun,Desserts,1,90.00,0.00,4.50,20.00,114.50,90.00,Debit Card,Delivered
2026-01-09,SWG102525,Fried Rice,Rice & Noodles,1,170.00,25.50,7.23,30.00,181.73,144.50,UPI,Delivered
2026-01-09,SWG102526,Paneer Tikka,Starters,2,460.00,23.00,21.85,40.00,498.85,437.00,Debit Card,Delivered
2026-01-09,SWG102527,Butter Naan,Breads,2,120.00,0.00,6.00,30.00,156.00,120.00,UPI,Delivered
2026-01-09,SWG102528,Hakka Noodles,Rice & Noodles,1,180.00,18.00,8.10,0.00,170.10,162.00,Credit Card,Delivered
2026-01-09,SWG102529,Veg Biryani,Biryani,1,180.00,27.00,7.65,30.00,190.65,153.00,Credit Card,Delivered
2026-01-09,SWG102530,Paneer Tikka,Starters,1,230.00,11.50,10.93,20.00,249.43,218.50,Credit Card,Delivered
2026-01-09,SWG102531,Paneer Butter Masala,Main Course,1,240.00,24.00,10.80,30.00,256.80,216.00,UPI,Delivered
2026-01-09,SWG102532,Paneer Butter Masala,Main Course,1,240.00,0.00,12.00,30.00,282.00,240.00,Cash,Delivered
2026-01-09,SWG102533,Chicken Biryani,Biryani,2,440.00,0.00,22.00,30.00,492.00,440.00,Cash,Delivered
2026-01-09,SWG102534,Paneer Tikka,Starters,1,230.00,0.00,11.50,0.00,241.50,230.00,Credit Card,Delivered
2026-01-09,SWG102535,Paneer Tikka,Starters,2,460.00,0.00,23.00,0.00,483.00,460.00,UPI,Delivered
2026-01-09,SWG102536,Hakka Noodles,Rice & Noodles,2,360.00,36.00,16.20,40.00,380.20,324.00,UPI,Delivered
2026-01-09,SWG102537,Chicken Biryani,Biryani,1,220.00,33.00,9.35,0.00,196.35,187.00,Credit Card,Delivered
2026-01-09,SWG102538,Paneer Butter Masala,Main Course,3,720.00,36.00,34.20,30.00,748.20,684.00,Debit Card,Delivered
2026-01-09,SWG102539,Chicken Biryani,Biryani,2,440.00,22.00,20.90,40.00,478.90,418.00,Cash,Delivered
2026-01-09,SWG102540,Fried Rice,Rice & Noodles,1,170.00,8.50,8.08,20.00,189.58,0.00,Debit Card,Cancelled
2026-01-09,SWG102541,Masala Dosa,South Indian,1,140.00,0.00,7.00,0.00,147.00,140.00,UPI,Delivered
2026-01-09,SWG102542,Hakka Noodles,Rice & Noodles,3,540.00,27.00,25.65,30.00,568.65,513.00,Cash,Delivered
2026-01-09,SWG102543,Hakka Noodles,Rice & Noodles,1,180.00,9.00,8.55,40.00,219.55,171.00,Credit Card,Delivered
2026-01-09,SWG102544,Chicken Tikka,Starters,1,260.00,0.00,13.00,0.00,273.00,260.00,Debit Card,Delivered
2026-01-09,SWG102545,Fried Rice,Rice & Noodles,1,170.00,0.00,8.50,0.00,178.50,170.00,UPI,Delivered
2026-01-09,SWG102546,Masala Dosa,South Indian,1,140.00,7.00,6.65,0.00,139.65,133.00,Cash,Delivered
2026-01-09,SWG102547,Masala Dosa,South Indian,1,140.00,7.00,6.65,40.00,179.65,133.00,Cash,Delivered
2026-01-10,SWG102548,Gulab Jamun,Desserts,1,90.00,13.50,3.83,30.00,110.33,76.50,Cash,Delivered
2026-01-10,SWG102549,Paneer Butter Masala,Main Course,2,480.00,48.00,21.60,20.00,473.60,432.00,Debit Card,Delivered
2026-01-10,SWG102550,Gulab Jamun,Desserts,1,90.00,4.50,4.28,20.00,109.78,85.50,UPI,Delivered
2026-01-10,SWG102551,Masala Dosa,South Indian,1,140.00,14.00,6.30,20.00,152.30,126.00,Credit Card,Delivered
2026-01-10,SWG102552,Paneer Butter Masala,Main Course,1,240.00,12.00,11.40,30.00,269.40,228.00,Cash,Delivered
2026-01-10,SWG102553,Paneer Tikka,Starters,1,230.00,0.00,11.50,40.00,281.50,230.00,UPI,Delivered
2026-01-10,SWG102554,Hakka Noodles,Rice & Noodles,1,180.00,27.00,7.65,0.00,160.65,153.00,Cash,Delivered
2026-01-10,SWG102555,Chicken Biryani,Biryani,1,220.00,11.00,10.45,20.00,239.45,209.00,Credit Card,Delivered
2026-01-10,SWG102556,Hakka Noodles,Rice & Noodles,1,180.00,18.00,8.10,30.00,200.10,162.00,Credit Card,Delivered
2026-01-10,SWG102557,Hakka Noodles,Rice & Noodles,2,360.00,36.00,16.20,0.00,340.20,324.00,Cash,Delivered
2026-01-10,SWG102558,Paneer Butter Masala,Main Course,3,720.00,108.00,30.60,30.00,672.60,612.00,Credit Card,Delivered
2026-01-10,SWG102559,Paneer Tikka,Starters,1,230.00,23.00,10.35,20.00,237.35,207.00,Debit Card,Delivered
2026-01-10,SWG102560,Paneer Butter Masala,Main Course,2,480.00,72.00,20.40,40.00,468.40,408.00,UPI,Delivered
2026-01-10,SWG102561,Veg Biryani,Biryani,1,180.00,27.00,7.65,40.00,200.65,153.00,Credit Card,Delivered
2026-01-10,SWG102562,Veg Biryani,Biryani,2,360.00,36.00,16.20,30.00,370.20,0.00,UPI,Cancelled
2026-01-10,SWG102563,Masala Dosa,South Indian,2,280.00,28.00,12.60,40.00,304.60,252.00,Credit Card,Delivered
2026-01-10,SWG102564,Gulab Jamun,Desserts,2,180.00,18.00,8.10,30.00,200.10,162.00,UPI,Delivered
2026-01-10,SWG102565,Chicken Biryani,Biryani,2,440.00,22.00,20.90,40.00,478.90,418.00,UPI,Delivered
2026-01-10,SWG102566,Chicken Biryani,Biryani,1,220.00,33.00,9.35,40.00,236.35,187.00,Cash,Delivered
2026-01-10,SWG102567,Paneer Butter Masala,Main Course,3,720.00,0.00,36.00,40.00,796.00,720.00,UPI,Delivered
2026-01-10,SWG102568,Paneer Butter Masala,Main Course,1,240.00,24.00,10.80,0.00,226.80,216.00,UPI,Delivered
2026-01-10,SWG102569,Paneer Tikka,Starters,1,230.00,23.00,10.35,0.00,217.35,207.00,UPI,Delivered
2026-01-10,SWG102570,Chicken Tikka,Starters,1,260.00,39.00,11.05,20.00,252.05,221.00,Credit Card,Delivered
2026-01-11,SWG102571,Paneer Tikka,Starters,1,230.00,0.00,11.50,30.00,271.50,230.00,Debit Card,Delivered
2026-01-11,SWG102572,Masala Dosa,South Indian,1,140.00,21.00,5.95,40.00,164.95,119.00,Debit Card,Delivered
2026-01-11,SWG102573,Paneer Tikka,Starters,1,230.00,34.50,9.78,20.00,225.28,195.50,Cash,Delivered
2026-01-11,SWG102574,Butter Naan,Breads,1,60.00,6.00,2.70,0.00,56.70,54.00,UPI,Delivered
2026-01-11,SWG102575,Fried Rice,Rice & Noodles,1,170.00,25.50,7.23,40.00,191.73,144.50,Credit Card,Delivered
2026-01-11,SWG102576,Gulab Jamun,Desserts,1,90.00,0.00,4.50,30.00,124.50,90.00,Debit Card,Delivered
2026-01-11,SWG102577,Paneer Butter Masala,Main Course,3,720.00,36.00,34.20,20.00,738.20,684.00,UPI,Delivered
2026-01-11,SWG102578,Butter Naan,Breads,3,180.00,18.00,8.10,30.00,200.10,162.00,Credit Card,Delivered
2026-01-11,SWG102579,Veg Biryani,Biryani,1,180.00,27.00,7.65,0.00,160.65,153.00,UPI,Delivered
2026-01-11,SWG102580,Fried Rice,Rice & Noodles,1,170.00,8.50,8.08,0.00,169.58,161.50,Credit Card,Delivered
2026-01-11,SWG102581,Chicken Biryani,Biryani,1,220.00,11.00,10.45,40.00,259.45,209.00,Debit Card,Delivered
2026-01-11,SWG102582,Butter Naan,Breads,1,60.00,6.00,2.70,40.00,96.70,54.00,Credit Card,Delivered
2026-01-11,SWG102583,Fried Rice,Rice & Noodles,1,170.00,17.00,7.65,30.00,190.65,153.00,UPI,Delivered
2026-01-11,SWG102584,Butter Naan,Breads,2,120.00,12.00,5.40,0.00,113.40,108.00,Cash,Delivered
2026-01-11,SWG102585,Masala Dosa,South Indian,1,140.00,0.00,7.00,40.00,187.00,140.00,UPI,Delivered
2026-01-11,SWG102586,Veg Biryani,Biryani,1,180.00,18.00,8.10,0.00,170.10,162.00,UPI,Delivered
2026-01-11,SWG102587,Butter Naan,Breads,2,120.00,18.00,5.10,20.00,127.10,102.00,UPI,Delivered
2026-01-11,SWG102588,Chicken Biryani,Biryani,2,440.00,0.00,22.00,40.00,502.00,440.00,Credit Card,Delivered
2026-01-11,SWG102589,Paneer Butter Masala,Main Course,1,240.00,24.00,10.80,40.00,266.80,216.00,Debit Card,Delivered
2026-01-11,SWG102590,Fried Rice,Rice & Noodles,2,340.00,51.00,14.45,20.00,323.45,289.00,Credit Card,Delivered
2026-01-11,SWG102591,Hakka Noodles,Rice & Noodles,1,180.00,0.00,9.00,20.00,209.00,180.00,Debit Card,Delivered
2026-01-11,SWG102592,Paneer Tikka,Starters,1,230.00,11.50,10.93,40.00,269.43,218.50,UPI,Delivered
2026-01-11,SWG102593,Fried Rice,Rice & Noodles,2,340.00,51.00,14.45,40.00,343.45,289.00,UPI,Delivered
2026-01-11,SWG102594,Fried Rice,Rice & Noodles,1,170.00,0.00,8.50,40.00,218.50,170.00,Cash,Delivered
2026-01-11,SWG102595,Veg Biryani,Biryani,2,360.00,18.00,17.10,0.00,359.10,342.00,UPI,Delivered
2026-01-11,SWG102596,Paneer Tikka,Starters,1,230.00,0.00,11.50,20.00,261.50,230.00,Debit Card,Delivered
2026-01-11,SWG102597,Chicken Tikka,Starters,1,260.00,0.00,13.00,40.00,313.00,260.00,Debit Card,Delivered
2026-01-11,SWG102598,Chicken Biryani,Biryani,2,440.00,66.00,18.70,0.00,392.70,374.00,Cash,Delivered
2026-01-11,SWG102599,Gulab Jamun,Desserts,1,90.00,0.00,4.50,20.00,114.50,90.00,Credit Card,Delivered
2026-01-12,SWG102600,Chicken Tikka,Starters,1,260.00,39.00,11.05,0.00,232.05,221.00,Debit Card,Delivered
2026-01-12,SWG102601,Veg Biryani,Biryani,1,180.00,18.00,8.10,0.00,170.10,162.00,Credit Card,Delivered
2026-01-12,SWG102602,Chicken Biryani,Biryani,2,440.00,0.00,22.00,20.00,482.00,440.00,Cash,Delivered
2026-01-12,SWG102603,Gulab Jamun,Desserts,1,90.00,9.00,4.05,30.00,115.05,81.00,Debit Card,Delivered
2026-01-12,SWG102604,Gulab Jamun,Desserts,1,90.00,0.00,4.50,0.00,94.50,90.00,Cash,Delivered
2026-01-12,SWG102605,Hakka Noodles,Rice & Noodles,1,180.00,0.00,9.00,40.00,229.00,180.00,Credit Card,Delivered
2026-01-12,SWG102606,Veg Biryani,Biryani,2,360.00,54.00,15.30,40.00,361.30,306.00,Credit Card,Delivered
2026-01-12,SWG102607,Hakka Noodles,Rice & Noodles,2,360.00,18.00,17.10,0.00,359.10,342.00,Cash,Delivered
2026-01-12,SWG102608,Masala Dosa,South Indian,1,140.00,0.00,7.00,0.00,147.00,140.00,Cash,Delivered
2026-01-12,SWG102609,Fried Rice,Rice & Noodles,1,170.00,25.50,7.23,40.00,191.73,144.50,Cash,Delivered
2026-01-13,SWG102610,Butter Naan,Breads,2,120.00,6.00,5.70,30.00,149.70,114.00,Credit Card,Delivered
2026-01-13,SWG102611,Fried Rice,Rice & Noodles,3,510.00,0.00,25.50,30.00,565.50,510.00,UPI,Delivered
2026-01-13,SWG102612,Paneer Tikka,Starters,1,230.00,11.50,10.93,30.00,259.43,218.50,Debit Card,Delivered
2026-01-13,SWG102613,Chicken Biryani,Biryani,1,220.00,22.00,9.90,40.00,247.90,198.00,Debit Card,Delivered
2026-01-13,SWG102614,Fried Rice,Rice & Noodles,1,170.00,0.00,8.50,0.00,178.50,170.00,Credit Card,Delivered
2026-01-13,SWG102615,Chicken Tikka,Starters,2,520.00,52.00,23.40,30.00,521.40,468.00,Cash,Delivered
2026-01-13,SWG102616,Fried Rice,Rice & Noodles,1,170.00,8.50,8.08,20.00,189.58,161.50,Debit Card,Delivered
2026-01-13,SWG102617,Butter Naan,Breads,1,60.00,3.00,2.85,30.00,89.85,57.00,Credit Card,Delivered
2026-01-13,SWG102618,Veg Biryani,Biryani,1,180.00,0.00,9.00,30.00,219.00,180.00,Debit Card,Delivered
2026-01-13,SWG102619,Paneer Butter Masala,Main Course,1,240.00,24.00,10.80,20.00,246.80,216.00,Debit Card,Delivered
2026-01-13,SWG102620,Fried Rice,Rice & Noodles,1,170.00,17.00,7.65,40.00,200.65,153.00,Credit Card,Delivered
2026-01-14,SWG102621,Paneer Tikka,Starters,2,460.00,23.00,21.85,20.00,478.85,437.00,Debit Card,Delivered
2026-01-14,SWG102622,Paneer Butter Masala,Main Course,1,240.00,0.00,12.00,40.00,292.00,240.00,UPI,Delivered
2026-01-14,SWG102623,Fried Rice,Rice & Noodles,1,170.00,25.50,7.23,30.00,181.73,144.50,Debit Card,Delivered
2026-01-14,SWG102624,Fried Rice,Rice & Noodles,2,340.00,34.00,15.30,30.00,351.30,306.00,Credit Card,Delivered
2026-01-14,SWG102625,Masala Dosa,South Indian,1,140.00,0.00,7.00,0.00,147.00,140.00,UPI,Delivered
2026-01-14,SWG102626,Fried Rice,Rice & Noodles,1,170.00,8.50,8.08,0.00,169.58,161.50,Debit Card,Delivered
2026-01-14,SWG102627,Gulab Jamun,Desserts,1,90.00,0.00,4.50,0.00,94.50,90.00,Credit Card,Delivered
2026-01-14,SWG102628,Paneer Tikka,Starters,1,230.00,23.00,10.35,30.00,247.35,207.00,Debit Card,Delivered
2026-01-14,SWG102629,Chicken Tikka,Starters,1,260.00,13.00,12.35,20.00,279.35,247.00,Credit Card,Delivered
2026-01-14,SWG102630,Paneer Tikka,Starters,1,230.00,0.00,11.50,20.00,261.50,230.00,Cash,Delivered
2026-01-14,SWG102631,Chicken Tikka,Starters,1,260.00,26.00,11.70,20.00,265.70,234.00,UPI,Delivered
2026-01-14,SWG102632,Masala Dosa,South Indian,3,420.00,0.00,21.00,0.00,441.00,420.00,Credit Card,Delivered
2026-01-14,SWG102633,Fried Rice,Rice & Noodles,1,170.00,0.00,8.50,40.00,218.50,170.00,Credit Card,Delivered
2026-01-14,SWG102634,Fried Rice,Rice & Noodles,1,170.00,17.00,7.65,20.00,180.65,153.00,Debit Card,Delivered
2026-01-14,SWG102635,Paneer Tikka,Starters,1,230.00,11.50,10.93,30.00,259.43,218.50,Cash,Delivered
2026-01-14,SWG102636,Paneer Tikka,Starters,1,230.00,23.00,10.35,40.00,257.35,207.00,Cash,Delivered
2026-01-14,SWG102637,Hakka Noodles,Rice & Noodles,1,180.00,18.00,8.10,20.00,190.10,162.00,Debit Card,Delivered
2026-01-15,SWG102638,Masala Dosa,South Indian,1,140.00,14.00,6.30,40.00,172.30,126.00,Debit Card,Delivered
2026-01-15,SWG102639,Gulab Jamun,Desserts,1,90.00,4.50,4.28,30.00,119.78,85.50,UPI,Delivered
2026-01-15,SWG102640,Paneer Butter Masala,Main Course,2,480.00,72.00,20.40,30.00,458.40,408.00,UPI,Delivered
2026-01-15,SWG102641,Chicken Biryani,Biryani,1,220.00,22.00,9.90,30.00,237.90,198.00,Credit Card,Delivered
2026-01-15,SWG102642,Paneer Butter Masala,Main Course,3,720.00,36.00,34.20,0.00,718.20,684.00,Debit Card,Delivered
2026-01-15,SWG102643,Paneer Butter Masala,Main Course,1,240.00,24.00,10.80,30.00,256.80,216.00,Credit Card,Delivered
2026-01-16,SWG102644,Paneer Tikka,Starters,1,230.00,11.50,10.93,0.00,229.43,218.50,Debit Card,Delivered
2026-01-16,SWG102645,Hakka Noodles,Rice & Noodles,1,180.00,27.00,7.65,40.00,200.65,153.00,Cash,Delivered
2026-01-16,SWG102646,Butter Naan,Breads,1,60.00,3.00,2.85,40.00,99.85,57.00,Cash,Delivered
2026-01-16,SWG102647,Masala Dosa,South Indian,1,140.00,7.00,6.65,0.00,139.65,133.00,Credit Card,Delivered
2026-01-16,SWG102648,Chicken Tikka,Starters,1,260.00,0.00,13.00,20.00,293.00,260.00,Credit Card,Delivered
2026-01-16,SWG102649,Hakka Noodles,Rice & Noodles,2,360.00,0.00,18.00,20.00,398.00,360.00,UPI,Delivered
2026-01-16,SWG102650,Butter Naan,Breads,1,60.00,3.00,2.85,0.00,59.85,57.00,UPI,Delivered
2026-01-16,SWG102651,Chicken Biryani,Biryani,1,220.00,0.00,11.00,0.00,231.00,220.00,Cash,Delivered
2026-01-16,SWG102652,Masala Dosa,South Indian,1,140.00,7.00,6.65,40.00,179.65,133.00,Credit Card,Delivered
2026-01-16,SWG102653,Fried Rice,Rice & Noodles,1,170.00,0.00,8.50,40.00,218.50,170.00,Credit Card,Delivered
2026-01-16,SWG102654,Chicken Tikka,Starters,1,260.00,26.00,11.70,30.00,275.70,234.00,Debit Card,Delivered
2026-01-16,SWG102655,Hakka Noodles,Rice & Noodles,1,180.00,27.00,7.65,20.00,180.65,153.00,UPI,Delivered
2026-01-16,SWG102656,Chicken Tikka,Starters,1,260.00,0.00,13.00,40.00,313.00,260.00,Credit Card,Delivered
2026-01-16,SWG102657,Paneer Butter Masala,Main Course,1,240.00,12.00,11.40,40.00,279.40,228.00,Cash,Delivered
2026-01-16,SWG102658,Butter Naan,Breads,1,60.00,3.00,2.85,20.00,79.85,57.00,Credit Card,Delivered
2026-01-16,SWG102659,Gulab Jamun,Desserts,1,90.00,4.50,4.28,0.00,89.78,85.50,Credit Card,Delivered
2026-01-16,SWG102660,Butter Naan,Breads,1,60.00,3.00,2.85,40.00,99.85,57.00,UPI,Delivered
2026-01-16,SWG102661,Paneer Tikka,Starters,2,460.00,0.00,23.00,30.00,513.00,460.00,Credit Card,Delivered
2026-01-16,SWG102662,Veg Biryani,Biryani,2,360.00,36.00,16.20,30.00,370.20,324.00,Credit Card,Delivered
2026-01-16,SWG102663,Gulab Jamun,Desserts,2,180.00,9.00,8.55,30.00,209.55,171.00,Debit Card,Delivered
2026-01-16,SWG102664,Masala Dosa,South Indian,1,140.00,21.00,5.95,40.00,164.95,119.00,Cash,Delivered
2026-01-17,SWG102665,Masala Dosa,South Indian,1,140.00,0.00,7.00,30.00,177.00,140.00,Debit Card,Delivered
2026-01-17,SWG102666,Gulab Jamun,Desserts,2,180.00,27.00,7.65,0.00,160.65,153.00,Cash,Delivered
2026-01-17,SWG102667,Gulab Jamun,Desserts,2,180.00,27.00,7.65,0.00,160.65,153.00,Credit Card,Delivered
2026-01-17,SWG102668,Fried Rice,Rice & Noodles,1,170.00,0.00,8.50,30.00,208.50,170.00,Cash,Delivered
2026-01-17,SWG102669,Hakka Noodles,Rice & Noodles,2,360.00,0.00,18.00,20.00,398.00,360.00,Debit Card,Delivered
2026-01-17,SWG102670,Butter Naan,Breads,1,60.00,3.00,2.85,20.00,79.85,57.00,UPI,Delivered
2026-01-17,SWG102671,Butter Naan,Breads,2,120.00,18.00,5.10,0.00,107.10,102.00,Credit Card,Delivered
2026-01-17,SWG102672,Chicken Biryani,Biryani,2,440.00,44.00,19.80,40.00,455.80,396.00,Cash,Delivered
2026-01-17,SWG102673,Hakka Noodles,Rice & Noodles,1,180.00,27.00,7.65,30.00,190.65,153.00,Debit Card,Delivered
2026-01-17,SWG102674,Hakka Noodles,Rice & Noodles,1,180.00,9.00,8.55,40.00,219.55,171.00,UPI,Delivered
2026-01-17,SWG102675,Veg Biryani,Biryani,1,180.00,18.00,8.10,20.00,190.10,162.00,UPI,Delivered
2026-01-17,SWG102676,Gulab Jamun,Desserts,2,180.00,18.00,8.10,0.00,170.10,162.00,Debit Card,Delivered
2026-01-17,SWG102677,Butter Naan,Breads,3,180.00,0.00,9.00,0.00,189.00,180.00,Credit Card,Delivered
2026-01-17,SWG102678,Gulab Jamun,Desserts,1,90.00,0.00,4.50,0.00,94.50,90.00,Cash,Delivered
2026-01-17,SWG102679,Masala Dosa,South Indian,1,140.00,7.00,6.65,0.00,139.65,133.00,Credit Card,Delivered
2026-01-17,SWG102680,Chicken Biryani,Biryani,1,220.00,33.00,9.35,0.00,196.35,187.00,Cash,Delivered
2026-01-17,SWG102681,Paneer Butter Masala,Main Course,1,240.00,0.00,12.00,20.00,272.00,240.00,Credit Card,Delivered
2026-01-17,SWG102682,Butter Naan,Breads,1,60.00,3.00,2.85,0.00,59.85,57.00,Cash,Delivered
2026-01-17,SWG102683,Paneer Tikka,Starters,1,230.00,11.50,10.93,0.00,229.43,218.50,UPI,Delivered
2026-01-17,SWG102684,Paneer Butter Masala,Main Course,1,240.00,36.00,10.20,0.00,214.20,204.00,Credit Card,Delivered
2026-01-17,SWG102685,Chicken Biryani,Biryani,1,220.00,0.00,11.00,40.00,271.00,220.00,Debit Card,Delivered
2026-01-17,SWG102686,Hakka Noodles,Rice & Noodles,2,360.00,18.00,17.10,20.00,379.10,342.00,Credit Card,Delivered
2026-01-17,SWG102687,Chicken Biryani,Biryani,1,220.00,11.00,10.45,40.00,259.45,209.00,Credit Card,Delivered
2026-01-18,SWG102688,Hakka Noodles,Rice & Noodles,1,180.00,9.00,8.55,40.00,219.55,171.00,Debit Card,Delivered
2026-01-18,SWG102689,Hakka Noodles,Rice & Noodles,1,180.00,18.00,8.10,20.00,190.10,162.00,Debit Card,Delivered
2026-01-18,SWG102690,Chicken Biryani,Biryani,2,440.00,66.00,18.70,20.00,412.70,374.00,UPI,Delivered
2026-01-18,SWG102691,Gulab Jamun,Desserts,1,90.00,4.50,4.28,20.00,109.78,85.50,Cash,Delivered
2026-01-18,SWG102692,Butter Naan,Breads,1,60.00,3.00,2.85,30.00,89.85,0.00,Debit Card,Cancelled
2026-01-18,SWG102693,Paneer Tikka,Starters,2,460.00,0.00,23.00,0.00,483.00,460.00,Credit Card,Delivered
2026-01-18,SWG102694,Gulab Jamun,Desserts,1,90.00,4.50,4.28,40.00,129.78,85.50,UPI,Delivered
2026-01-18,SWG102695,Veg Biryani,Biryani,3,540.00,0.00,27.00,20.00,587.00,540.00,Cash,Delivered
2026-01-18,SWG102696,Chicken Tikka,Starters,1,260.00,26.00,11.70,40.00,285.70,234.00,Credit Card,Delivered
2026-01-18,SWG102697,Veg Biryani,Biryani,2,360.00,36.00,16.20,0.00,340.20,324.00,Credit Card,Delivered
2026-01-18,SWG102698,Chicken Biryani,Biryani,1,220.00,33.00,9.35,0.00,196.35,187.00,Debit Card,Delivered
2026-01-18,SWG102699,Gulab Jamun,Desserts,1,90.00,4.50,4.28,40.00,129.78,85.50,Credit Card,Delivered
2026-01-18,SWG102700,Gulab Jamun,Desserts,1,90.00,13.50,3.83,0.00,80.33,76.50,UPI,Delivered
2026-01-18,SWG102701,Paneer Tikka,Starters,1,230.00,11.50,10.93,30.00,259.43,218.50,UPI,Delivered
2026-01-18,SWG102702,Chicken Tikka,Starters,1,260.00,13.00,12.35,0.00,259.35,247.00,Debit Card,Delivered
2026-01-18,SWG102703,Chicken Biryani,Biryani,1,220.00,0.00,11.00,0.00,231.00,220.00,Cash,Delivered
2026-01-18,SWG102704,Fried Rice,Rice & Noodles,1,170.00,25.50,7.23,30.00,181.73,144.50,Debit Card,Delivered
2026-01-18,SWG102705,Gulab Jamun,Desserts,1,90.00,13.50,3.83,30.00,110.33,76.50,Cash,Delivered
2026-01-18,SWG102706,Butter Naan,Breads,2,120.00,12.00,5.40,40.00,153.40,108.00,Credit Card,Delivered
2026-01-18,SWG102707,Masala Dosa,South Indian,1,140.00,0.00,7.00,0.00,147.00,140.00,UPI,Delivered
2026-01-18,SWG102708,Paneer Butter Masala,Main Course,2,480.00,0.00,24.00,0.00,504.00,480.00,Cash,Delivered
2026-01-18,SWG102709,Hakka Noodles,Rice & Noodles,1,180.00,27.00,7.65,40.00,200.65,153.00,UPI,Delivered
2026-01-18,SWG102710,Fried Rice,Rice & Noodles,1,170.00,0.00,8.50,0.00,178.50,170.00,Debit Card,Delivered
2026-01-18,SWG102711,Fried Rice,Rice & Noodles,1,170.00,0.00,8.50,0.00,178.50,0.00,UPI,Cancelled
2026-01-18,SWG102712,Fried Rice,Rice & Noodles,1,170.00,0.00,8.50,40.00,218.50,170.00,Credit Card,Delivered
2026-01-18,SWG102713,Chicken Biryani,Biryani,1,220.00,11.00,10.45,30.00,249.45,209.00,UPI,Delivered
2026-01-18,SWG102714,Masala Dosa,South Indian,1,140.00,14.00,6.30,40.00,172.30,126.00,Cash,Delivered
2026-01-18,SWG102715,Butter Naan,Breads,1,60.00,3.00,2.85,0.00,59.85,57.00,Cash,Delivered
2026-01-18,SWG102716,Butter Naan,Breads,1,60.00,6.00,2.70,40.00,96.70,54.00,Cash,Delivered
2026-01-19,SWG102717,Veg Biryani,Biryani,1,180.00,0.00,9.00,30.00,219.00,180.00,Credit Card,Delivered
2026-01-19,SWG102718,Gulab Jamun,Desserts,1,90.00,13.50,3.83,30.00,110.33,76.50,Cash,Delivered
2026-01-19,SWG102719,Paneer Tikka,Starters,2,460.00,0.00,23.00,30.00,513.00,460.00,Credit Card,Delivered
2026-01-19,SWG102720,Butter Naan,Breads,1,60.00,9.00,2.55,0.00,53.55,51.00,Debit Card,Delivered
2026-01-19,SWG102721,Paneer Tikka,Starters,1,230.00,0.00,11.50,30.00,271.50,230.00,UPI,Delivered
2026-01-19,SWG102722,Paneer Butter Masala,Main Course,2,480.00,0.00,24.00,40.00,544.00,480.00,Cash,Delivered
2026-01-19,SWG102723,Paneer Butter Masala,Main Course,2,480.00,0.00,24.00,0.00,504.00,480.00,Debit Card,Delivered
2026-01-19,SWG102724,Gulab Jamun,Desserts,1,90.00,0.00,4.50,30.00,124.50,90.00,Debit Card,Delivered
2026-01-19,SWG102725,Veg Biryani,Biryani,1,180.00,0.00,9.00,30.00,219.00,180.00,UPI,Delivered
2026-01-19,SWG102726,Masala Dosa,South Indian,1,140.00,0.00,7.00,30.00,177.00,140.00,Cash,Delivered
2026-01-19,SWG102727,Paneer Tikka,Starters,2,460.00,69.00,19.55,20.00,430.55,391.00,Credit Card,Delivered
2026-01-19,SWG102728,Fried Rice,Rice & Noodles,1,170.00,0.00,8.50,40.00,218.50,170.00,Debit Card,Delivered
2026-01-19,SWG102729,Paneer Butter Masala,Main Course,1,240.00,36.00,10.20,0.00,214.20,204.00,Cash,Delivered
2026-01-19,SWG102730,Masala Dosa,South Indian,3,420.00,63.00,17.85,40.00,414.85,357.00,Credit Card,Delivered
2026-01-20,SWG102731,Veg Biryani,Biryani,2,360.00,36.00,16.20,40.00,380.20,324.00,Debit Card,Delivered
2026-01-20,SWG102732,Gulab Jamun,Desserts,1,90.00,0.00,4.50,40.00,134.50,90.00,UPI,Delivered
2026-01-20,SWG102733,Masala Dosa,South Indian,1,140.00,21.00,5.95,20.00,144.95,119.00,Cash,Delivered
2026-01-20,SWG102734,Chicken Biryani,Biryani,1,220.00,11.00,10.45,0.00,219.45,209.00,UPI,Delivered
2026-01-20,SWG102735,Butter Naan,Breads,1,60.00,0.00,3.00,30.00,93.00,60.00,UPI,Delivered
2026-01-20,SWG102736,Veg Biryani,Biryani,1,180.00,27.00,7.65,20.00,180.65,153.00,UPI,Delivered
2026-01-20,SWG102737,Fried Rice,Rice & Noodles,3,510.00,51.00,22.95,0.00,481.95,459.00,UPI,Delivered
2026-01-20,SWG102738,Hakka Noodles,Rice & Noodles,2,360.00,36.00,16.20,30.00,370.20,324.00,Credit Card,Delivered
2026-01-20,SWG102739,Paneer Butter Masala,Main Course,1,240.00,24.00,10.80,20.00,246.80,216.00,Cash,Delivered
2026-01-20,SWG102740,Hakka Noodles,Rice & Noodles,1,180.00,0.00,9.00,20.00,209.00,180.00,UPI,Delivered
2026-01-20,SWG102741,Masala Dosa,South Indian,1,140.00,21.00,5.95,40.00,164.95,119.00,UPI,Delivered
2026-01-20,SWG102742,Butter Naan,Breads,2,120.00,18.00,5.10,0.00,107.10,102.00,Cash,Delivered
2026-01-20,SWG102743,Paneer Butter Masala,Main Course,2,480.00,0.00,24.00,20.00,524.00,480.00,Cash,Delivered
2026-01-20,SWG102744,Gulab Jamun,Desserts,1,90.00,4.50,4.28,40.00,129.78,85.50,Credit Card,Delivered
2026-01-20,SWG102745,Fried Rice,Rice & Noodles,1,170.00,25.50,7.23,40.00,191.73,144.50,UPI,Delivered
2026-01-21,SWG102746,Veg Biryani,Biryani,1,180.00,18.00,8.10,0.00,170.10,162.00,Cash,Delivered
2026-01-21,SWG102747,Paneer Butter Masala,Main Course,1,240.00,0.00,12.00,40.00,292.00,240.00,Credit Card,Delivered
2026-01-21,SWG102748,Butter Naan,Breads,1,60.00,3.00,2.85,30.00,89.85,57.00,Debit Card,Delivered
2026-01-21,SWG102749,Paneer Butter Masala,Main Course,2,480.00,72.00,20.40,40.00,468.40,408.00,UPI,Delivered
2026-01-21,SWG102750,Gulab Jamun,Desserts,2,180.00,18.00,8.10,40.00,210.10,162.00,Credit Card,Delivered
2026-01-21,SWG102751,Masala Dosa,South Indian,2,280.00,42.00,11.90,0.00,249.90,238.00,Debit Card,Delivered
2026-01-21,SWG102752,Butter Naan,Breads,1,60.00,0.00,3.00,20.00,83.00,60.00,UPI,Delivered
2026-01-21,SWG102753,Paneer Tikka,Starters,1,230.00,23.00,10.35,20.00,237.35,207.00,Cash,Delivered
2026-01-21,SWG102754,Masala Dosa,South Indian,1,140.00,7.00,6.65,0.00,139.65,133.00,Credit Card,Delivered
2026-01-21,SWG102755,Masala Dosa,South Indian,1,140.00,7.00,6.65,0.00,139.65,133.00,Credit Card,Delivered
2026-01-21,SWG102756,Masala Dosa,South Indian,1,140.00,7.00,6.65,40.00,179.65,133.00,UPI,Delivered
2026-01-21,SWG102757,Paneer Tikka,Starters,1,230.00,0.00,11.50,0.00,241.50,230.00,Credit Card,Delivered
2026-01-21,SWG102758,Paneer Butter Masala,Main Course,1,240.00,12.00,11.40,30.00,269.40,228.00,Credit Card,Delivered
2026-01-21,SWG102759,Veg Biryani,Biryani,1,180.00,0.00,9.00,20.00,209.00,180.00,Cash,Delivered
2026-01-21,SWG102760,Chicken Biryani,Biryani,1,220.00,11.00,10.45,0.00,219.45,209.00,Debit Card,Delivered
2026-01-21,SWG102761,Hakka Noodles,Rice & Noodles,1,180.00,27.00,7.65,30.00,190.65,153.00,UPI,Delivered
2026-01-21,SWG102762,Butter Naan,Breads,1,60.00,6.00,2.70,30.00,86.70,54.00,Debit Card,Delivered
2026-01-22,SWG102763,Paneer Butter Masala,Main Course,1,240.00,36.00,10.20,30.00,244.20,204.00,Credit Card,Delivered
2026-01-22,SWG102764,Masala Dosa,South Indian,1,140.00,21.00,5.95,40.00,164.95,119.00,Cash,Delivered
2026-01-22,SWG102765,Fried Rice,Rice & Noodles,2,340.00,0.00,17.00,20.00,377.00,340.00,UPI,Delivered
2026-01-22,SWG102766,Hakka Noodles,Rice & Noodles,1,180.00,0.00,9.00,40.00,229.00,180.00,Credit Card,Delivered
2026-01-22,SWG102767,Paneer Butter Masala,Main Course,1,240.00,36.00,10.20,30.00,244.20,204.00,UPI,Delivered
2026-01-22,SWG102768,Veg Biryani,Biryani,2,360.00,18.00,17.10,40.00,399.10,342.00,Debit Card,Delivered
2026-01-22,SWG102769,Hakka Noodles,Rice & Noodles,1,180.00,9.00,8.55,40.00,219.55,171.00,Cash,Delivered
2026-01-22,SWG102770,Masala Dosa,South Indian,2,280.00,42.00,11.90,30.00,279.90,238.00,UPI,Delivered
2026-01-22,SWG102771,Chicken Tikka,Starters,1,260.00,26.00,11.70,30.00,275.70,234.00,UPI,Delivered
2026-01-22,SWG102772,Paneer Butter Masala,Main Course,1,240.00,12.00,11.40,20.00,259.40,228.00,Cash,Delivered
2026-01-22,SWG102773,Chicken Tikka,Starters,1,260.00,39.00,11.05,0.00,232.05,221.00,UPI,Delivered
2026-01-22,SWG102774,Fried Rice,Rice & Noodles,1,170.00,0.00,8.50,20.00,198.50,170.00,Cash,Delivered
2026-01-22,SWG102775,Veg Biryani,Biryani,1,180.00,9.00,8.55,40.00,219.55,0.00,Credit Card,Cancelled
2026-01-22,SWG102776,Paneer Butter Masala,Main Course,1,240.00,24.00,10.80,30.00,256.80,216.00,UPI,Delivered
2026-01-22,SWG102777,Paneer Tikka,Starters,1,230.00,0.00,11.50,0.00,241.50,230.00,Debit Card,Delivered
2026-01-22,SWG102778,Butter Naan,Breads,1,60.00,6.00,2.70,20.00,76.70,54.00,Cash,Delivered
2026-01-22,SWG102779,Paneer Tikka,Starters,1,230.00,23.00,10.35,40.00,257.35,207.00,Cash,Delivered
2026-01-22,SWG102780,Chicken Biryani,Biryani,1,220.00,33.00,9.35,30.00,226.35,187.00,Debit Card,Delivered
2026-01-22,SWG102781,Chicken Tikka,Starters,1,260.00,26.00,11.70,40.00,285.70,234.00,Debit Card,Delivered
2026-01-22,SWG102782,Hakka Noodles,Rice & Noodles,2,360.00,54.00,15.30,30.00,351.30,306.00,Credit Card,Delivered
2026-01-22,SWG102783,Veg Biryani,Biryani,2,360.00,0.00,18.00,40.00,418.00,360.00,Debit Card,Delivered
2026-01-22,SWG102784,Masala Dosa,South Indian,2,280.00,42.00,11.90,20.00,269.90,238.00,Credit Card,Delivered
2026-01-22,SWG102785,Paneer Tikka,Starters,1,230.00,23.00,10.35,0.00,217.35,207.00,Debit Card,Delivered
2026-01-23,SWG102786,Chicken Biryani,Biryani,1,220.00,33.00,9.35,20.00,216.35,187.00,UPI,Delivered
2026-01-23,SWG102787,Butter Naan,Breads,1,60.00,3.00,2.85,40.00,99.85,57.00,Cash,Delivered
2026-01-23,SWG102788,Fried Rice,Rice & Noodles,1,170.00,8.50,8.08,30.00,199.58,161.50,Cash,Delivered
2026-01-23,SWG102789,Chicken Biryani,Biryani,1,220.00,11.00,10.45,30.00,249.45,209.00,UPI,Delivered
2026-01-23,SWG102790,Paneer Butter Masala,Main Course,1,240.00,24.00,10.80,40.00,266.80,0.00,UPI,Cancelled
2026-01-23,SWG102791,Hakka Noodles,Rice & Noodles,1,180.00,27.00,7.65,40.00,200.65,153.00,Cash,Delivered
2026-01-23,SWG102792,Hakka Noodles,Rice & Noodles,1,180.00,0.00,9.00,20.00,209.00,180.00,Debit Card,Delivered
2026-01-23,SWG102793,Fried Rice,Rice & Noodles,2,340.00,0.00,17.00,30.00,387.00,340.00,Cash,Delivered
2026-01-23,SWG102794,Masala Dosa,South Indian,2,280.00,42.00,11.90,0.00,249.90,238.00,UPI,Delivered
2026-01-23,SWG102795,Butter Naan,Breads,1,60.00,6.00,2.70,20.00,76.70,54.00,Cash,Delivered
2026-01-23,SWG102796,Chicken Tikka,Starters,1,260.00,26.00,11.70,40.00,285.70,234.00,UPI,Delivered
2026-01-23,SWG102797,Fried Rice,Rice & Noodles,1,170.00,8.50,8.08,30.00,199.58,0.00,Credit Card,Cancelled
2026-01-23,SWG102798,Masala Dosa,South Indian,1,140.00,7.00,6.65,30.00,169.65,133.00,Debit Card,Delivered
2026-01-23,SWG102799,Masala Dosa,South Indian,1,140.00,21.00,5.95,30.00,154.95,119.00,Debit Card,Delivered
2026-01-23,SWG102800,Masala Dosa,South Indian,1,140.00,14.00,6.30,20.00,152.30,126.00,UPI,Delivered
2026-01-23,SWG102801,Paneer Butter Masala,Main Course,1,240.00,12.00,11.40,20.00,259.40,228.00,Cash,Delivered
2026-01-23,SWG102802,Masala Dosa,South Indian,2,280.00,42.00,11.90,0.00,249.90,238.00,Cash,Delivered
2026-01-23,SWG102803,Veg Biryani,Biryani,1,180.00,18.00,8.10,20.00,190.10,162.00,UPI,Delivered
2026-01-23,SWG102804,Veg Biryani,Biryani,2,360.00,54.00,15.30,20.00,341.30,306.00,Cash,Delivered
2026-01-24,SWG102805,Chicken Tikka,Starters,1,260.00,0.00,13.00,0.00,273.00,260.00,Cash,Delivered
2026-01-24,SWG102806,Veg Biryani,Biryani,2,360.00,36.00,16.20,30.00,370.20,324.00,Credit Card,Delivered
2026-01-24,SWG102807,Chicken Biryani,Biryani,1,220.00,11.00,10.45,30.00,249.45,209.00,Credit Card,Delivered
2026-01-24,SWG102808,Masala Dosa,South Indian,1,140.00,7.00,6.65,30.00,169.65,133.00,Debit Card,Delivered
2026-01-24,SWG102809,Chicken Biryani,Biryani,1,220.00,0.00,11.00,0.00,231.00,220.00,Cash,Delivered
2026-01-24,SWG102810,Fried Rice,Rice & Noodles,1,170.00,17.00,7.65,0.00,160.65,153.00,Debit Card,Delivered
2026-01-24,SWG102811,Butter Naan,Breads,1,60.00,6.00,2.70,30.00,86.70,54.00,Cash,Delivered
2026-01-24,SWG102812,Chicken Biryani,Biryani,2,440.00,22.00,20.90,30.00,468.90,418.00,Cash,Delivered
2026-01-24,SWG102813,Gulab Jamun,Desserts,1,90.00,13.50,3.83,0.00,80.33,76.50,Debit Card,Delivered
2026-01-24,SWG102814,Veg Biryani,Biryani,1,180.00,0.00,9.00,20.00,209.00,180.00,Debit Card,Delivered
2026-01-24,SWG102815,Hakka Noodles,Rice & Noodles,1,180.00,27.00,7.65,20.00,180.65,153.00,UPI,Delivered
2026-01-24,SWG102816,Masala Dosa,South Indian,3,420.00,42.00,18.90,40.00,436.90,378.00,Credit Card,Delivered
2026-01-24,SWG102817,Fried Rice,Rice & Noodles,1,170.00,25.50,7.23,20.00,171.73,144.50,Credit Card,Delivered
2026-01-24,SWG102818,Chicken Biryani,Biryani,2,440.00,66.00,18.70,30.00,422.70,374.00,Credit Card,Delivered
2026-01-24,SWG102819,Veg Biryani,Biryani,2,360.00,18.00,17.10,40.00,399.10,342.00,Credit Card,Delivered
2026-01-24,SWG102820,Veg Biryani,Biryani,1,180.00,0.00,9.00,20.00,209.00,0.00,Cash,Cancelled
2026-01-24,SWG102821,Chicken Biryani,Biryani,1,220.00,11.00,10.45,20.00,239.45,0.00,UPI,Cancelled
2026-01-24,SWG102822,Gulab Jamun,Desserts,1,90.00,4.50,4.28,20.00,109.78,85.50,UPI,Delivered
2026-01-24,SWG102823,Paneer Butter Masala,Main Course,1,240.00,12.00,11.40,20.00,259.40,228.00,UPI,Delivered
2026-01-24,SWG102824,Paneer Butter Masala,Main Course,1,240.00,36.00,10.20,40.00,254.20,204.00,UPI,Delivered
2026-01-25,SWG102825,Gulab Jamun,Desserts,1,90.00,13.50,3.83,40.00,120.33,76.50,UPI,Delivered
2026-01-25,SWG102826,Masala Dosa,South Indian,1,140.00,21.00,5.95,0.00,124.95,119.00,Credit Card,Delivered
2026-01-25,SWG102827,Hakka Noodles,Rice & Noodles,1,180.00,18.00,8.10,20.00,190.10,162.00,UPI,Delivered
2026-01-25,SWG102828,Gulab Jamun,Desserts,1,90.00,0.00,4.50,40.00,134.50,90.00,Credit Card,Delivered
2026-01-25,SWG102829,Veg Biryani,Biryani,1,180.00,27.00,7.65,30.00,190.65,153.00,UPI,Delivered
2026-01-25,SWG102830,Chicken Biryani,Biryani,1,220.00,0.00,11.00,40.00,271.00,220.00,Cash,Delivered
2026-01-25,SWG102831,Butter Naan,Breads,1,60.00,6.00,2.70,30.00,86.70,54.00,Cash,Delivered
2026-01-25,SWG102832,Fried Rice,Rice & Noodles,2,340.00,34.00,15.30,0.00,321.30,306.00,UPI,Delivered
2026-01-25,SWG102833,Paneer Tikka,Starters,1,230.00,34.50,9.78,40.00,245.28,195.50,UPI,Delivered
2026-01-25,SWG102834,Chicken Biryani,Biryani,2,440.00,66.00,18.70,30.00,422.70,374.00,UPI,Delivered
2026-01-25,SWG102835,Paneer Butter Masala,Main Course,1,240.00,12.00,11.40,30.00,269.40,228.00,Cash,Delivered
2026-01-25,SWG102836,Hakka Noodles,Rice & Noodles,1,180.00,27.00,7.65,30.00,190.65,153.00,Cash,Delivered
2026-01-25,SWG102837,Chicken Biryani,Biryani,1,220.00,0.00,11.00,30.00,261.00,220.00,Credit Card,Delivered
2026-01-25,SWG102838,Paneer Tikka,Starters,1,230.00,11.50,10.93,30.00,259.43,218.50,Cash,Delivered
2026-01-25,SWG102839,Hakka Noodles,Rice & Noodles,1,180.00,27.00,7.65,20.00,180.65,153.00,Cash,Delivered
2026-01-25,SWG102840,Chicken Biryani,Biryani,1,220.00,33.00,9.35,0.00,196.35,187.00,Cash,Delivered
2026-01-25,SWG102841,Gulab Jamun,Desserts,1,90.00,0.00,4.50,30.00,124.50,90.00,Cash,Delivered
2026-01-25,SWG102842,Butter Naan,Breads,1,60.00,0.00,3.00,40.00,103.00,60.00,UPI,Delivered
2026-01-25,SWG102843,Gulab Jamun,Desserts,1,90.00,0.00,4.50,0.00,94.50,90.00,Debit Card,Delivered
2026-01-25,SWG102844,Fried Rice,Rice & Noodles,2,340.00,17.00,16.15,40.00,379.15,323.00,UPI,Delivered
2026-01-25,SWG102845,Hakka Noodles,Rice & Noodles,2,360.00,36.00,16.20,20.00,360.20,324.00,Cash,Delivered
2026-01-25,SWG102846,Chicken Tikka,Starters,1,260.00,26.00,11.70,0.00,245.70,234.00,Cash,Delivered
2026-01-25,SWG102847,Masala Dosa,South Indian,1,140.00,7.00,6.65,40.00,179.65,133.00,Credit Card,Delivered
2026-01-26,SWG102848,Paneer Butter Masala,Main Course,1,240.00,12.00,11.40,30.00,269.40,228.00,Cash,Delivered
2026-01-26,SWG102849,Butter Naan,Breads,1,60.00,3.00,2.85,20.00,79.85,57.00,Cash,Delivered
2026-01-26,SWG102850,Chicken Tikka,Starters,1,260.00,0.00,13.00,40.00,313.00,260.00,Debit Card,Delivered
2026-01-26,SWG102851,Chicken Tikka,Starters,1,260.00,13.00,12.35,0.00,259.35,247.00,Debit Card,Delivered
2026-01-26,SWG102852,Masala Dosa,South Indian,1,140.00,0.00,7.00,30.00,177.00,140.00,Credit Card,Delivered
2026-01-26,SWG102853,Chicken Biryani,Biryani,2,440.00,22.00,20.90,20.00,458.90,418.00,Debit Card,Delivered
2026-01-26,SWG102854,Fried Rice,Rice & Noodles,2,340.00,0.00,17.00,0.00,357.00,340.00,Cash,Delivered
2026-01-26,SWG102855,Veg Biryani,Biryani,2,360.00,36.00,16.20,40.00,380.20,324.00,UPI,Delivered
2026-01-26,SWG102856,Fried Rice,Rice & Noodles,1,170.00,8.50,8.08,30.00,199.58,161.50,Cash,Delivered
2026-01-26,SWG102857,Butter Naan,Breads,1,60.00,6.00,2.70,30.00,86.70,54.00,UPI,Delivered
2026-01-26,SWG102858,Fried Rice,Rice & Noodles,1,170.00,8.50,8.08,20.00,189.58,161.50,Cash,Delivered
2026-01-26,SWG102859,Veg Biryani,Biryani,1,180.00,27.00,7.65,0.00,160.65,153.00,Debit Card,Delivered
2026-01-26,SWG102860,Chicken Biryani,Biryani,1,220.00,0.00,11.00,30.00,261.00,220.00,UPI,Delivered
2026-01-26,SWG102861,Paneer Butter Masala,Main Course,1,240.00,24.00,10.80,0.00,226.80,216.00,Cash,Delivered
2026-01-26,SWG102862,Paneer Butter Masala,Main Course,3,720.00,0.00,36.00,30.00,786.00,720.00,UPI,Delivered
2026-01-26,SWG102863,Chicken Biryani,Biryani,1,220.00,11.00,10.45,40.00,259.45,209.00,Credit Card,Delivered
2026-01-26,SWG102864,Veg Biryani,Biryani,1,180.00,27.00,7.65,0.00,160.65,153.00,Debit Card,Delivered
2026-01-26,SWG102865,Chicken Biryani,Biryani,1,220.00,33.00,9.35,30.00,226.35,187.00,UPI,Delivered
2026-01-27,SWG102866,Masala Dosa,South Indian,1,140.00,14.00,6.30,30.00,162.30,126.00,Credit Card,Delivered
2026-01-27,SWG102867,Gulab Jamun,Desserts,1,90.00,13.50,3.83,20.00,100.33,76.50,Cash,Delivered
2026-01-27,SWG102868,Chicken Tikka,Starters,1,260.00,26.00,11.70,30.00,275.70,234.00,UPI,Delivered
2026-01-27,SWG102869,Paneer Tikka,Starters,2,460.00,0.00,23.00,20.00,503.00,0.00,Credit Card,Cancelled
2026-01-27,SWG102870,Masala Dosa,South Indian,2,280.00,0.00,14.00,20.00,314.00,280.00,UPI,Delivered
2026-01-27,SWG102871,Chicken Biryani,Biryani,1,220.00,0.00,11.00,20.00,251.00,220.00,Cash,Delivered
2026-01-27,SWG102872,Veg Biryani,Biryani,1,180.00,0.00,9.00,40.00,229.00,180.00,Credit Card,Delivered
2026-01-27,SWG102873,Chicken Tikka,Starters,1,260.00,13.00,12.35,30.00,289.35,247.00,Credit Card,Delivered
2026-01-27,SWG102874,Paneer Tikka,Starters,1,230.00,34.50,9.78,30.00,235.28,0.00,Cash,Cancelled
2026-01-27,SWG102875,Chicken Biryani,Biryani,1,220.00,33.00,9.35,20.00,216.35,187.00,Credit Card,Delivered
2026-01-27,SWG102876,Masala Dosa,South Indian,2,280.00,14.00,13.30,30.00,309.30,266.00,Debit Card,Delivered
2026-01-27,SWG102877,Veg Biryani,Biryani,1,180.00,18.00,8.10,40.00,210.10,162.00,UPI,Delivered
2026-01-27,SWG102878,Chicken Tikka,Starters,1,260.00,39.00,11.05,40.00,272.05,221.00,UPI,Delivered
2026-01-27,SWG102879,Paneer Tikka,Starters,1,230.00,23.00,10.35,30.00,247.35,207.00,Cash,Delivered
2026-01-27,SWG102880,Butter Naan,Breads,1,60.00,3.00,2.85,0.00,59.85,57.00,Debit Card,Delivered
2026-01-27,SWG102881,Chicken Tikka,Starters,1,260.00,39.00,11.05,30.00,262.05,221.00,UPI,Delivered
2026-01-27,SWG102882,Veg Biryani,Biryani,1,180.00,0.00,9.00,0.00,189.00,180.00,Cash,Delivered
2026-01-27,SWG102883,Paneer Butter Masala,Main Course,1,240.00,0.00,12.00,20.00,272.00,240.00,Debit Card,Delivered
2026-01-27,SWG102884,Fried Rice,Rice & Noodles,1,170.00,0.00,8.50,20.00,198.50,170.00,UPI,Delivered
2026-01-27,SWG102885,Paneer Tikka,Starters,1,230.00,23.00,10.35,20.00,237.35,207.00,Debit Card,Delivered
2026-01-27,SWG102886,Paneer Butter Masala,Main Course,1,240.00,0.00,12.00,0.00,252.00,240.00,Credit Card,Delivered
2026-01-28,SWG102887,Fried Rice,Rice & Noodles,2,340.00,34.00,15.30,0.00,321.30,306.00,Cash,Delivered
2026-01-28,SWG102888,Chicken Biryani,Biryani,1,220.00,0.00,11.00,30.00,261.00,220.00,Credit Card,Delivered
2026-01-28,SWG102889,Chicken Tikka,Starters,3,780.00,78.00,35.10,40.00,777.10,702.00,Debit Card,Delivered
2026-01-28,SWG102890,Chicken Biryani,Biryani,1,220.00,0.00,11.00,40.00,271.00,220.00,Cash,Delivered
2026-01-28,SWG102891,Veg Biryani,Biryani,2,360.00,54.00,15.30,0.00,321.30,306.00,Debit Card,Delivered
2026-01-28,SWG102892,Chicken Biryani,Biryani,2,440.00,0.00,22.00,0.00,462.00,440.00,Cash,Delivered
2026-01-28,SWG102893,Masala Dosa,South Indian,3,420.00,21.00,19.95,30.00,448.95,399.00,UPI,Delivered
2026-01-28,SWG102894,Veg Biryani,Biryani,1,180.00,0.00,9.00,0.00,189.00,180.00,Credit Card,Delivered
2026-01-28,SWG102895,Chicken Biryani,Biryani,2,440.00,66.00,18.70,0.00,392.70,374.00,Debit Card,Delivered
2026-01-28,SWG102896,Paneer Butter Masala,Main Course,1,240.00,24.00,10.80,0.00,226.80,216.00,Debit Card,Delivered
2026-01-28,SWG102897,Gulab Jamun,Desserts,1,90.00,4.50,4.28,30.00,119.78,85.50,Credit Card,Delivered
2026-01-28,SWG102898,Chicken Tikka,Starters,1,260.00,26.00,11.70,20.00,265.70,234.00,Cash,Delivered
2026-01-28,SWG102899,Paneer Butter Masala,Main Course,1,240.00,36.00,10.20,40.00,254.20,204.00,UPI,Delivered
2026-01-28,SWG102900,Chicken Biryani,Biryani,1,220.00,33.00,9.35,0.00,196.35,187.00,Cash,Delivered
2026-01-29,SWG102901,Chicken Biryani,Biryani,2,440.00,22.00,20.90,40.00,478.90,418.00,Credit Card,Delivered
2026-01-29,SWG102902,Veg Biryani,Biryani,1,180.00,18.00,8.10,30.00,200.10,162.00,Debit Card,Delivered
2026-01-29,SWG102903,Veg Biryani,Biryani,1,180.00,27.00,7.65,40.00,200.65,153.00,Credit Card,Delivered
2026-01-29,SWG102904,Chicken Tikka,Starters,1,260.00,13.00,12.35,20.00,279.35,247.00,UPI,Delivered
2026-01-29,SWG102905,Paneer Butter Masala,Main Course,1,240.00,36.00,10.20,30.00,244.20,204.00,Cash,Delivered
2026-01-29,SWG102906,Butter Naan,Breads,1,60.00,9.00,2.55,30.00,83.55,51.00,UPI,Delivered
2026-01-29,SWG102907,Butter Naan,Breads,1,60.00,3.00,2.85,20.00,79.85,57.00,Debit Card,Delivered
2026-01-29,SWG102908,Chicken Tikka,Starters,2,520.00,0.00,26.00,0.00,546.00,520.00,UPI,Delivered
2026-01-29,SWG102909,Gulab Jamun,Desserts,1,90.00,13.50,3.83,0.00,80.33,76.50,UPI,Delivered
2026-01-29,SWG102910,Hakka Noodles,Rice & Noodles,1,180.00,27.00,7.65,30.00,190.65,153.00,Credit Card,Delivered
2026-01-29,SWG102911,Paneer Butter Masala,Main Course,1,240.00,36.00,10.20,40.00,254.20,204.00,Credit Card,Delivered
2026-01-29,SWG102912,Gulab Jamun,Desserts,2,180.00,18.00,8.10,30.00,200.10,162.00,Cash,Delivered
2026-01-29,SWG102913,Chicken Tikka,Starters,2,520.00,78.00,22.10,30.00,494.10,442.00,Credit Card,Delivered
2026-01-29,SWG102914,Paneer Butter Masala,Main Course,1,240.00,36.00,10.20,30.00,244.20,204.00,UPI,Delivered
2026-01-29,SWG102915,Veg Biryani,Biryani,3,540.00,27.00,25.65,40.00,578.65,513.00,Credit Card,Delivered
2026-01-29,SWG102916,Chicken Biryani,Biryani,2,440.00,22.00,20.90,40.00,478.90,418.00,Credit Card,Delivered
2026-01-29,SWG102917,Paneer Butter Masala,Main Course,1,240.00,36.00,10.20,0.00,214.20,204.00,Credit Card,Delivered
2026-01-30,SWG102918,Chicken Biryani,Biryani,2,440.00,0.00,22.00,0.00,462.00,440.00,Credit Card,Delivered
2026-01-30,SWG102919,Veg Biryani,Biryani,1,180.00,0.00,9.00,20.00,209.00,180.00,Credit Card,Delivered
2026-01-30,SWG102920,Paneer Butter Masala,Main Course,1,240.00,12.00,11.40,0.00,239.40,228.00,UPI,Delivered
2026-01-30,SWG102921,Hakka Noodles,Rice & Noodles,1,180.00,27.00,7.65,0.00,160.65,153.00,UPI,Delivered
2026-01-30,SWG102922,Paneer Tikka,Starters,1,230.00,0.00,11.50,40.00,281.50,230.00,Debit Card,Delivered
2026-01-30,SWG102923,Chicken Tikka,Starters,1,260.00,0.00,13.00,30.00,303.00,260.00,Cash,Delivered
2026-01-30,SWG102924,Fried Rice,Rice & Noodles,1,170.00,0.00,8.50,40.00,218.50,170.00,UPI,Delivered
2026-01-30,SWG102925,Chicken Biryani,Biryani,2,440.00,44.00,19.80,20.00,435.80,396.00,Credit Card,Delivered
2026-01-30,SWG102926,Paneer Butter Masala,Main Course,1,240.00,36.00,10.20,20.00,234.20,204.00,Cash,Delivered
2026-01-30,SWG102927,Butter Naan,Breads,2,120.00,12.00,5.40,30.00,143.40,108.00,Debit Card,Delivered
2026-01-30,SWG102928,Chicken Biryani,Biryani,1,220.00,11.00,10.45,20.00,239.45,209.00,Cash,Delivered
2026-01-30,SWG102929,Butter Naan,Breads,1,60.00,3.00,2.85,20.00,79.85,57.00,Credit Card,Delivered
2026-01-30,SWG102930,Veg Biryani,Biryani,1,180.00,9.00,8.55,0.00,179.55,171.00,Debit Card,Delivered
2026-01-30,SWG102931,Masala Dosa,South Indian,1,140.00,14.00,6.30,20.00,152.30,126.00,UPI,Delivered
2026-01-30,SWG102932,Paneer Butter Masala,Main Course,1,240.00,24.00,10.80,20.00,246.80,216.00,Credit Card,Delivered
2026-01-30,SWG102933,Chicken Biryani,Biryani,1,220.00,11.00,10.45,0.00,219.45,209.00,Credit Card,Delivered
2026-01-30,SWG102934,Veg Biryani,Biryani,2,360.00,18.00,17.10,40.00,399.10,342.00,Credit Card,Delivered
2026-01-30,SWG102935,Paneer Butter Masala,Main Course,1,240.00,12.00,11.40,0.00,239.40,228.00,Credit Card,Delivered
2026-01-31,SWG102936,Chicken Biryani,Biryani,1,220.00,33.00,9.35,20.00,216.35,187.00,UPI,Delivered
2026-01-31,SWG102937,Chicken Tikka,Starters,1,260.00,13.00,12.35,40.00,299.35,247.00,Debit Card,Delivered
2026-01-31,SWG102938,Paneer Tikka,Starters,2,460.00,0.00,23.00,20.00,503.00,460.00,UPI,Delivered
2026-01-31,SWG102939,Chicken Biryani,Biryani,1,220.00,0.00,11.00,40.00,271.00,220.00,UPI,Delivered
2026-01-31,SWG102940,Fried Rice,Rice & Noodles,1,170.00,0.00,8.50,20.00,198.50,170.00,Credit Card,Delivered
2026-01-31,SWG102941,Paneer Butter Masala,Main Course,2,480.00,0.00,24.00,30.00,534.00,480.00,Debit Card,Delivered
2026-01-31,SWG102942,Paneer Butter Masala,Main Course,1,240.00,36.00,10.20,20.00,234.20,204.00,UPI,Delivered
2026-01-31,SWG102943,Veg Biryani,Biryani,2,360.00,54.00,15.30,40.00,361.30,306.00,UPI,Delivered
2026-01-31,SWG102944,Chicken Tikka,Starters,1,260.00,26.00,11.70,40.00,285.70,234.00,Cash,Delivered
2026-01-31,SWG102945,Fried Rice,Rice & Noodles,3,510.00,0.00,25.50,40.00,575.50,510.00,Cash,Delivered
2026-01-31,SWG102946,Butter Naan,Breads,1,60.00,9.00,2.55,30.00,83.55,51.00,Debit Card,Delivered
2026-01-31,SWG102947,Gulab Jamun,Desserts,1,90.00,9.00,4.05,30.00,115.05,81.00,Cash,Delivered
2026-01-31,SWG102948,Paneer Tikka,Starters,1,230.00,11.50,10.93,30.00,259.43,218.50,Credit Card,Delivered
2026-01-31,SWG102949,Veg Biryani,Biryani,1,180.00,18.00,8.10,0.00,170.10,162.00,Cash,Delivered
2026-01-31,SWG102950,Butter Naan,Breads,1,60.00,3.00,2.85,20.00,79.85,57.00,Cash,Delivered
2026-01-31,SWG102951,Paneer Butter Masala,Main Course,1,240.00,12.00,11.40,30.00,269.40,228.00,Cash,Delivered
2026-01-31,SWG102952,Butter Naan,Breads,2,120.00,12.00,5.40,30.00,143.40,108.00,Credit Card,Delivered
2026-01-31,SWG102953,Paneer Butter Masala,Main Course,1,240.00,0.00,12.00,40.00,292.00,240.00,UPI,Delivered
2026-02-01,SWG102954,Gulab Jamun,Desserts,2,180.00,9.00,8.55,20.00,199.55,171.00,UPI,Delivered
2026-02-01,SWG102955,Gulab Jamun,Desserts,1,90.00,13.50,3.83,30.00,110.33,76.50,Debit Card,Delivered
2026-02-01,SWG102956,Veg Biryani,Biryani,2,360.00,36.00,16.20,40.00,380.20,0.00,Credit Card,Cancelled
2026-02-01,SWG102957,Chicken Tikka,Starters,1,260.00,26.00,11.70,20.00,265.70,234.00,Debit Card,Delivered
2026-02-01,SWG102958,Veg Biryani,Biryani,2,360.00,0.00,18.00,20.00,398.00,360.00,Debit Card,Delivered
2026-02-01,SWG102959,Hakka Noodles,Rice & Noodles,1,180.00,0.00,9.00,30.00,219.00,0.00,Debit Card,Cancelled
2026-02-01,SWG102960,Chicken Tikka,Starters,2,520.00,78.00,22.10,30.00,494.10,442.00,Cash,Delivered
2026-02-01,SWG102961,Paneer Tikka,Starters,1,230.00,23.00,10.35,30.00,247.35,207.00,Debit Card,Delivered
2026-02-01,SWG102962,Veg Biryani,Biryani,1,180.00,27.00,7.65,30.00,190.65,153.00,Cash,Delivered
2026-02-01,SWG102963,Paneer Butter Masala,Main Course,1,240.00,24.00,10.80,20.00,246.80,216.00,Debit Card,Delivered
2026-02-01,SWG102964,Masala Dosa,South Indian,1,140.00,0.00,7.00,30.00,177.00,140.00,Debit Card,Delivered
2026-02-01,SWG102965,Hakka Noodles,Rice & Noodles,1,180.00,18.00,8.10,20.00,190.10,162.00,Credit Card,Delivered
2026-02-01,SWG102966,Chicken Tikka,Starters,2,520.00,52.00,23.40,40.00,531.40,468.00,Cash,Delivered
2026-02-01,SWG102967,Butter Naan,Breads,1,60.00,3.00,2.85,0.00,59.85,57.00,Debit Card,Delivered
2026-02-01,SWG102968,Butter Naan,Breads,1,60.00,0.00,3.00,30.00,93.00,60.00,UPI,Delivered
2026-02-01,SWG102969,Masala Dosa,South Indian,1,140.00,14.00,6.30,20.00,152.30,126.00,Credit Card,Delivered
2026-02-01,SWG102970,Paneer Tikka,Starters,2,460.00,46.00,20.70,30.00,464.70,414.00,Credit Card,Delivered
2026-02-01,SWG102971,Chicken Biryani,Biryani,1,220.00,33.00,9.35,20.00,216.35,187.00,Cash,Delivered
2026-02-01,SWG102972,Veg Biryani,Biryani,1,180.00,0.00,9.00,0.00,189.00,180.00,UPI,Delivered
2026-02-01,SWG102973,Fried Rice,Rice & Noodles,2,340.00,34.00,15.30,20.00,341.30,306.00,UPI,Delivered
2026-02-01,SWG102974,Paneer Butter Masala,Main Course,1,240.00,36.00,10.20,0.00,214.20,204.00,Debit Card,Delivered
2026-02-01,SWG102975,Chicken Tikka,Starters,1,260.00,26.00,11.70,30.00,275.70,234.00,Credit Card,Delivered
2026-02-02,SWG102976,Fried Rice,Rice & Noodles,1,170.00,25.50,7.23,0.00,151.73,144.50,Credit Card,Delivered
2026-02-02,SWG102977,Butter Naan,Breads,2,120.00,0.00,6.00,40.00,166.00,120.00,Credit Card,Delivered
2026-02-02,SWG102978,Veg Biryani,Biryani,2,360.00,54.00,15.30,40.00,361.30,306.00,Cash,Delivered
2026-02-02,SWG102979,Paneer Tikka,Starters,1,230.00,34.50,9.78,20.00,225.28,195.50,UPI,Delivered
2026-02-02,SWG102980,Paneer Butter Masala,Main Course,1,240.00,0.00,12.00,0.00,252.00,240.00,Debit Card,Delivered
2026-02-02,SWG102981,Butter Naan,Breads,2,120.00,0.00,6.00,0.00,126.00,120.00,Debit Card,Delivered
2026-02-02,SWG102982,Chicken Tikka,Starters,1,260.00,0.00,13.00,0.00,273.00,260.00,Credit Card,Delivered
2026-02-02,SWG102983,Fried Rice,Rice & Noodles,2,340.00,17.00,16.15,20.00,359.15,323.00,Credit Card,Delivered
2026-02-02,SWG102984,Chicken Tikka,Starters,1,260.00,13.00,12.35,0.00,259.35,247.00,Debit Card,Delivered
2026-02-02,SWG102985,Veg Biryani,Biryani,3,540.00,0.00,27.00,20.00,587.00,540.00,UPI,Delivered
2026-02-03,SWG102986,Fried Rice,Rice & Noodles,3,510.00,0.00,25.50,20.00,555.50,510.00,Cash,Delivered
2026-02-03,SWG102987,Gulab Jamun,Desserts,1,90.00,4.50,4.28,40.00,129.78,85.50,UPI,Delivered
2026-02-03,SWG102988,Gulab Jamun,Desserts,1,90.00,13.50,3.83,20.00,100.33,76.50,Debit Card,Delivered
2026-02-03,SWG102989,Gulab Jamun,Desserts,1,90.00,4.50,4.28,20.00,109.78,85.50,Credit Card,Delivered
2026-02-03,SWG102990,Fried Rice,Rice & Noodles,1,170.00,8.50,8.08,20.00,189.58,161.50,Debit Card,Delivered
2026-02-03,SWG102991,Fried Rice,Rice & Noodles,1,170.00,8.50,8.08,30.00,199.58,161.50,Credit Card,Delivered
2026-02-03,SWG102992,Paneer Tikka,Starters,1,230.00,23.00,10.35,0.00,217.35,207.00,UPI,Delivered
2026-02-03,SWG102993,Chicken Biryani,Biryani,1,220.00,33.00,9.35,0.00,196.35,187.00,Cash,Delivered
2026-02-03,SWG102994,Gulab Jamun,Desserts,1,90.00,0.00,4.50,20.00,114.50,90.00,Credit Card,Delivered
2026-02-03,SWG102995,Paneer Tikka,Starters,1,230.00,0.00,11.50,40.00,281.50,230.00,Cash,Delivered
2026-02-03,SWG102996,Paneer Butter Masala,Main Course,1,240.00,12.00,11.40,20.00,259.40,228.00,Cash,Delivered
2026-02-03,SWG102997,Paneer Tikka,Starters,2,460.00,46.00,20.70,30.00,464.70,414.00,Cash,Delivered
2026-02-03,SWG102998,Veg Biryani,Biryani,1,180.00,18.00,8.10,20.00,190.10,162.00,Credit Card,Delivered
2026-02-03,SWG102999,Butter Naan,Breads,1,60.00,3.00,2.85,0.00,59.85,57.00,Debit Card,Delivered
2026-02-03,SWG103000,Masala Dosa,South Indian,3,420.00,42.00,18.90,20.00,416.90,378.00,Credit Card,Delivered
2026-02-03,SWG103001,Butter Naan,Breads,1,60.00,6.00,2.70,40.00,96.70,54.00,Credit Card,Delivered
2026-02-03,SWG103002,Gulab Jamun,Desserts,3,270.00,27.00,12.15,20.00,275.15,243.00,UPI,Delivered
2026-02-03,SWG103003,Paneer Tikka,Starters,1,230.00,34.50,9.78,20.00,225.28,195.50,UPI,Delivered
2026-02-03,SWG103004,Hakka Noodles,Rice & Noodles,1,180.00,27.00,7.65,40.00,200.65,153.00,Credit Card,Delivered
2026-02-03,SWG103005,Chicken Biryani,Biryani,1,220.00,22.00,9.90,20.00,227.90,198.00,Debit Card,Delivered
2026-02-03,SWG103006,Paneer Butter Masala,Main Course,1,240.00,24.00,10.80,20.00,246.80,216.00,UPI,Delivered
2026-02-04,SWG103007,Paneer Tikka,Starters,1,230.00,23.00,10.35,40.00,257.35,207.00,Cash,Delivered
2026-02-04,SWG103008,Chicken Tikka,Starters,1,260.00,26.00,11.70,30.00,275.70,234.00,UPI,Delivered
2026-02-04,SWG103009,Chicken Tikka,Starters,1,260.00,0.00,13.00,20.00,293.00,260.00,UPI,Delivered
2026-02-04,SWG103010,Chicken Tikka,Starters,1,260.00,26.00,11.70,0.00,245.70,234.00,Debit Card,Delivered
2026-02-04,SWG103011,Chicken Tikka,Starters,1,260.00,0.00,13.00,0.00,273.00,260.00,Cash,Delivered
2026-02-04,SWG103012,Gulab Jamun,Desserts,3,270.00,27.00,12.15,40.00,295.15,243.00,Debit Card,Delivered
2026-02-04,SWG103013,Butter Naan,Breads,1,60.00,0.00,3.00,20.00,83.00,60.00,Credit Card,Delivered
2026-02-04,SWG103014,Paneer Tikka,Starters,3,690.00,0.00,34.50,0.00,724.50,690.00,Cash,Delivered
2026-02-04,SWG103015,Paneer Butter Masala,Main Course,1,240.00,0.00,12.00,20.00,272.00,240.00,Credit Card,Delivered
2026-02-04,SWG103016,Gulab Jamun,Desserts,1,90.00,13.50,3.83,40.00,120.33,76.50,Cash,Delivered
2026-02-04,SWG103017,Paneer Tikka,Starters,1,230.00,34.50,9.78,20.00,225.28,195.50,Cash,Delivered
2026-02-04,SWG103018,Fried Rice,Rice & Noodles,2,340.00,17.00,16.15,0.00,339.15,323.00,Credit Card,Delivered
2026-02-04,SWG103019,Butter Naan,Breads,1,60.00,9.00,2.55,0.00,53.55,51.00,Debit Card,Delivered
2026-02-04,SWG103020,Gulab Jamun,Desserts,3,270.00,40.50,11.48,40.00,280.98,229.50,Credit Card,Delivered
2026-02-04,SWG103021,Gulab Jamun,Desserts,2,180.00,18.00,8.10,20.00,190.10,162.00,UPI,Delivered
2026-02-04,SWG103022,Paneer Tikka,Starters,1,230.00,11.50,10.93,0.00,229.43,218.50,Debit Card,Delivered
2026-02-04,SWG103023,Butter Naan,Breads,1,60.00,3.00,2.85,0.00,59.85,57.00,UPI,Delivered
2026-02-04,SWG103024,Chicken Tikka,Starters,2,520.00,52.00,23.40,40.00,531.40,468.00,Debit Card,Delivered
2026-02-05,SWG103025,Masala Dosa,South Indian,1,140.00,21.00,5.95,30.00,154.95,119.00,UPI,Delivered
2026-02-05,SWG103026,Chicken Biryani,Biryani,1,220.00,33.00,9.35,40.00,236.35,187.00,Cash,Delivered
2026-02-05,SWG103027,Fried Rice,Rice & Noodles,1,170.00,25.50,7.23,40.00,191.73,144.50,UPI,Delivered
2026-02-05,SWG103028,Paneer Tikka,Starters,2,460.00,69.00,19.55,30.00,440.55,391.00,UPI,Delivered
2026-02-05,SWG103029,Masala Dosa,South Indian,2,280.00,0.00,14.00,0.00,294.00,280.00,Debit Card,Delivered
2026-02-05,SWG103030,Chicken Tikka,Starters,1,260.00,39.00,11.05,20.00,252.05,221.00,Cash,Delivered
2026-02-05,SWG103031,Masala Dosa,South Indian,1,140.00,7.00,6.65,40.00,179.65,133.00,UPI,Delivered
2026-02-05,SWG103032,Gulab Jamun,Desserts,1,90.00,4.50,4.28,40.00,129.78,85.50,Credit Card,Delivered
2026-02-05,SWG103033,Chicken Biryani,Biryani,1,220.00,33.00,9.35,0.00,196.35,187.00,Debit Card,Delivered
2026-02-05,SWG103034,Paneer Butter Masala,Main Course,1,240.00,12.00,11.40,40.00,279.40,228.00,Credit Card,Delivered
2026-02-05,SWG103035,Paneer Tikka,Starters,1,230.00,0.00,11.50,30.00,271.50,230.00,Debit Card,Delivered
2026-02-05,SWG103036,Gulab Jamun,Desserts,1,90.00,9.00,4.05,40.00,125.05,81.00,Credit Card,Delivered
2026-02-05,SWG103037,Masala Dosa,South Indian,3,420.00,42.00,18.90,30.00,426.90,378.00,Debit Card,Delivered
2026-02-05,SWG103038,Masala Dosa,South Indian,2,280.00,28.00,12.60,0.00,264.60,252.00,Credit Card,Delivered
2026-02-05,SWG103039,Gulab Jamun,Desserts,1,90.00,9.00,4.05,30.00,115.05,81.00,Debit Card,Delivered
2026-02-05,SWG103040,Veg Biryani,Biryani,1,180.00,18.00,8.10,40.00,210.10,162.00,Credit Card,Delivered
2026-02-05,SWG103041,Butter Naan,Breads,1,60.00,6.00,2.70,40.00,96.70,54.00,Cash,Delivered
2026-02-05,SWG103042,Veg Biryani,Biryani,3,540.00,54.00,24.30,0.00,510.30,486.00,UPI,Delivered
2026-02-05,SWG103043,Chicken Biryani,Biryani,3,660.00,99.00,28.05,20.00,609.05,561.00,Credit Card,Delivered
2026-02-05,SWG103044,Paneer Butter Masala,Main Course,2,480.00,0.00,24.00,40.00,544.00,480.00,Debit Card,Delivered
2026-02-05,SWG103045,Veg Biryani,Biryani,1,180.00,27.00,7.65,30.00,190.65,153.00,Credit Card,Delivered
2026-02-06,SWG103046,Veg Biryani,Biryani,1,180.00,18.00,8.10,30.00,200.10,162.00,Debit Card,Delivered
2026-02-06,SWG103047,Paneer Tikka,Starters,2,460.00,23.00,21.85,20.00,478.85,437.00,UPI,Delivered
2026-02-06,SWG103048,Butter Naan,Breads,2,120.00,12.00,5.40,0.00,113.40,108.00,UPI,Delivered
2026-02-06,SWG103049,Veg Biryani,Biryani,1,180.00,27.00,7.65,30.00,190.65,153.00,Debit Card,Delivered
2026-02-06,SWG103050,Hakka Noodles,Rice & Noodles,1,180.00,27.00,7.65,20.00,180.65,153.00,Debit Card,Delivered
2026-02-06,SWG103051,Fried Rice,Rice & Noodles,3,510.00,76.50,21.68,0.00,455.18,433.50,Credit Card,Delivered
2026-02-06,SWG103052,Paneer Butter Masala,Main Course,1,240.00,24.00,10.80,30.00,256.80,216.00,Debit Card,Delivered
2026-02-06,SWG103053,Paneer Tikka,Starters,1,230.00,0.00,11.50,0.00,241.50,230.00,Debit Card,Delivered
2026-02-06,SWG103054,Chicken Biryani,Biryani,2,440.00,44.00,19.80,20.00,435.80,396.00,Cash,Delivered
2026-02-06,SWG103055,Butter Naan,Breads,2,120.00,6.00,5.70,0.00,119.70,114.00,Credit Card,Delivered
2026-02-06,SWG103056,Masala Dosa,South Indian,1,140.00,7.00,6.65,30.00,169.65,133.00,UPI,Delivered
2026-02-06,SWG103057,Chicken Biryani,Biryani,1,220.00,33.00,9.35,40.00,236.35,187.00,Cash,Delivered
2026-02-06,SWG103058,Hakka Noodles,Rice & Noodles,2,360.00,0.00,18.00,30.00,408.00,360.00,Credit Card,Delivered
2026-02-06,SWG103059,Gulab Jamun,Desserts,2,180.00,27.00,7.65,0.00,160.65,153.00,UPI,Delivered
2026-02-06,SWG103060,Fried Rice,Rice & Noodles,1,170.00,17.00,7.65,0.00,160.65,153.00,Credit Card,Delivered
2026-02-06,SWG103061,Chicken Biryani,Biryani,1,220.00,22.00,9.90,0.00,207.90,198.00,Debit Card,Delivered
2026-02-06,SWG103062,Chicken Biryani,Biryani,1,220.00,22.00,9.90,40.00,247.90,198.00,Credit Card,Delivered
2026-02-06,SWG103063,Fried Rice,Rice & Noodles,2,340.00,17.00,16.15,20.00,359.15,323.00,Credit Card,Delivered
2026-02-06,SWG103064,Gulab Jamun,Desserts,2,180.00,0.00,9.00,20.00,209.00,180.00,Debit Card,Delivered
2026-02-06,SWG103065,Paneer Tikka,Starters,1,230.00,0.00,11.50,20.00,261.50,230.00,UPI,Delivered
2026-02-06,SWG103066,Veg Biryani,Biryani,1,180.00,9.00,8.55,30.00,209.55,171.00,Cash,Delivered
2026-02-06,SWG103067,Paneer Butter Masala,Main Course,1,240.00,0.00,12.00,40.00,292.00,240.00,Debit Card,Delivered
2026-02-06,SWG103068,Chicken Biryani,Biryani,1,220.00,33.00,9.35,20.00,216.35,187.00,Debit Card,Delivered
2026-02-07,SWG103069,Chicken Tikka,Starters,1,260.00,0.00,13.00,20.00,293.00,260.00,Debit Card,Delivered
2026-02-07,SWG103070,Veg Biryani,Biryani,1,180.00,9.00,8.55,20.00,199.55,171.00,Debit Card,Delivered
2026-02-07,SWG103071,Fried Rice,Rice & Noodles,1,170.00,0.00,8.50,20.00,198.50,170.00,Credit Card,Delivered
2026-02-07,SWG103072,Chicken Biryani,Biryani,1,220.00,22.00,9.90,40.00,247.90,198.00,UPI,Delivered
2026-02-07,SWG103073,Paneer Butter Masala,Main Course,1,240.00,12.00,11.40,20.00,259.40,228.00,Credit Card,Delivered
2026-02-07,SWG103074,Masala Dosa,South Indian,1,140.00,14.00,6.30,0.00,132.30,126.00,Cash,Delivered
2026-02-07,SWG103075,Masala Dosa,South Indian,1,140.00,21.00,5.95,0.00,124.95,119.00,Cash,Delivered
2026-02-07,SWG103076,Fried Rice,Rice & Noodles,1,170.00,17.00,7.65,40.00,200.65,153.00,Credit Card,Delivered
2026-02-07,SWG103077,Masala Dosa,South Indian,1,140.00,14.00,6.30,20.00,152.30,126.00,Cash,Delivered
2026-02-07,SWG103078,Butter Naan,Breads,2,120.00,18.00,5.10,20.00,127.10,102.00,UPI,Delivered
2026-02-07,SWG103079,Butter Naan,Breads,1,60.00,0.00,3.00,30.00,93.00,60.00,Debit Card,Delivered
2026-02-07,SWG103080,Masala Dosa,South Indian,2,280.00,14.00,13.30,20.00,299.30,266.00,Credit Card,Delivered
2026-02-07,SWG103081,Fried Rice,Rice & Noodles,1,170.00,0.00,8.50,20.00,198.50,170.00,UPI,Delivered
2026-02-07,SWG103082,Paneer Butter Masala,Main Course,3,720.00,0.00,36.00,40.00,796.00,720.00,UPI,Delivered
2026-02-07,SWG103083,Veg Biryani,Biryani,1,180.00,27.00,7.65,0.00,160.65,153.00,UPI,Delivered
2026-02-07,SWG103084,Fried Rice,Rice & Noodles,2,340.00,51.00,14.45,30.00,333.45,289.00,Credit Card,Delivered
2026-02-07,SWG103085,Gulab Jamun,Desserts,1,90.00,0.00,4.50,30.00,124.50,90.00,Credit Card,Delivered
2026-02-07,SWG103086,Gulab Jamun,Desserts,1,90.00,0.00,4.50,40.00,134.50,90.00,Credit Card,Delivered
2026-02-07,SWG103087,Butter Naan,Breads,2,120.00,18.00,5.10,30.00,137.10,102.00,Cash,Delivered
2026-02-07,SWG103088,Butter Naan,Breads,1,60.00,6.00,2.70,30.00,86.70,54.00,UPI,Delivered
2026-02-08,SWG103089,Chicken Tikka,Starters,1,260.00,26.00,11.70,40.00,285.70,234.00,Credit Card,Delivered
2026-02-08,SWG103090,Veg Biryani,Biryani,1,180.00,0.00,9.00,20.00,209.00,180.00,Debit Card,Delivered
2026-02-08,SWG103091,Masala Dosa,South Indian,1,140.00,0.00,7.00,30.00,177.00,140.00,Cash,Delivered
2026-02-08,SWG103092,Hakka Noodles,Rice & Noodles,1,180.00,18.00,8.10,0.00,170.10,162.00,UPI,Delivered
2026-02-08,SWG103093,Butter Naan,Breads,1,60.00,6.00,2.70,40.00,96.70,54.00,Debit Card,Delivered
2026-02-08,SWG103094,Paneer Butter Masala,Main Course,1,240.00,24.00,10.80,20.00,246.80,216.00,Cash,Delivered
2026-02-08,SWG103095,Fried Rice,Rice & Noodles,1,170.00,8.50,8.08,40.00,209.58,161.50,Credit Card,Delivered
2026-02-08,SWG103096,Butter Naan,Breads,2,120.00,12.00,5.40,40.00,153.40,108.00,Credit Card,Delivered
2026-02-08,SWG103097,Fried Rice,Rice & Noodles,2,340.00,51.00,14.45,30.00,333.45,289.00,Credit Card,Delivered
2026-02-08,SWG103098,Chicken Tikka,Starters,1,260.00,0.00,13.00,40.00,313.00,260.00,Cash,Delivered
2026-02-08,SWG103099,Chicken Tikka,Starters,1,260.00,13.00,12.35,20.00,279.35,247.00,Debit Card,Delivered
2026-02-08,SWG103100,Gulab Jamun,Desserts,1,90.00,4.50,4.28,20.00,109.78,85.50,UPI,Delivered
2026-02-08,SWG103101,Paneer Butter Masala,Main Course,1,240.00,36.00,10.20,20.00,234.20,204.00,Debit Card,Delivered
2026-02-08,SWG103102,Chicken Tikka,Starters,2,520.00,78.00,22.10,20.00,484.10,442.00,Cash,Delivered
2026-02-08,SWG103103,Butter Naan,Breads,1,60.00,3.00,2.85,30.00,89.85,57.00,Credit Card,Delivered
2026-02-08,SWG103104,Chicken Biryani,Biryani,1,220.00,0.00,11.00,30.00,261.00,220.00,UPI,Delivered
2026-02-08,SWG103105,Hakka Noodles,Rice & Noodles,1,180.00,9.00,8.55,20.00,199.55,171.00,Credit Card,Delivered
2026-02-08,SWG103106,Hakka Noodles,Rice & Noodles,2,360.00,0.00,18.00,0.00,378.00,360.00,Credit Card,Delivered
2026-02-08,SWG103107,Butter Naan,Breads,1,60.00,0.00,3.00,20.00,83.00,60.00,UPI,Delivered
2026-02-09,SWG103108,Butter Naan,Breads,2,120.00,12.00,5.40,30.00,143.40,108.00,UPI,Delivered
2026-02-09,SWG103109,Chicken Tikka,Starters,1,260.00,39.00,11.05,40.00,272.05,221.00,Cash,Delivered
2026-02-09,SWG103110,Masala Dosa,South Indian,2,280.00,0.00,14.00,0.00,294.00,280.00,Debit Card,Delivered
2026-02-09,SWG103111,Hakka Noodles,Rice & Noodles,1,180.00,27.00,7.65,30.00,190.65,0.00,Credit Card,Cancelled
2026-02-09,SWG103112,Chicken Biryani,Biryani,1,220.00,33.00,9.35,20.00,216.35,187.00,Cash,Delivered
2026-02-09,SWG103113,Fried Rice,Rice & Noodles,1,170.00,25.50,7.23,20.00,171.73,144.50,Debit Card,Delivered
2026-02-09,SWG103114,Paneer Tikka,Starters,1,230.00,23.00,10.35,40.00,257.35,207.00,UPI,Delivered
2026-02-09,SWG103115,Gulab Jamun,Desserts,1,90.00,4.50,4.28,20.00,109.78,85.50,Credit Card,Delivered
2026-02-09,SWG103116,Paneer Butter Masala,Main Course,1,240.00,36.00,10.20,20.00,234.20,204.00,Credit Card,Delivered
2026-02-09,SWG103117,Butter Naan,Breads,1,60.00,0.00,3.00,0.00,63.00,60.00,Debit Card,Delivered
2026-02-09,SWG103118,Hakka Noodles,Rice & Noodles,1,180.00,0.00,9.00,30.00,219.00,180.00,UPI,Delivered
2026-02-09,SWG103119,Paneer Butter Masala,Main Course,1,240.00,36.00,10.20,20.00,234.20,204.00,Cash,Delivered
2026-02-09,SWG103120,Gulab Jamun,Desserts,1,90.00,9.00,4.05,0.00,85.05,81.00,Credit Card,Delivered
2026-02-09,SWG103121,Paneer Butter Masala,Main Course,1,240.00,0.00,12.00,0.00,252.00,240.00,Cash,Delivered
2026-02-09,SWG103122,Paneer Tikka,Starters,1,230.00,11.50,10.93,0.00,229.43,218.50,Debit Card,Delivered
2026-02-09,SWG103123,Veg Biryani,Biryani,1,180.00,18.00,8.10,20.00,190.10,162.00,Credit Card,Delivered
2026-02-09,SWG103124,Paneer Butter Masala,Main Course,1,240.00,0.00,12.00,30.00,282.00,240.00,Debit Card,Delivered
2026-02-09,SWG103125,Veg Biryani,Biryani,2,360.00,18.00,17.10,0.00,359.10,342.00,Credit Card,Delivered
2026-02-09,SWG103126,Paneer Tikka,Starters,2,460.00,23.00,21.85,0.00,458.85,437.00,Cash,Delivered
2026-02-09,SWG103127,Hakka Noodles,Rice & Noodles,1,180.00,9.00,8.55,40.00,219.55,171.00,Credit Card,Delivered
2026-02-10,SWG103128,Hakka Noodles,Rice & Noodles,3,540.00,27.00,25.65,40.00,578.65,513.00,Credit Card,Delivered
2026-02-10,SWG103129,Veg Biryani,Biryani,2,360.00,54.00,15.30,0.00,321.30,306.00,UPI,Delivered
2026-02-10,SWG103130,Hakka Noodles,Rice & Noodles,2,360.00,54.00,15.30,20.00,341.30,306.00,UPI,Delivered
2026-02-10,SWG103131,Veg Biryani,Biryani,1,180.00,18.00,8.10,0.00,170.10,162.00,UPI,Delivered
2026-02-10,SWG103132,Veg Biryani,Biryani,1,180.00,9.00,8.55,20.00,199.55,171.00,Credit Card,Delivered
2026-02-10,SWG103133,Paneer Butter Masala,Main Course,1,240.00,12.00,11.40,30.00,269.40,228.00,Cash,Delivered
2026-02-10,SWG103134,Gulab Jamun,Desserts,1,90.00,0.00,4.50,40.00,134.50,90.00,UPI,Delivered
2026-02-10,SWG103135,Paneer Tikka,Starters,3,690.00,103.50,29.33,40.00,655.83,586.50,UPI,Delivered
2026-02-10,SWG103136,Paneer Tikka,Starters,2,460.00,46.00,20.70,20.00,454.70,414.00,UPI,Delivered
2026-02-10,SWG103137,Masala Dosa,South Indian,1,140.00,0.00,7.00,20.00,167.00,140.00,Cash,Delivered
2026-02-10,SWG103138,Paneer Tikka,Starters,1,230.00,0.00,11.50,30.00,271.50,230.00,Cash,Delivered
2026-02-10,SWG103139,Gulab Jamun,Desserts,2,180.00,9.00,8.55,30.00,209.55,171.00,Cash,Delivered
2026-02-10,SWG103140,Butter Naan,Breads,1,60.00,0.00,3.00,20.00,83.00,60.00,Cash,Delivered
2026-02-10,SWG103141,Chicken Tikka,Starters,1,260.00,39.00,11.05,40.00,272.05,221.00,Debit Card,Delivered
2026-02-10,SWG103142,Gulab Jamun,Desserts,2,180.00,9.00,8.55,30.00,209.55,171.00,Debit Card,Delivered
2026-02-10,SWG103143,Gulab Jamun,Desserts,1,90.00,4.50,4.28,30.00,119.78,85.50,Debit Card,Delivered
2026-02-10,SWG103144,Paneer Tikka,Starters,1,230.00,0.00,11.50,40.00,281.50,230.00,Credit Card,Delivered
2026-02-10,SWG103145,Gulab Jamun,Desserts,2,180.00,0.00,9.00,40.00,229.00,180.00,Cash,Delivered
2026-02-10,SWG103146,Butter Naan,Breads,2,120.00,18.00,5.10,40.00,147.10,102.00,Debit Card,Delivered
2026-02-11,SWG103147,Paneer Butter Masala,Main Course,2,480.00,72.00,20.40,40.00,468.40,408.00,UPI,Delivered
2026-02-11,SWG103148,Hakka Noodles,Rice & Noodles,2,360.00,54.00,15.30,30.00,351.30,306.00,Cash,Delivered
2026-02-11,SWG103149,Masala Dosa,South Indian,1,140.00,14.00,6.30,40.00,172.30,126.00,Credit Card,Delivered
2026-02-11,SWG103150,Gulab Jamun,Desserts,2,180.00,18.00,8.10,0.00,170.10,162.00,Credit Card,Delivered
2026-02-11,SWG103151,Masala Dosa,South Indian,2,280.00,28.00,12.60,20.00,284.60,252.00,UPI,Delivered
2026-02-11,SWG103152,Paneer Tikka,Starters,1,230.00,0.00,11.50,30.00,271.50,230.00,UPI,Delivered
2026-02-11,SWG103153,Gulab Jamun,Desserts,1,90.00,13.50,3.83,0.00,80.33,76.50,Credit Card,Delivered
2026-02-11,SWG103154,Paneer Butter Masala,Main Course,2,480.00,0.00,24.00,20.00,524.00,480.00,Cash,Delivered
2026-02-11,SWG103155,Chicken Biryani,Biryani,1,220.00,22.00,9.90,0.00,207.90,198.00,Credit Card,Delivered
2026-02-11,SWG103156,Masala Dosa,South Indian,1,140.00,14.00,6.30,30.00,162.30,126.00,Credit Card,Delivered
2026-02-11,SWG103157,Chicken Biryani,Biryani,1,220.00,11.00,10.45,0.00,219.45,209.00,Debit Card,Delivered
2026-02-11,SWG103158,Hakka Noodles,Rice & Noodles,1,180.00,27.00,7.65,30.00,190.65,153.00,UPI,Delivered
2026-02-11,SWG103159,Hakka Noodles,Rice & Noodles,1,180.00,9.00,8.55,0.00,179.55,171.00,Cash,Delivered
2026-02-11,SWG103160,Chicken Tikka,Starters,2,520.00,0.00,26.00,0.00,546.00,520.00,Debit Card,Delivered
2026-02-11,SWG103161,Paneer Tikka,Starters,2,460.00,69.00,19.55,0.00,410.55,391.00,Debit Card,Delivered
2026-02-11,SWG103162,Veg Biryani,Biryani,1,180.00,18.00,8.10,40.00,210.10,162.00,Debit Card,Delivered
2026-02-12,SWG103163,Fried Rice,Rice & Noodles,3,510.00,51.00,22.95,40.00,521.95,459.00,UPI,Delivered
2026-02-12,SWG103164,Hakka Noodles,Rice & Noodles,2,360.00,0.00,18.00,0.00,378.00,360.00,Credit Card,Delivered
2026-02-12,SWG103165,Paneer Tikka,Starters,2,460.00,0.00,23.00,0.00,483.00,460.00,Credit Card,Delivered
2026-02-12,SWG103166,Paneer Tikka,Starters,1,230.00,0.00,11.50,0.00,241.50,230.00,Debit Card,Delivered
2026-02-12,SWG103167,Masala Dosa,South Indian,2,280.00,28.00,12.60,20.00,284.60,252.00,UPI,Delivered
2026-02-12,SWG103168,Paneer Tikka,Starters,1,230.00,23.00,10.35,40.00,257.35,207.00,Cash,Delivered
2026-02-12,SWG103169,Chicken Tikka,Starters,1,260.00,0.00,13.00,40.00,313.00,260.00,Credit Card,Delivered
2026-02-12,SWG103170,Paneer Butter Masala,Main Course,1,240.00,24.00,10.80,40.00,266.80,216.00,Credit Card,Delivered
2026-02-12,SWG103171,Chicken Tikka,Starters,2,520.00,26.00,24.70,20.00,538.70,494.00,Credit Card,Delivered
2026-02-12,SWG103172,Paneer Butter Masala,Main Course,1,240.00,24.00,10.80,20.00,246.80,216.00,Debit Card,Delivered
2026-02-12,SWG103173,Fried Rice,Rice & Noodles,2,340.00,34.00,15.30,40.00,361.30,306.00,Cash,Delivered
2026-02-12,SWG103174,Masala Dosa,South Indian,1,140.00,14.00,6.30,30.00,162.30,126.00,Cash,Delivered
2026-02-12,SWG103175,Chicken Tikka,Starters,1,260.00,13.00,12.35,20.00,279.35,247.00,Cash,Delivered
2026-02-12,SWG103176,Paneer Butter Masala,Main Course,3,720.00,72.00,32.40,30.00,710.40,648.00,Credit Card,Delivered
2026-02-12,SWG103177,Paneer Butter Masala,Main Course,1,240.00,0.00,12.00,0.00,252.00,240.00,Cash,Delivered
2026-02-12,SWG103178,Butter Naan,Breads,1,60.00,0.00,3.00,0.00,63.00,60.00,Cash,Delivered
2026-02-12,SWG103179,Veg Biryani,Biryani,2,360.00,18.00,17.10,40.00,399.10,342.00,Cash,Delivered
2026-02-12,SWG103180,Masala Dosa,South Indian,1,140.00,7.00,6.65,30.00,169.65,133.00,Debit Card,Delivered
2026-02-13,SWG103181,Hakka Noodles,Rice & Noodles,1,180.00,9.00,8.55,30.00,209.55,171.00,Debit Card,Delivered
2026-02-13,SWG103182,Butter Naan,Breads,1,60.00,6.00,2.70,0.00,56.70,54.00,Debit Card,Delivered
2026-02-13,SWG103183,Fried Rice,Rice & Noodles,1,170.00,0.00,8.50,40.00,218.50,170.00,Debit Card,Delivered
2026-02-13,SWG103184,Chicken Biryani,Biryani,1,220.00,0.00,11.00,30.00,261.00,220.00,UPI,Delivered
2026-02-13,SWG103185,Masala Dosa,South Indian,1,140.00,14.00,6.30,30.00,162.30,126.00,Debit Card,Delivered
2026-02-13,SWG103186,Veg Biryani,Biryani,1,180.00,9.00,8.55,30.00,209.55,171.00,Debit Card,Delivered
2026-02-13,SWG103187,Paneer Butter Masala,Main Course,2,480.00,72.00,20.40,0.00,428.40,408.00,Debit Card,Delivered
2026-02-13,SWG103188,Gulab Jamun,Desserts,1,90.00,9.00,4.05,30.00,115.05,81.00,Credit Card,Delivered
2026-02-13,SWG103189,Chicken Biryani,Biryani,1,220.00,33.00,9.35,0.00,196.35,187.00,UPI,Delivered
2026-02-13,SWG103190,Hakka Noodles,Rice & Noodles,1,180.00,0.00,9.00,0.00,189.00,180.00,Credit Card,Delivered
2026-02-13,SWG103191,Hakka Noodles,Rice & Noodles,2,360.00,18.00,17.10,40.00,399.10,342.00,Cash,Delivered
2026-02-13,SWG103192,Hakka Noodles,Rice & Noodles,1,180.00,9.00,8.55,0.00,179.55,171.00,Credit Card,Delivered
2026-02-13,SWG103193,Fried Rice,Rice & Noodles,1,170.00,8.50,8.08,0.00,169.58,161.50,Cash,Delivered
2026-02-13,SWG103194,Butter Naan,Breads,1,60.00,0.00,3.00,30.00,93.00,60.00,Cash,Delivered
2026-02-13,SWG103195,Masala Dosa,South Indian,1,140.00,7.00,6.65,30.00,169.65,133.00,Cash,Delivered
2026-02-13,SWG103196,Hakka Noodles,Rice & Noodles,1,180.00,0.00,9.00,30.00,219.00,180.00,Cash,Delivered
2026-02-13,SWG103197,Veg Biryani,Biryani,1,180.00,27.00,7.65,40.00,200.65,153.00,Cash,Delivered
2026-02-13,SWG103198,Fried Rice,Rice & Noodles,1,170.00,8.50,8.08,40.00,209.58,161.50,UPI,Delivered
2026-02-13,SWG103199,Masala Dosa,South Indian,1,140.00,21.00,5.95,20.00,144.95,119.00,Debit Card,Delivered
2026-02-14,SWG103200,Paneer Tikka,Starters,1,230.00,23.00,10.35,0.00,217.35,207.00,UPI,Delivered
2026-02-14,SWG103201,Chicken Biryani,Biryani,1,220.00,22.00,9.90,40.00,247.90,198.00,UPI,Delivered
2026-02-14,SWG103202,Hakka Noodles,Rice & Noodles,2,360.00,36.00,16.20,20.00,360.20,324.00,UPI,Delivered
2026-02-14,SWG103203,Hakka Noodles,Rice & Noodles,1,180.00,18.00,8.10,30.00,200.10,162.00,Debit Card,Delivered
2026-02-14,SWG103204,Paneer Tikka,Starters,1,230.00,23.00,10.35,40.00,257.35,207.00,Cash,Delivered
2026-02-14,SWG103205,Butter Naan,Breads,1,60.00,6.00,2.70,40.00,96.70,54.00,Debit Card,Delivered
2026-02-14,SWG103206,Hakka Noodles,Rice & Noodles,1,180.00,0.00,9.00,0.00,189.00,180.00,UPI,Delivered
2026-02-14,SWG103207,Fried Rice,Rice & Noodles,1,170.00,25.50,7.23,0.00,151.73,144.50,Debit Card,Delivered
2026-02-14,SWG103208,Hakka Noodles,Rice & Noodles,1,180.00,27.00,7.65,0.00,160.65,153.00,Debit Card,Delivered
2026-02-14,SWG103209,Gulab Jamun,Desserts,1,90.00,9.00,4.05,30.00,115.05,81.00,Debit Card,Delivered
2026-02-14,SWG103210,Veg Biryani,Biryani,1,180.00,9.00,8.55,40.00,219.55,0.00,UPI,Cancelled
2026-02-14,SWG103211,Paneer Butter Masala,Main Course,1,240.00,12.00,11.40,0.00,239.40,228.00,Debit Card,Delivered
2026-02-14,SWG103212,Paneer Tikka,Starters,2,460.00,0.00,23.00,0.00,483.00,460.00,Cash,Delivered
2026-02-14,SWG103213,Hakka Noodles,Rice & Noodles,1,180.00,18.00,8.10,0.00,170.10,162.00,UPI,Delivered
2026-02-14,SWG103214,Gulab Jamun,Desserts,1,90.00,4.50,4.28,0.00,89.78,85.50,UPI,Delivered
2026-02-14,SWG103215,Chicken Tikka,Starters,1,260.00,39.00,11.05,40.00,272.05,221.00,Credit Card,Delivered
2026-02-14,SWG103216,Chicken Tikka,Starters,1,260.00,26.00,11.70,0.00,245.70,234.00,Cash,Delivered
2026-02-14,SWG103217,Chicken Biryani,Biryani,2,440.00,44.00,19.80,20.00,435.80,396.00,Cash,Delivered
2026-02-14,SWG103218,Chicken Biryani,Biryani,1,220.00,0.00,11.00,0.00,231.00,220.00,UPI,Delivered
2026-02-14,SWG103219,Chicken Biryani,Biryani,1,220.00,11.00,10.45,40.00,259.45,209.00,Debit Card,Delivered
2026-02-14,SWG103220,Chicken Tikka,Starters,1,260.00,39.00,11.05,0.00,232.05,221.00,Debit Card,Delivered
2026-02-14,SWG103221,Hakka Noodles,Rice & Noodles,2,360.00,0.00,18.00,0.00,378.00,360.00,UPI,Delivered
2026-02-14,SWG103222,Butter Naan,Breads,1,60.00,9.00,2.55,20.00,73.55,51.00,Debit Card,Delivered
2026-02-14,SWG103223,Hakka Noodles,Rice & Noodles,1,180.00,27.00,7.65,40.00,200.65,153.00,Cash,Delivered
2026-02-14,SWG103224,Paneer Butter Masala,Main Course,1,240.00,24.00,10.80,40.00,266.80,216.00,Credit Card,Delivered
2026-02-14,SWG103225,Chicken Tikka,Starters,1,260.00,0.00,13.00,0.00,273.00,260.00,Debit Card,Delivered
2026-02-15,SWG103226,Paneer Tikka,Starters,1,230.00,23.00,10.35,40.00,257.35,207.00,UPI,Delivered
2026-02-15,SWG103227,Chicken Tikka,Starters,2,520.00,78.00,22.10,20.00,484.10,442.00,Credit Card,Delivered
2026-02-15,SWG103228,Chicken Tikka,Starters,1,260.00,0.00,13.00,0.00,273.00,260.00,Credit Card,Delivered
2026-02-15,SWG103229,Paneer Tikka,Starters,3,690.00,0.00,34.50,20.00,744.50,690.00,Credit Card,Delivered
2026-02-15,SWG103230,Fried Rice,Rice & Noodles,1,170.00,25.50,7.23,0.00,151.73,144.50,Cash,Delivered
2026-02-15,SWG103231,Paneer Tikka,Starters,1,230.00,23.00,10.35,20.00,237.35,207.00,UPI,Delivered
2026-02-15,SWG103232,Paneer Tikka,Starters,2,460.00,46.00,20.70,0.00,434.70,414.00,Cash,Delivered
2026-02-15,SWG103233,Paneer Butter Masala,Main Course,1,240.00,0.00,12.00,40.00,292.00,240.00,Debit Card,Delivered
2026-02-15,SWG103234,Veg Biryani,Biryani,1,180.00,18.00,8.10,40.00,210.10,162.00,UPI,Delivered
2026-02-15,SWG103235,Chicken Tikka,Starters,3,780.00,0.00,39.00,20.00,839.00,780.00,UPI,Delivered
2026-02-15,SWG103236,Butter Naan,Breads,1,60.00,3.00,2.85,0.00,59.85,57.00,Cash,Delivered
2026-02-15,SWG103237,Paneer Tikka,Starters,1,230.00,11.50,10.93,0.00,229.43,218.50,Debit Card,Delivered
2026-02-15,SWG103238,Masala Dosa,South Indian,1,140.00,7.00,6.65,30.00,169.65,133.00,UPI,Delivered
2026-02-15,SWG103239,Gulab Jamun,Desserts,1,90.00,0.00,4.50,40.00,134.50,90.00,Debit Card,Delivered
2026-02-15,SWG103240,Gulab Jamun,Desserts,1,90.00,0.00,4.50,20.00,114.50,90.00,Debit Card,Delivered
2026-02-15,SWG103241,Gulab Jamun,Desserts,1,90.00,9.00,4.05,30.00,115.05,81.00,Debit Card,Delivered
2026-02-15,SWG103242,Paneer Butter Masala,Main Course,2,480.00,24.00,22.80,30.00,508.80,456.00,Cash,Delivered
2026-02-15,SWG103243,Butter Naan,Breads,2,120.00,0.00,6.00,40.00,166.00,120.00,Credit Card,Delivered
2026-02-16,SWG103244,Hakka Noodles,Rice & Noodles,3,540.00,0.00,27.00,0.00,567.00,540.00,Debit Card,Delivered
2026-02-16,SWG103245,Chicken Biryani,Biryani,1,220.00,11.00,10.45,0.00,219.45,209.00,Credit Card,Delivered
2026-02-16,SWG103246,Hakka Noodles,Rice & Noodles,1,180.00,18.00,8.10,20.00,190.10,162.00,Credit Card,Delivered
2026-02-16,SWG103247,Paneer Tikka,Starters,1,230.00,34.50,9.78,40.00,245.28,195.50,Debit Card,Delivered
2026-02-16,SWG103248,Paneer Butter Masala,Main Course,1,240.00,0.00,12.00,0.00,252.00,240.00,UPI,Delivered
2026-02-16,SWG103249,Chicken Tikka,Starters,1,260.00,39.00,11.05,0.00,232.05,221.00,Credit Card,Delivered
2026-02-16,SWG103250,Paneer Tikka,Starters,1,230.00,23.00,10.35,20.00,237.35,207.00,Debit Card,Delivered
2026-02-16,SWG103251,Paneer Butter Masala,Main Course,1,240.00,12.00,11.40,20.00,259.40,228.00,UPI,Delivered
2026-02-16,SWG103252,Chicken Tikka,Starters,1,260.00,13.00,12.35,0.00,259.35,247.00,Debit Card,Delivered
2026-02-16,SWG103253,Paneer Butter Masala,Main Course,1,240.00,36.00,10.20,30.00,244.20,204.00,Credit Card,Delivered
2026-02-16,SWG103254,Butter Naan,Breads,1,60.00,3.00,2.85,0.00,59.85,57.00,Cash,Delivered
2026-02-16,SWG103255,Gulab Jamun,Desserts,1,90.00,4.50,4.28,20.00,109.78,85.50,Cash,Delivered
2026-02-16,SWG103256,Chicken Biryani,Biryani,1,220.00,33.00,9.35,20.00,216.35,187.00,Debit Card,Delivered
2026-02-16,SWG103257,Gulab Jamun,Desserts,1,90.00,4.50,4.28,20.00,109.78,85.50,Cash,Delivered
2026-02-16,SWG103258,Masala Dosa,South Indian,2,280.00,14.00,13.30,30.00,309.30,266.00,Credit Card,Delivered
2026-02-16,SWG103259,Butter Naan,Breads,1,60.00,0.00,3.00,0.00,63.00,60.00,Debit Card,Delivered
2026-02-16,SWG103260,Paneer Tikka,Starters,1,230.00,0.00,11.50,40.00,281.50,230.00,Cash,Delivered
2026-02-16,SWG103261,Chicken Biryani,Biryani,1,220.00,33.00,9.35,40.00,236.35,187.00,Credit Card,Delivered
2026-02-16,SWG103262,Chicken Biryani,Biryani,2,440.00,22.00,20.90,0.00,438.90,418.00,Debit Card,Delivered
2026-02-16,SWG103263,Veg Biryani,Biryani,1,180.00,27.00,7.65,20.00,180.65,153.00,Debit Card,Delivered
2026-02-16,SWG103264,Veg Biryani,Biryani,1,180.00,0.00,9.00,0.00,189.00,180.00,Cash,Delivered
2026-02-16,SWG103265,Gulab Jamun,Desserts,1,90.00,0.00,4.50,0.00,94.50,90.00,Credit Card,Delivered
2026-02-16,SWG103266,Chicken Tikka,Starters,3,780.00,0.00,39.00,0.00,819.00,780.00,Credit Card,Delivered
2026-02-16,SWG103267,Gulab Jamun,Desserts,1,90.00,4.50,4.28,0.00,89.78,85.50,Credit Card,Delivered
2026-02-16,SWG103268,Butter Naan,Breads,1,60.00,3.00,2.85,40.00,99.85,57.00,Cash,Delivered
2026-02-16,SWG103269,Paneer Butter Masala,Main Course,1,240.00,36.00,10.20,20.00,234.20,204.00,UPI,Delivered
2026-02-16,SWG103270,Masala Dosa,South Indian,1,140.00,14.00,6.30,40.00,172.30,126.00,Cash,Delivered
2026-02-16,SWG103271,Paneer Butter Masala,Main Course,1,240.00,0.00,12.00,40.00,292.00,240.00,Cash,Delivered
2026-02-17,SWG103272,Masala Dosa,South Indian,1,140.00,21.00,5.95,0.00,124.95,0.00,Credit Card,Cancelled
2026-02-17,SWG103273,Veg Biryani,Biryani,2,360.00,36.00,16.20,20.00,360.20,324.00,Credit Card,Delivered
2026-02-17,SWG103274,Paneer Butter Masala,Main Course,1,240.00,0.00,12.00,20.00,272.00,240.00,Credit Card,Delivered
2026-02-17,SWG103275,Gulab Jamun,Desserts,1,90.00,0.00,4.50,20.00,114.50,90.00,UPI,Delivered
2026-02-17,SWG103276,Gulab Jamun,Desserts,1,90.00,13.50,3.83,40.00,120.33,76.50,Cash,Delivered
2026-02-17,SWG103277,Gulab Jamun,Desserts,1,90.00,4.50,4.28,40.00,129.78,85.50,Debit Card,Delivered
2026-02-17,SWG103278,Chicken Tikka,Starters,1,260.00,13.00,12.35,40.00,299.35,247.00,Cash,Delivered
2026-02-17,SWG103279,Gulab Jamun,Desserts,2,180.00,0.00,9.00,20.00,209.00,180.00,Debit Card,Delivered
2026-02-17,SWG103280,Chicken Tikka,Starters,1,260.00,26.00,11.70,0.00,245.70,234.00,Credit Card,Delivered
2026-02-17,SWG103281,Paneer Butter Masala,Main Course,1,240.00,0.00,12.00,30.00,282.00,240.00,UPI,Delivered
2026-02-17,SWG103282,Butter Naan,Breads,2,120.00,18.00,5.10,30.00,137.10,102.00,Cash,Delivered
2026-02-17,SWG103283,Masala Dosa,South Indian,1,140.00,21.00,5.95,40.00,164.95,119.00,Cash,Delivered
2026-02-17,SWG103284,Paneer Tikka,Starters,3,690.00,0.00,34.50,30.00,754.50,690.00,Debit Card,Delivered
2026-02-17,SWG103285,Chicken Biryani,Biryani,1,220.00,11.00,10.45,40.00,259.45,209.00,UPI,Delivered
2026-02-17,SWG103286,Gulab Jamun,Desserts,1,90.00,0.00,4.50,40.00,134.50,90.00,Credit Card,Delivered
2026-02-17,SWG103287,Paneer Butter Masala,Main Course,1,240.00,0.00,12.00,0.00,252.00,240.00,Credit Card,Delivered
2026-02-17,SWG103288,Paneer Tikka,Starters,1,230.00,11.50,10.93,20.00,249.43,218.50,Credit Card,Delivered
2026-02-17,SWG103289,Masala Dosa,South Indian,1,140.00,21.00,5.95,30.00,154.95,119.00,UPI,Delivered
2026-02-17,SWG103290,Hakka Noodles,Rice & Noodles,1,180.00,9.00,8.55,40.00,219.55,171.00,Cash,Delivered
2026-02-18,SWG103291,Chicken Biryani,Biryani,1,220.00,11.00,10.45,20.00,239.45,209.00,Cash,Delivered
2026-02-18,SWG103292,Butter Naan,Breads,2,120.00,12.00,5.40,30.00,143.40,108.00,Credit Card,Delivered
2026-02-18,SWG103293,Veg Biryani,Biryani,1,180.00,0.00,9.00,0.00,189.00,180.00,Cash,Delivered
2026-02-18,SWG103294,Veg Biryani,Biryani,2,360.00,54.00,15.30,40.00,361.30,306.00,UPI,Delivered
2026-02-18,SWG103295,Gulab Jamun,Desserts,1,90.00,0.00,4.50,0.00,94.50,90.00,Cash,Delivered
2026-02-18,SWG103296,Chicken Biryani,Biryani,1,220.00,0.00,11.00,40.00,271.00,220.00,Credit Card,Delivered
2026-02-18,SWG103297,Veg Biryani,Biryani,1,180.00,27.00,7.65,20.00,180.65,153.00,Cash,Delivered
2026-02-18,SWG103298,Gulab Jamun,Desserts,1,90.00,0.00,4.50,30.00,124.50,90.00,UPI,Delivered
2026-02-18,SWG103299,Hakka Noodles,Rice & Noodles,1,180.00,18.00,8.10,40.00,210.10,162.00,UPI,Delivered
2026-02-18,SWG103300,Chicken Biryani,Biryani,2,440.00,44.00,19.80,20.00,435.80,396.00,UPI,Delivered
2026-02-18,SWG103301,Paneer Butter Masala,Main Course,1,240.00,12.00,11.40,40.00,279.40,228.00,UPI,Delivered
2026-02-18,SWG103302,Hakka Noodles,Rice & Noodles,2,360.00,36.00,16.20,0.00,340.20,324.00,Debit Card,Delivered
2026-02-18,SWG103303,Masala Dosa,South Indian,1,140.00,7.00,6.65,30.00,169.65,133.00,UPI,Delivered
2026-02-18,SWG103304,Veg Biryani,Biryani,1,180.00,0.00,9.00,0.00,189.00,180.00,Debit Card,Delivered
2026-02-18,SWG103305,Veg Biryani,Biryani,1,180.00,27.00,7.65,0.00,160.65,153.00,Cash,Delivered
2026-02-18,SWG103306,Gulab Jamun,Desserts,1,90.00,9.00,4.05,30.00,115.05,81.00,Debit Card,Delivered
2026-02-18,SWG103307,Paneer Tikka,Starters,1,230.00,11.50,10.93,0.00,229.43,218.50,Credit Card,Delivered
2026-02-18,SWG103308,Masala Dosa,South Indian,2,280.00,0.00,14.00,20.00,314.00,280.00,UPI,Delivered
2026-02-18,SWG103309,Hakka Noodles,Rice & Noodles,1,180.00,9.00,8.55,20.00,199.55,171.00,Debit Card,Delivered
2026-02-18,SWG103310,Chicken Biryani,Biryani,1,220.00,33.00,9.35,20.00,216.35,187.00,Debit Card,Delivered
2026-02-19,SWG103311,Hakka Noodles,Rice & Noodles,2,360.00,54.00,15.30,30.00,351.30,306.00,Credit Card,Delivered
2026-02-19,SWG103312,Fried Rice,Rice & Noodles,1,170.00,17.00,7.65,20.00,180.65,153.00,Credit Card,Delivered
2026-02-19,SWG103313,Veg Biryani,Biryani,1,180.00,27.00,7.65,0.00,160.65,153.00,UPI,Delivered
2026-02-19,SWG103314,Butter Naan,Breads,1,60.00,3.00,2.85,30.00,89.85,57.00,UPI,Delivered
2026-02-19,SWG103315,Paneer Tikka,Starters,2,460.00,23.00,21.85,30.00,488.85,437.00,UPI,Delivered
2026-02-19,SWG103316,Masala Dosa,South Indian,1,140.00,21.00,5.95,0.00,124.95,119.00,UPI,Delivered
2026-02-19,SWG103317,Fried Rice,Rice & Noodles,1,170.00,8.50,8.08,0.00,169.58,161.50,Cash,Delivered
2026-02-19,SWG103318,Chicken Biryani,Biryani,1,220.00,11.00,10.45,20.00,239.45,209.00,Cash,Delivered
2026-02-19,SWG103319,Paneer Butter Masala,Main Course,1,240.00,12.00,11.40,20.00,259.40,0.00,Credit Card,Cancelled
2026-02-19,SWG103320,Gulab Jamun,Desserts,1,90.00,13.50,3.83,0.00,80.33,76.50,Credit Card,Delivered
2026-02-19,SWG103321,Chicken Biryani,Biryani,1,220.00,22.00,9.90,30.00,237.90,198.00,Cash,Delivered
2026-02-19,SWG103322,Paneer Tikka,Starters,2,460.00,23.00,21.85,30.00,488.85,437.00,UPI,Delivered
2026-02-19,SWG103323,Masala Dosa,South Indian,1,140.00,7.00,6.65,40.00,179.65,133.00,Credit Card,Delivered
2026-02-19,SWG103324,Masala Dosa,South Indian,1,140.00,0.00,7.00,0.00,147.00,140.00,Debit Card,Delivered
2026-02-19,SWG103325,Veg Biryani,Biryani,1,180.00,27.00,7.65,20.00,180.65,153.00,Debit Card,Delivered
2026-02-19,SWG103326,Fried Rice,Rice & Noodles,2,340.00,34.00,15.30,20.00,341.30,306.00,Cash,Delivered
2026-02-19,SWG103327,Paneer Butter Masala,Main Course,1,240.00,36.00,10.20,20.00,234.20,204.00,Debit Card,Delivered
2026-02-19,SWG103328,Paneer Butter Masala,Main Course,1,240.00,12.00,11.40,40.00,279.40,228.00,Credit Card,Delivered
2026-02-19,SWG103329,Paneer Tikka,Starters,1,230.00,0.00,11.50,40.00,281.50,230.00,Cash,Delivered
2026-02-19,SWG103330,Chicken Tikka,Starters,2,520.00,78.00,22.10,20.00,484.10,442.00,Debit Card,Delivered
2026-02-19,SWG103331,Paneer Butter Masala,Main Course,3,720.00,108.00,30.60,40.00,682.60,612.00,Cash,Delivered
2026-02-19,SWG103332,Hakka Noodles,Rice & Noodles,2,360.00,36.00,16.20,30.00,370.20,324.00,UPI,Delivered
2026-02-19,SWG103333,Butter Naan,Breads,1,60.00,3.00,2.85,30.00,89.85,57.00,Cash,Delivered
2026-02-20,SWG103334,Hakka Noodles,Rice & Noodles,1,180.00,27.00,7.65,30.00,190.65,0.00,Credit Card,Cancelled
2026-02-20,SWG103335,Veg Biryani,Biryani,1,180.00,18.00,8.10,20.00,190.10,162.00,Debit Card,Delivered
2026-02-20,SWG103336,Paneer Tikka,Starters,2,460.00,69.00,19.55,20.00,430.55,391.00,Credit Card,Delivered
2026-02-20,SWG103337,Paneer Butter Masala,Main Course,1,240.00,36.00,10.20,30.00,244.20,204.00,Debit Card,Delivered
2026-02-20,SWG103338,Butter Naan,Breads,1,60.00,3.00,2.85,0.00,59.85,57.00,Debit Card,Delivered
2026-02-20,SWG103339,Masala Dosa,South Indian,1,140.00,0.00,7.00,0.00,147.00,140.00,Cash,Delivered
2026-02-20,SWG103340,Veg Biryani,Biryani,1,180.00,0.00,9.00,20.00,209.00,180.00,UPI,Delivered
2026-02-20,SWG103341,Paneer Tikka,Starters,1,230.00,11.50,10.93,30.00,259.43,218.50,Debit Card,Delivered
2026-02-20,SWG103342,Hakka Noodles,Rice & Noodles,2,360.00,18.00,17.10,0.00,359.10,342.00,Debit Card,Delivered
2026-02-20,SWG103343,Gulab Jamun,Desserts,2,180.00,0.00,9.00,40.00,229.00,180.00,UPI,Delivered
2026-02-20,SWG103344,Chicken Tikka,Starters,2,520.00,0.00,26.00,0.00,546.00,520.00,Credit Card,Delivered
2026-02-20,SWG103345,Chicken Tikka,Starters,1,260.00,26.00,11.70,0.00,245.70,234.00,Credit Card,Delivered
2026-02-20,SWG103346,Veg Biryani,Biryani,2,360.00,0.00,18.00,40.00,418.00,360.00,Cash,Delivered
2026-02-20,SWG103347,Chicken Biryani,Biryani,2,440.00,22.00,20.90,40.00,478.90,418.00,Cash,Delivered
2026-02-20,SWG103348,Chicken Biryani,Biryani,3,660.00,33.00,31.35,20.00,678.35,627.00,Credit Card,Delivered
2026-02-20,SWG103349,Paneer Butter Masala,Main Course,1,240.00,0.00,12.00,0.00,252.00,240.00,Debit Card,Delivered
2026-02-20,SWG103350,Chicken Biryani,Biryani,2,440.00,22.00,20.90,30.00,468.90,418.00,Cash,Delivered
2026-02-20,SWG103351,Paneer Butter Masala,Main Course,1,240.00,36.00,10.20,0.00,214.20,204.00,Cash,Delivered
2026-02-20,SWG103352,Hakka Noodles,Rice & Noodles,1,180.00,0.00,9.00,40.00,229.00,180.00,Credit Card,Delivered
2026-02-20,SWG103353,Chicken Tikka,Starters,1,260.00,0.00,13.00,30.00,303.00,260.00,Debit Card,Delivered
2026-02-20,SWG103354,Fried Rice,Rice & Noodles,2,340.00,34.00,15.30,30.00,351.30,306.00,UPI,Delivered
2026-02-20,SWG103355,Paneer Butter Masala,Main Course,1,240.00,36.00,10.20,30.00,244.20,204.00,Credit Card,Delivered
2026-02-20,SWG103356,Paneer Butter Masala,Main Course,1,240.00,12.00,11.40,40.00,279.40,228.00,UPI,Delivered
2026-02-20,SWG103357,Fried Rice,Rice & Noodles,1,170.00,25.50,7.23,0.00,151.73,144.50,Cash,Delivered
2026-02-21,SWG103358,Paneer Butter Masala,Main Course,2,480.00,0.00,24.00,40.00,544.00,480.00,UPI,Delivered
2026-02-21,SWG103359,Gulab Jamun,Desserts,1,90.00,4.50,4.28,20.00,109.78,85.50,Cash,Delivered
2026-02-21,SWG103360,Masala Dosa,South Indian,1,140.00,0.00,7.00,20.00,167.00,140.00,Credit Card,Delivered
2026-02-21,SWG103361,Chicken Biryani,Biryani,1,220.00,33.00,9.35,0.00,196.35,187.00,UPI,Delivered
2026-02-21,SWG103362,Butter Naan,Breads,2,120.00,0.00,6.00,30.00,156.00,120.00,Cash,Delivered
2026-02-21,SWG103363,Hakka Noodles,Rice & Noodles,1,180.00,9.00,8.55,30.00,209.55,171.00,Debit Card,Delivered
2026-02-21,SWG103364,Veg Biryani,Biryani,2,360.00,18.00,17.10,20.00,379.10,342.00,Credit Card,Delivered
2026-02-21,SWG103365,Butter Naan,Breads,3,180.00,0.00,9.00,40.00,229.00,180.00,Cash,Delivered
2026-02-21,SWG103366,Gulab Jamun,Desserts,1,90.00,13.50,3.83,30.00,110.33,76.50,Debit Card,Delivered
2026-02-21,SWG103367,Paneer Tikka,Starters,1,230.00,0.00,11.50,40.00,281.50,230.00,Debit Card,Delivered
2026-02-21,SWG103368,Paneer Butter Masala,Main Course,1,240.00,0.00,12.00,20.00,272.00,240.00,Debit Card,Delivered
2026-02-21,SWG103369,Butter Naan,Breads,1,60.00,0.00,3.00,0.00,63.00,60.00,Debit Card,Delivered
2026-02-21,SWG103370,Butter Naan,Breads,1,60.00,0.00,3.00,40.00,103.00,60.00,Credit Card,Delivered
2026-02-21,SWG103371,Veg Biryani,Biryani,1,180.00,18.00,8.10,20.00,190.10,162.00,Credit Card,Delivered
2026-02-21,SWG103372,Paneer Butter Masala,Main Course,1,240.00,12.00,11.40,20.00,259.40,228.00,Debit Card,Delivered
2026-02-21,SWG103373,Hakka Noodles,Rice & Noodles,1,180.00,0.00,9.00,0.00,189.00,180.00,UPI,Delivered
2026-02-21,SWG103374,Paneer Tikka,Starters,1,230.00,0.00,11.50,0.00,241.50,230.00,Credit Card,Delivered
2026-02-21,SWG103375,Chicken Biryani,Biryani,1,220.00,22.00,9.90,0.00,207.90,198.00,Debit Card,Delivered
2026-02-21,SWG103376,Hakka Noodles,Rice & Noodles,3,540.00,54.00,24.30,40.00,550.30,486.00,Credit Card,Delivered
2026-02-21,SWG103377,Veg Biryani,Biryani,1,180.00,18.00,8.10,20.00,190.10,162.00,UPI,Delivered
2026-02-21,SWG103378,Paneer Butter Masala,Main Course,1,240.00,0.00,12.00,0.00,252.00,240.00,Debit Card,Delivered
2026-02-21,SWG103379,Fried Rice,Rice & Noodles,1,170.00,8.50,8.08,40.00,209.58,161.50,Cash,Delivered
2026-02-22,SWG103380,Fried Rice,Rice & Noodles,1,170.00,17.00,7.65,30.00,190.65,153.00,UPI,Delivered
2026-02-22,SWG103381,Butter Naan,Breads,1,60.00,0.00,3.00,40.00,103.00,60.00,Debit Card,Delivered
2026-02-22,SWG103382,Paneer Butter Masala,Main Course,1,240.00,24.00,10.80,40.00,266.80,216.00,Debit Card,Delivered
2026-02-22,SWG103383,Chicken Tikka,Starters,1,260.00,39.00,11.05,0.00,232.05,221.00,Cash,Delivered
2026-02-22,SWG103384,Butter Naan,Breads,1,60.00,9.00,2.55,0.00,53.55,51.00,Debit Card,Delivered
2026-02-22,SWG103385,Paneer Tikka,Starters,2,460.00,46.00,20.70,30.00,464.70,414.00,Cash,Delivered
2026-02-22,SWG103386,Fried Rice,Rice & Noodles,1,170.00,17.00,7.65,0.00,160.65,153.00,UPI,Delivered
2026-02-22,SWG103387,Fried Rice,Rice & Noodles,1,170.00,25.50,7.23,0.00,151.73,144.50,Debit Card,Delivered
2026-02-22,SWG103388,Fried Rice,Rice & Noodles,1,170.00,8.50,8.08,40.00,209.58,161.50,UPI,Delivered
2026-02-22,SWG103389,Veg Biryani,Biryani,1,180.00,18.00,8.10,30.00,200.10,0.00,UPI,Cancelled
2026-02-22,SWG103390,Butter Naan,Breads,2,120.00,12.00,5.40,0.00,113.40,108.00,Debit Card,Delivered
2026-02-22,SWG103391,Fried Rice,Rice & Noodles,1,170.00,25.50,7.23,0.00,151.73,144.50,Credit Card,Delivered
2026-02-22,SWG103392,Chicken Tikka,Starters,1,260.00,39.00,11.05,40.00,272.05,0.00,Cash,Cancelled
2026-02-22,SWG103393,Butter Naan,Breads,1,60.00,6.00,2.70,0.00,56.70,54.00,Cash,Delivered
2026-02-22,SWG103394,Masala Dosa,South Indian,1,140.00,21.00,5.95,40.00,164.95,119.00,Credit Card,Delivered
2026-02-22,SWG103395,Fried Rice,Rice & Noodles,2,340.00,17.00,16.15,30.00,369.15,323.00,Cash,Delivered
2026-02-22,SWG103396,Fried Rice,Rice & Noodles,1,170.00,8.50,8.08,30.00,199.58,161.50,Credit Card,Delivered
2026-02-22,SWG103397,Hakka Noodles,Rice & Noodles,1,180.00,27.00,7.65,0.00,160.65,153.00,UPI,Delivered
2026-02-22,SWG103398,Masala Dosa,South Indian,1,140.00,21.00,5.95,20.00,144.95,119.00,Debit Card,Delivered
2026-02-22,SWG103399,Chicken Tikka,Starters,2,520.00,52.00,23.40,0.00,491.40,468.00,UPI,Delivered
2026-02-22,SWG103400,Hakka Noodles,Rice & Noodles,2,360.00,18.00,17.10,40.00,399.10,342.00,Cash,Delivered
2026-02-22,SWG103401,Paneer Butter Masala,Main Course,3,720.00,72.00,32.40,40.00,720.40,648.00,Debit Card,Delivered
2026-02-22,SWG103402,Chicken Biryani,Biryani,1,220.00,22.00,9.90,40.00,247.90,198.00,Cash,Delivered
2026-02-23,SWG103403,Hakka Noodles,Rice & Noodles,1,180.00,27.00,7.65,40.00,200.65,153.00,Debit Card,Delivered
2026-02-23,SWG103404,Masala Dosa,South Indian,1,140.00,0.00,7.00,0.00,147.00,140.00,Debit Card,Delivered
2026-02-23,SWG103405,Butter Naan,Breads,2,120.00,18.00,5.10,20.00,127.10,102.00,Credit Card,Delivered
2026-02-23,SWG103406,Fried Rice,Rice & Noodles,1,170.00,8.50,8.08,0.00,169.58,161.50,Credit Card,Delivered
2026-02-23,SWG103407,Butter Naan,Breads,1,60.00,0.00,3.00,0.00,63.00,60.00,Debit Card,Delivered
2026-02-23,SWG103408,Fried Rice,Rice & Noodles,1,170.00,0.00,8.50,40.00,218.50,170.00,Credit Card,Delivered
2026-02-23,SWG103409,Chicken Biryani,Biryani,2,440.00,22.00,20.90,30.00,468.90,418.00,Debit Card,Delivered
2026-02-23,SWG103410,Hakka Noodles,Rice & Noodles,1,180.00,9.00,8.55,0.00,179.55,171.00,UPI,Delivered
2026-02-23,SWG103411,Paneer Tikka,Starters,3,690.00,0.00,34.50,20.00,744.50,690.00,Credit Card,Delivered
2026-02-23,SWG103412,Butter Naan,Breads,1,60.00,3.00,2.85,40.00,99.85,0.00,UPI,Cancelled
2026-02-23,SWG103413,Paneer Butter Masala,Main Course,3,720.00,72.00,32.40,20.00,700.40,648.00,Debit Card,Delivered
2026-02-23,SWG103414,Fried Rice,Rice & Noodles,2,340.00,0.00,17.00,40.00,397.00,340.00,UPI,Delivered
2026-02-23,SWG103415,Fried Rice,Rice & Noodles,1,170.00,0.00,8.50,20.00,198.50,170.00,UPI,Delivered
2026-02-23,SWG103416,Paneer Tikka,Starters,2,460.00,69.00,19.55,0.00,410.55,391.00,UPI,Delivered
2026-02-23,SWG103417,Chicken Biryani,Biryani,1,220.00,11.00,10.45,20.00,239.45,209.00,Cash,Delivered
2026-02-23,SWG103418,Butter Naan,Breads,1,60.00,6.00,2.70,40.00,96.70,54.00,UPI,Delivered
2026-02-24,SWG103419,Gulab Jamun,Desserts,1,90.00,13.50,3.83,40.00,120.33,0.00,UPI,Cancelled
2026-02-24,SWG103420,Hakka Noodles,Rice & Noodles,1,180.00,0.00,9.00,40.00,229.00,180.00,Debit Card,Delivered
2026-02-24,SWG103421,Masala Dosa,South Indian,1,140.00,14.00,6.30,30.00,162.30,126.00,Credit Card,Delivered
2026-02-24,SWG103422,Gulab Jamun,Desserts,1,90.00,13.50,3.83,20.00,100.33,0.00,Cash,Cancelled
2026-02-24,SWG103423,Butter Naan,Breads,1,60.00,0.00,3.00,20.00,83.00,60.00,UPI,Delivered
2026-02-24,SWG103424,Paneer Tikka,Starters,1,230.00,0.00,11.50,30.00,271.50,0.00,Cash,Cancelled
2026-02-24,SWG103425,Chicken Biryani,Biryani,1,220.00,33.00,9.35,40.00,236.35,187.00,Debit Card,Delivered
2026-02-24,SWG103426,Butter Naan,Breads,1,60.00,3.00,2.85,30.00,89.85,57.00,Credit Card,Delivered
2026-02-24,SWG103427,Gulab Jamun,Desserts,1,90.00,9.00,4.05,0.00,85.05,81.00,UPI,Delivered
2026-02-24,SWG103428,Hakka Noodles,Rice & Noodles,2,360.00,54.00,15.30,30.00,351.30,306.00,Cash,Delivered
2026-02-24,SWG103429,Fried Rice,Rice & Noodles,3,510.00,76.50,21.68,0.00,455.18,433.50,UPI,Delivered
2026-02-24,SWG103430,Paneer Butter Masala,Main Course,1,240.00,12.00,11.40,0.00,239.40,228.00,UPI,Delivered
2026-02-24,SWG103431,Chicken Tikka,Starters,2,520.00,52.00,23.40,20.00,511.40,468.00,Debit Card,Delivered
2026-02-24,SWG103432,Masala Dosa,South Indian,1,140.00,0.00,7.00,20.00,167.00,140.00,Credit Card,Delivered
2026-02-24,SWG103433,Chicken Tikka,Starters,3,780.00,39.00,37.05,20.00,798.05,741.00,Credit Card,Delivered
2026-02-24,SWG103434,Veg Biryani,Biryani,1,180.00,0.00,9.00,20.00,209.00,180.00,Debit Card,Delivered
2026-02-24,SWG103435,Chicken Tikka,Starters,2,520.00,0.00,26.00,0.00,546.00,520.00,Credit Card,Delivered
2026-02-24,SWG103436,Chicken Tikka,Starters,1,260.00,0.00,13.00,20.00,293.00,260.00,Debit Card,Delivered
2026-02-24,SWG103437,Veg Biryani,Biryani,1,180.00,9.00,8.55,20.00,199.55,171.00,Debit Card,Delivered
2026-02-24,SWG103438,Veg Biryani,Biryani,1,180.00,9.00,8.55,40.00,219.55,171.00,UPI,Delivered
2026-02-25,SWG103439,Chicken Tikka,Starters,1,260.00,13.00,12.35,0.00,259.35,247.00,Debit Card,Delivered
2026-02-25,SWG103440,Masala Dosa,South Indian,1,140.00,0.00,7.00,40.00,187.00,140.00,Cash,Delivered
2026-02-25,SWG103441,Chicken Tikka,Starters,2,520.00,26.00,24.70,0.00,518.70,494.00,Credit Card,Delivered
2026-02-25,SWG103442,Fried Rice,Rice & Noodles,1,170.00,0.00,8.50,40.00,218.50,170.00,Debit Card,Delivered
2026-02-25,SWG103443,Masala Dosa,South Indian,1,140.00,0.00,7.00,40.00,187.00,140.00,Debit Card,Delivered
2026-02-25,SWG103444,Paneer Butter Masala,Main Course,1,240.00,36.00,10.20,30.00,244.20,204.00,UPI,Delivered
2026-02-25,SWG103445,Gulab Jamun,Desserts,1,90.00,13.50,3.83,40.00,120.33,76.50,Credit Card,Delivered
2026-02-25,SWG103446,Paneer Butter Masala,Main Course,1,240.00,12.00,11.40,40.00,279.40,228.00,Cash,Delivered
2026-02-25,SWG103447,Masala Dosa,South Indian,1,140.00,7.00,6.65,40.00,179.65,133.00,UPI,Delivered
2026-02-25,SWG103448,Butter Naan,Breads,1,60.00,9.00,2.55,0.00,53.55,51.00,Credit Card,Delivered
2026-02-25,SWG103449,Chicken Biryani,Biryani,1,220.00,11.00,10.45,30.00,249.45,209.00,Credit Card,Delivered
2026-02-25,SWG103450,Masala Dosa,South Indian,1,140.00,7.00,6.65,0.00,139.65,133.00,Credit Card,Delivered
2026-02-25,SWG103451,Chicken Tikka,Starters,1,260.00,26.00,11.70,0.00,245.70,234.00,Credit Card,Delivered
2026-02-25,SWG103452,Paneer Butter Masala,Main Course,1,240.00,0.00,12.00,30.00,282.00,240.00,UPI,Delivered
2026-02-26,SWG103453,Gulab Jamun,Desserts,1,90.00,4.50,4.28,30.00,119.78,85.50,Credit Card,Delivered
2026-02-26,SWG103454,Chicken Tikka,Starters,1,260.00,26.00,11.70,20.00,265.70,234.00,UPI,Delivered
2026-02-26,SWG103455,Hakka Noodles,Rice & Noodles,1,180.00,18.00,8.10,30.00,200.10,162.00,UPI,Delivered
2026-02-26,SWG103456,Gulab Jamun,Desserts,1,90.00,0.00,4.50,30.00,124.50,90.00,Cash,Delivered
2026-02-26,SWG103457,Fried Rice,Rice & Noodles,1,170.00,25.50,7.23,40.00,191.73,144.50,Credit Card,Delivered
2026-02-26,SWG103458,Veg Biryani,Biryani,2,360.00,18.00,17.10,40.00,399.10,342.00,Debit Card,Delivered
2026-02-26,SWG103459,Gulab Jamun,Desserts,2,180.00,9.00,8.55,30.00,209.55,171.00,Debit Card,Delivered
2026-02-26,SWG103460,Paneer Tikka,Starters,1,230.00,23.00,10.35,30.00,247.35,207.00,Credit Card,Delivered
2026-02-26,SWG103461,Hakka Noodles,Rice & Noodles,1,180.00,18.00,8.10,40.00,210.10,162.00,Cash,Delivered
2026-02-26,SWG103462,Butter Naan,Breads,1,60.00,3.00,2.85,0.00,59.85,57.00,Debit Card,Delivered
2026-02-26,SWG103463,Paneer Tikka,Starters,1,230.00,11.50,10.93,30.00,259.43,218.50,Credit Card,Delivered
2026-02-26,SWG103464,Chicken Tikka,Starters,1,260.00,0.00,13.00,40.00,313.00,260.00,Credit Card,Delivered
2026-02-26,SWG103465,Butter Naan,Breads,1,60.00,6.00,2.70,0.00,56.70,54.00,Credit Card,Delivered
2026-02-27,SWG103466,Chicken Tikka,Starters,1,260.00,39.00,11.05,20.00,252.05,221.00,Debit Card,Delivered
2026-02-27,SWG103467,Fried Rice,Rice & Noodles,1,170.00,25.50,7.23,20.00,171.73,144.50,Debit Card,Delivered
2026-02-27,SWG103468,Butter Naan,Breads,1,60.00,0.00,3.00,20.00,83.00,60.00,Credit Card,Delivered
2026-02-27,SWG103469,Masala Dosa,South Indian,1,140.00,7.00,6.65,0.00,139.65,133.00,Cash,Delivered
2026-02-27,SWG103470,Paneer Tikka,Starters,1,230.00,34.50,9.78,0.00,205.28,195.50,Cash,Delivered
2026-02-27,SWG103471,Chicken Biryani,Biryani,1,220.00,22.00,9.90,0.00,207.90,198.00,Debit Card,Delivered
2026-02-27,SWG103472,Paneer Tikka,Starters,1,230.00,0.00,11.50,40.00,281.50,230.00,UPI,Delivered
2026-02-27,SWG103473,Chicken Biryani,Biryani,1,220.00,0.00,11.00,0.00,231.00,220.00,UPI,Delivered
2026-02-27,SWG103474,Gulab Jamun,Desserts,1,90.00,9.00,4.05,20.00,105.05,81.00,Credit Card,Delivered
2026-02-27,SWG103475,Butter Naan,Breads,1,60.00,9.00,2.55,0.00,53.55,51.00,Credit Card,Delivered
2026-02-27,SWG103476,Paneer Tikka,Starters,2,460.00,0.00,23.00,40.00,523.00,460.00,Credit Card,Delivered
2026-02-27,SWG103477,Fried Rice,Rice & Noodles,1,170.00,0.00,8.50,30.00,208.50,170.00,Cash,Delivered
2026-02-27,SWG103478,Paneer Butter Masala,Main Course,2,480.00,72.00,20.40,0.00,428.40,408.00,Cash,Delivered
2026-02-27,SWG103479,Butter Naan,Breads,1,60.00,3.00,2.85,30.00,89.85,57.00,Debit Card,Delivered
2026-02-27,SWG103480,Veg Biryani,Biryani,1,180.00,9.00,8.55,30.00,209.55,171.00,Cash,Delivered
2026-02-27,SWG103481,Paneer Tikka,Starters,1,230.00,11.50,10.93,0.00,229.43,218.50,Credit Card,Delivered
2026-02-27,SWG103482,Paneer Tikka,Starters,1,230.00,23.00,10.35,30.00,247.35,207.00,Cash,Delivered
2026-02-27,SWG103483,Masala Dosa,South Indian,1,140.00,7.00,6.65,0.00,139.65,133.00,Debit Card,Delivered
2026-02-27,SWG103484,Masala Dosa,South Indian,1,140.00,7.00,6.65,40.00,179.65,133.00,Cash,Delivered
2026-02-27,SWG103485,Paneer Tikka,Starters,1,230.00,34.50,9.78,40.00,245.28,195.50,UPI,Delivered
2026-02-27,SWG103486,Paneer Tikka,Starters,2,460.00,23.00,21.85,30.00,488.85,437.00,Credit Card,Delivered
2026-02-27,SWG103487,Gulab Jamun,Desserts,3,270.00,27.00,12.15,40.00,295.15,243.00,Cash,Delivered
2026-02-28,SWG103488,Hakka Noodles,Rice & Noodles,1,180.00,0.00,9.00,0.00,189.00,180.00,Cash,Delivered
2026-02-28,SWG103489,Gulab Jamun,Desserts,1,90.00,4.50,4.28,20.00,109.78,85.50,Credit Card,Delivered
2026-02-28,SWG103490,Chicken Biryani,Biryani,2,440.00,44.00,19.80,20.00,435.80,396.00,Debit Card,Delivered
2026-02-28,SWG103491,Masala Dosa,South Indian,1,140.00,21.00,5.95,20.00,144.95,119.00,Debit Card,Delivered
2026-02-28,SWG103492,Paneer Tikka,Starters,2,460.00,23.00,21.85,40.00,498.85,437.00,Cash,Delivered
2026-02-28,SWG103493,Gulab Jamun,Desserts,2,180.00,0.00,9.00,20.00,209.00,180.00,Debit Card,Delivered
2026-02-28,SWG103494,Hakka Noodles,Rice & Noodles,1,180.00,9.00,8.55,40.00,219.55,171.00,Credit Card,Delivered
2026-02-28,SWG103495,Paneer Tikka,Starters,1,230.00,0.00,11.50,30.00,271.50,230.00,Credit Card,Delivered
2026-02-28,SWG103496,Veg Biryani,Biryani,1,180.00,18.00,8.10,0.00,170.10,162.00,UPI,Delivered
2026-02-28,SWG103497,Gulab Jamun,Desserts,1,90.00,9.00,4.05,30.00,115.05,81.00,Debit Card,Delivered
2026-02-28,SWG103498,Butter Naan,Breads,1,60.00,6.00,2.70,20.00,76.70,54.00,UPI,Delivered
2026-02-28,SWG103499,Chicken Biryani,Biryani,1,220.00,11.00,10.45,40.00,259.45,209.00,Debit Card,Delivered
2026-02-28,SWG103500,Paneer Tikka,Starters,1,230.00,34.50,9.78,40.00,245.28,195.50,Debit Card,Delivered
2026-02-28,SWG103501,Veg Biryani,Biryani,1,180.00,18.00,8.10,30.00,200.10,162.00,UPI,Delivered
2026-02-28,SWG103502,Paneer Tikka,Starters,1,230.00,0.00,11.50,40.00,281.50,230.00,Debit Card,Delivered
2026-02-28,SWG103503,Paneer Tikka,Starters,1,230.00,34.50,9.78,40.00,245.28,195.50,Cash,Delivered
2026-02-28,SWG103504,Veg Biryani,Biryani,1,180.00,0.00,9.00,30.00,219.00,180.00,UPI,Delivered
2026-02-28,SWG103505,Hakka Noodles,Rice & Noodles,1,180.00,0.00,9.00,0.00,189.00,180.00,Cash,Delivered
2026-02-28,SWG103506,Butter Naan,Breads,1,60.00,0.00,3.00,0.00,63.00,60.00,Debit Card,Delivered
2026-02-28,SWG103507,Chicken Tikka,Starters,1,260.00,39.00,11.05,40.00,272.05,221.00,Credit Card,Delivered
2026-03-01,SWG103508,Chicken Tikka,Starters,1,260.00,39.00,11.05,0.00,232.05,221.00,UPI,Delivered
2026-03-01,SWG103509,Veg Biryani,Biryani,1,180.00,27.00,7.65,30.00,190.65,153.00,Credit Card,Delivered
2026-03-01,SWG103510,Veg Biryani,Biryani,1,180.00,27.00,7.65,40.00,200.65,153.00,UPI,Delivered
2026-03-01,SWG103511,Paneer Tikka,Starters,1,230.00,0.00,11.50,20.00,261.50,230.00,Credit Card,Delivered
2026-03-01,SWG103512,Paneer Tikka,Starters,1,230.00,34.50,9.78,30.00,235.28,195.50,UPI,Delivered
2026-03-01,SWG103513,Hakka Noodles,Rice & Noodles,1,180.00,27.00,7.65,30.00,190.65,153.00,Debit Card,Delivered
2026-03-01,SWG103514,Gulab Jamun,Desserts,2,180.00,0.00,9.00,40.00,229.00,180.00,Credit Card,Delivered
2026-03-01,SWG103515,Gulab Jamun,Desserts,1,90.00,9.00,4.05,20.00,105.05,81.00,Cash,Delivered
2026-03-01,SWG103516,Paneer Tikka,Starters,1,230.00,23.00,10.35,30.00,247.35,207.00,Debit Card,Delivered
2026-03-01,SWG103517,Gulab Jamun,Desserts,1,90.00,0.00,4.50,40.00,134.50,90.00,Cash,Delivered
2026-03-01,SWG103518,Paneer Butter Masala,Main Course,1,240.00,36.00,10.20,40.00,254.20,204.00,Cash,Delivered
2026-03-01,SWG103519,Veg Biryani,Biryani,1,180.00,0.00,9.00,0.00,189.00,180.00,Credit Card,Delivered
2026-03-01,SWG103520,Gulab Jamun,Desserts,2,180.00,0.00,9.00,40.00,229.00,180.00,Credit Card,Delivered
2026-03-01,SWG103521,Hakka Noodles,Rice & Noodles,2,360.00,0.00,18.00,20.00,398.00,360.00,Credit Card,Delivered
2026-03-01,SWG103522,Paneer Tikka,Starters,1,230.00,11.50,10.93,20.00,249.43,218.50,Cash,Delivered
2026-03-01,SWG103523,Chicken Biryani,Biryani,1,220.00,22.00,9.90,30.00,237.90,198.00,Debit Card,Delivered
2026-03-01,SWG103524,Butter Naan,Breads,1,60.00,3.00,2.85,0.00,59.85,57.00,Credit Card,Delivered
2026-03-01,SWG103525,Chicken Tikka,Starters,1,260.00,0.00,13.00,0.00,273.00,260.00,Cash,Delivered
2026-03-01,SWG103526,Fried Rice,Rice & Noodles,1,170.00,25.50,7.23,20.00,171.73,144.50,Debit Card,Delivered
2026-03-01,SWG103527,Hakka Noodles,Rice & Noodles,1,180.00,0.00,9.00,30.00,219.00,180.00,Credit Card,Delivered
2026-03-01,SWG103528,Masala Dosa,South Indian,1,140.00,14.00,6.30,20.00,152.30,126.00,Credit Card,Delivered
2026-03-01,SWG103529,Paneer Butter Masala,Main Course,1,240.00,0.00,12.00,40.00,292.00,240.00,UPI,Delivered
2026-03-01,SWG103530,Paneer Tikka,Starters,1,230.00,23.00,10.35,20.00,237.35,207.00,Debit Card,Delivered
2026-03-01,SWG103531,Hakka Noodles,Rice & Noodles,1,180.00,0.00,9.00,0.00,189.00,180.00,Debit Card,Delivered
2026-03-01,SWG103532,Gulab Jamun,Desserts,2,180.00,9.00,8.55,0.00,179.55,171.00,Credit Card,Delivered
2026-03-02,SWG103533,Paneer Butter Masala,Main Course,1,240.00,12.00,11.40,40.00,279.40,228.00,UPI,Delivered
2026-03-02,SWG103534,Fried Rice,Rice & Noodles,2,340.00,17.00,16.15,0.00,339.15,323.00,UPI,Delivered
2026-03-02,SWG103535,Hakka Noodles,Rice & Noodles,1,180.00,0.00,9.00,40.00,229.00,180.00,Credit Card,Delivered
2026-03-02,SWG103536,Hakka Noodles,Rice & Noodles,1,180.00,27.00,7.65,20.00,180.65,153.00,Debit Card,Delivered
2026-03-02,SWG103537,Masala Dosa,South Indian,2,280.00,28.00,12.60,0.00,264.60,252.00,UPI,Delivered
2026-03-02,SWG103538,Fried Rice,Rice & Noodles,1,170.00,17.00,7.65,20.00,180.65,153.00,Cash,Delivered
2026-03-02,SWG103539,Masala Dosa,South Indian,1,140.00,21.00,5.95,0.00,124.95,119.00,UPI,Delivered
2026-03-02,SWG103540,Gulab Jamun,Desserts,2,180.00,27.00,7.65,0.00,160.65,153.00,Cash,Delivered
2026-03-02,SWG103541,Paneer Tikka,Starters,1,230.00,0.00,11.50,0.00,241.50,230.00,UPI,Delivered
2026-03-02,SWG103542,Veg Biryani,Biryani,1,180.00,27.00,7.65,0.00,160.65,153.00,Credit Card,Delivered
2026-03-02,SWG103543,Paneer Tikka,Starters,1,230.00,23.00,10.35,30.00,247.35,207.00,Debit Card,Delivered
2026-03-02,SWG103544,Gulab Jamun,Desserts,1,90.00,4.50,4.28,30.00,119.78,85.50,Cash,Delivered
2026-03-02,SWG103545,Chicken Biryani,Biryani,1,220.00,0.00,11.00,30.00,261.00,220.00,Credit Card,Delivered
2026-03-02,SWG103546,Masala Dosa,South Indian,1,140.00,14.00,6.30,20.00,152.30,126.00,UPI,Delivered
2026-03-02,SWG103547,Gulab Jamun,Desserts,1,90.00,4.50,4.28,20.00,109.78,85.50,Credit Card,Delivered
2026-03-02,SWG103548,Chicken Biryani,Biryani,1,220.00,22.00,9.90,40.00,247.90,198.00,UPI,Delivered
2026-03-02,SWG103549,Veg Biryani,Biryani,1,180.00,27.00,7.65,0.00,160.65,153.00,Debit Card,Delivered
2026-03-02,SWG103550,Veg Biryani,Biryani,1,180.00,9.00,8.55,30.00,209.55,171.00,Debit Card,Delivered
2026-03-02,SWG103551,Veg Biryani,Biryani,1,180.00,27.00,7.65,30.00,190.65,153.00,UPI,Delivered
2026-03-02,SWG103552,Hakka Noodles,Rice & Noodles,2,360.00,36.00,16.20,30.00,370.20,324.00,Credit Card,Delivered
2026-03-02,SWG103553,Paneer Tikka,Starters,2,460.00,46.00,20.70,20.00,454.70,414.00,Cash,Delivered
2026-03-02,SWG103554,Fried Rice,Rice & Noodles,1,170.00,17.00,7.65,30.00,190.65,153.00,Cash,Delivered
2026-03-02,SWG103555,Paneer Tikka,Starters,1,230.00,11.50,10.93,20.00,249.43,218.50,UPI,Delivered
2026-03-02,SWG103556,Paneer Tikka,Starters,1,230.00,34.50,9.78,40.00,245.28,195.50,UPI,Delivered
2026-03-03,SWG103557,Butter Naan,Breads,1,60.00,6.00,2.70,40.00,96.70,54.00,Credit Card,Delivered
2026-03-03,SWG103558,Butter Naan,Breads,1,60.00,6.00,2.70,20.00,76.70,54.00,Cash,Delivered
2026-03-03,SWG103559,Butter Naan,Breads,1,60.00,9.00,2.55,20.00,73.55,51.00,Cash,Delivered
2026-03-03,SWG103560,Paneer Tikka,Starters,1,230.00,34.50,9.78,40.00,245.28,195.50,Debit Card,Delivered
2026-03-03,SWG103561,Paneer Tikka,Starters,1,230.00,11.50,10.93,20.00,249.43,218.50,Cash,Delivered
2026-03-03,SWG103562,Paneer Tikka,Starters,1,230.00,34.50,9.78,40.00,245.28,195.50,Credit Card,Delivered
2026-03-03,SWG103563,Chicken Tikka,Starters,2,520.00,78.00,22.10,0.00,464.10,442.00,Credit Card,Delivered
2026-03-03,SWG103564,Masala Dosa,South Indian,1,140.00,0.00,7.00,30.00,177.00,140.00,Credit Card,Delivered
2026-03-03,SWG103565,Paneer Butter Masala,Main Course,1,240.00,12.00,11.40,0.00,239.40,228.00,Credit Card,Delivered
2026-03-03,SWG103566,Paneer Tikka,Starters,1,230.00,0.00,11.50,0.00,241.50,230.00,UPI,Delivered
2026-03-03,SWG103567,Fried Rice,Rice & Noodles,2,340.00,17.00,16.15,0.00,339.15,323.00,Debit Card,Delivered
2026-03-03,SWG103568,Veg Biryani,Biryani,2,360.00,36.00,16.20,0.00,340.20,324.00,UPI,Delivered
2026-03-03,SWG103569,Chicken Biryani,Biryani,1,220.00,33.00,9.35,30.00,226.35,187.00,Cash,Delivered
2026-03-03,SWG103570,Butter Naan,Breads,1,60.00,9.00,2.55,30.00,83.55,51.00,Cash,Delivered
2026-03-03,SWG103571,Masala Dosa,South Indian,1,140.00,7.00,6.65,30.00,169.65,133.00,Debit Card,Delivered
2026-03-04,SWG103572,Butter Naan,Breads,1,60.00,3.00,2.85,20.00,79.85,57.00,Credit Card,Delivered
2026-03-04,SWG103573,Chicken Biryani,Biryani,1,220.00,33.00,9.35,40.00,236.35,187.00,UPI,Delivered
2026-03-04,SWG103574,Gulab Jamun,Desserts,2,180.00,27.00,7.65,20.00,180.65,153.00,UPI,Delivered
2026-03-04,SWG103575,Chicken Tikka,Starters,1,260.00,13.00,12.35,0.00,259.35,247.00,Debit Card,Delivered
2026-03-04,SWG103576,Veg Biryani,Biryani,1,180.00,0.00,9.00,40.00,229.00,180.00,Cash,Delivered
2026-03-04,SWG103577,Paneer Butter Masala,Main Course,2,480.00,72.00,20.40,30.00,458.40,0.00,Credit Card,Cancelled
2026-03-04,SWG103578,Masala Dosa,South Indian,2,280.00,0.00,14.00,30.00,324.00,280.00,Debit Card,Delivered
2026-03-04,SWG103579,Fried Rice,Rice & Noodles,1,170.00,8.50,8.08,30.00,199.58,161.50,UPI,Delivered
2026-03-04,SWG103580,Veg Biryani,Biryani,1,180.00,18.00,8.10,40.00,210.10,162.00,UPI,Delivered
2026-03-04,SWG103581,Fried Rice,Rice & Noodles,1,170.00,8.50,8.08,20.00,189.58,161.50,Debit Card,Delivered
2026-03-04,SWG103582,Chicken Biryani,Biryani,1,220.00,0.00,11.00,20.00,251.00,220.00,Credit Card,Delivered
2026-03-04,SWG103583,Chicken Tikka,Starters,2,520.00,0.00,26.00,20.00,566.00,520.00,Credit Card,Delivered
2026-03-04,SWG103584,Veg Biryani,Biryani,1,180.00,9.00,8.55,30.00,209.55,171.00,Debit Card,Delivered
2026-03-05,SWG103585,Masala Dosa,South Indian,1,140.00,21.00,5.95,30.00,154.95,119.00,UPI,Delivered
2026-03-05,SWG103586,Masala Dosa,South Indian,1,140.00,0.00,7.00,40.00,187.00,140.00,Cash,Delivered
2026-03-05,SWG103587,Butter Naan,Breads,2,120.00,12.00,5.40,0.00,113.40,108.00,UPI,Delivered
2026-03-05,SWG103588,Fried Rice,Rice & Noodles,1,170.00,0.00,8.50,0.00,178.50,170.00,UPI,Delivered
2026-03-05,SWG103589,Hakka Noodles,Rice & Noodles,2,360.00,36.00,16.20,0.00,340.20,324.00,Credit Card,Delivered
2026-03-05,SWG103590,Butter Naan,Breads,2,120.00,12.00,5.40,0.00,113.40,108.00,Cash,Delivered
2026-03-05,SWG103591,Veg Biryani,Biryani,3,540.00,0.00,27.00,0.00,567.00,540.00,Debit Card,Delivered
2026-03-05,SWG103592,Hakka Noodles,Rice & Noodles,1,180.00,18.00,8.10,0.00,170.10,162.00,UPI,Delivered
2026-03-05,SWG103593,Chicken Tikka,Starters,2,520.00,78.00,22.10,30.00,494.10,442.00,Cash,Delivered
2026-03-05,SWG103594,Chicken Tikka,Starters,1,260.00,0.00,13.00,40.00,313.00,260.00,Cash,Delivered
2026-03-05,SWG103595,Fried Rice,Rice & Noodles,1,170.00,17.00,7.65,0.00,160.65,153.00,UPI,Delivered
2026-03-05,SWG103596,Masala Dosa,South Indian,1,140.00,14.00,6.30,0.00,132.30,126.00,UPI,Delivered
2026-03-05,SWG103597,Veg Biryani,Biryani,1,180.00,9.00,8.55,20.00,199.55,171.00,UPI,Delivered
2026-03-06,SWG103598,Paneer Tikka,Starters,2,460.00,0.00,23.00,20.00,503.00,460.00,Cash,Delivered
2026-03-06,SWG103599,Masala Dosa,South Indian,1,140.00,0.00,7.00,40.00,187.00,140.00,UPI,Delivered
2026-03-06,SWG103600,Butter Naan,Breads,1,60.00,3.00,2.85,30.00,89.85,57.00,Cash,Delivered
2026-03-06,SWG103601,Masala Dosa,South Indian,1,140.00,7.00,6.65,20.00,159.65,133.00,Debit Card,Delivered
2026-03-06,SWG103602,Paneer Tikka,Starters,1,230.00,0.00,11.50,20.00,261.50,230.00,Cash,Delivered
2026-03-06,SWG103603,Masala Dosa,South Indian,1,140.00,0.00,7.00,0.00,147.00,140.00,Cash,Delivered
2026-03-06,SWG103604,Fried Rice,Rice & Noodles,1,170.00,25.50,7.23,0.00,151.73,144.50,UPI,Delivered
2026-03-06,SWG103605,Paneer Butter Masala,Main Course,1,240.00,0.00,12.00,30.00,282.00,240.00,UPI,Delivered
2026-03-06,SWG103606,Paneer Butter Masala,Main Course,1,240.00,12.00,11.40,40.00,279.40,228.00,UPI,Delivered
2026-03-06,SWG103607,Chicken Tikka,Starters,1,260.00,26.00,11.70,0.00,245.70,234.00,Cash,Delivered
2026-03-06,SWG103608,Veg Biryani,Biryani,1,180.00,0.00,9.00,0.00,189.00,180.00,Cash,Delivered
2026-03-06,SWG103609,Chicken Biryani,Biryani,1,220.00,33.00,9.35,20.00,216.35,187.00,Debit Card,Delivered
2026-03-06,SWG103610,Veg Biryani,Biryani,1,180.00,27.00,7.65,0.00,160.65,153.00,Debit Card,Delivered
2026-03-06,SWG103611,Chicken Tikka,Starters,1,260.00,26.00,11.70,40.00,285.70,234.00,UPI,Delivered
2026-03-06,SWG103612,Hakka Noodles,Rice & Noodles,1,180.00,9.00,8.55,20.00,199.55,171.00,UPI,Delivered
2026-03-06,SWG103613,Masala Dosa,South Indian,1,140.00,0.00,7.00,30.00,177.00,140.00,Debit Card,Delivered
2026-03-06,SWG103614,Paneer Tikka,Starters,2,460.00,69.00,19.55,40.00,450.55,0.00,Credit Card,Cancelled
2026-03-06,SWG103615,Paneer Tikka,Starters,1,230.00,23.00,10.35,40.00,257.35,207.00,Debit Card,Delivered
2026-03-06,SWG103616,Veg Biryani,Biryani,3,540.00,27.00,25.65,40.00,578.65,513.00,Debit Card,Delivered
2026-03-06,SWG103617,Chicken Biryani,Biryani,1,220.00,33.00,9.35,40.00,236.35,187.00,Cash,Delivered
2026-03-07,SWG103618,Hakka Noodles,Rice & Noodles,1,180.00,18.00,8.10,0.00,170.10,162.00,UPI,Delivered
2026-03-07,SWG103619,Paneer Tikka,Starters,1,230.00,34.50,9.78,0.00,205.28,195.50,Credit Card,Delivered
2026-03-07,SWG103620,Hakka Noodles,Rice & Noodles,2,360.00,0.00,18.00,40.00,418.00,360.00,UPI,Delivered
2026-03-07,SWG103621,Gulab Jamun,Desserts,1,90.00,0.00,4.50,0.00,94.50,90.00,UPI,Delivered
2026-03-07,SWG103622,Gulab Jamun,Desserts,1,90.00,4.50,4.28,0.00,89.78,85.50,Credit Card,Delivered
2026-03-07,SWG103623,Chicken Biryani,Biryani,1,220.00,11.00,10.45,0.00,219.45,209.00,Debit Card,Delivered
2026-03-07,SWG103624,Butter Naan,Breads,1,60.00,9.00,2.55,30.00,83.55,51.00,Debit Card,Delivered
2026-03-07,SWG103625,Veg Biryani,Biryani,2,360.00,18.00,17.10,40.00,399.10,342.00,Cash,Delivered
2026-03-07,SWG103626,Chicken Biryani,Biryani,1,220.00,33.00,9.35,30.00,226.35,187.00,Cash,Delivered
2026-03-07,SWG103627,Masala Dosa,South Indian,1,140.00,14.00,6.30,30.00,162.30,0.00,Credit Card,Cancelled
2026-03-07,SWG103628,Chicken Biryani,Biryani,1,220.00,22.00,9.90,30.00,237.90,198.00,Credit Card,Delivered
2026-03-07,SWG103629,Hakka Noodles,Rice & Noodles,1,180.00,0.00,9.00,0.00,189.00,180.00,Cash,Delivered
2026-03-07,SWG103630,Chicken Tikka,Starters,1,260.00,13.00,12.35,30.00,289.35,247.00,Debit Card,Delivered
2026-03-07,SWG103631,Chicken Tikka,Starters,1,260.00,39.00,11.05,20.00,252.05,221.00,Debit Card,Delivered
2026-03-07,SWG103632,Butter Naan,Breads,1,60.00,9.00,2.55,0.00,53.55,51.00,Cash,Delivered
2026-03-07,SWG103633,Paneer Tikka,Starters,1,230.00,34.50,9.78,0.00,205.28,195.50,Credit Card,Delivered
2026-03-07,SWG103634,Masala Dosa,South Indian,1,140.00,0.00,7.00,40.00,187.00,140.00,Cash,Delivered
2026-03-08,SWG103635,Paneer Tikka,Starters,2,460.00,69.00,19.55,0.00,410.55,391.00,Debit Card,Delivered
2026-03-08,SWG103636,Paneer Butter Masala,Main Course,1,240.00,24.00,10.80,0.00,226.80,216.00,Credit Card,Delivered
2026-03-08,SWG103637,Chicken Biryani,Biryani,1,220.00,11.00,10.45,0.00,219.45,209.00,UPI,Delivered
2026-03-08,SWG103638,Chicken Tikka,Starters,1,260.00,26.00,11.70,40.00,285.70,234.00,Debit Card,Delivered
2026-03-08,SWG103639,Butter Naan,Breads,1,60.00,6.00,2.70,0.00,56.70,54.00,Debit Card,Delivered
2026-03-08,SWG103640,Masala Dosa,South Indian,1,140.00,14.00,6.30,0.00,132.30,126.00,Debit Card,Delivered
2026-03-08,SWG103641,Chicken Tikka,Starters,1,260.00,26.00,11.70,40.00,285.70,234.00,Debit Card,Delivered
2026-03-08,SWG103642,Fried Rice,Rice & Noodles,1,170.00,0.00,8.50,40.00,218.50,170.00,Debit Card,Delivered
2026-03-08,SWG103643,Paneer Tikka,Starters,1,230.00,34.50,9.78,30.00,235.28,195.50,UPI,Delivered
2026-03-08,SWG103644,Hakka Noodles,Rice & Noodles,1,180.00,18.00,8.10,40.00,210.10,162.00,Cash,Delivered
2026-03-08,SWG103645,Paneer Tikka,Starters,1,230.00,0.00,11.50,30.00,271.50,230.00,UPI,Delivered
2026-03-08,SWG103646,Butter Naan,Breads,3,180.00,27.00,7.65,40.00,200.65,153.00,UPI,Delivered
2026-03-08,SWG103647,Hakka Noodles,Rice & Noodles,1,180.00,0.00,9.00,0.00,189.00,180.00,Credit Card,Delivered
2026-03-08,SWG103648,Chicken Biryani,Biryani,1,220.00,33.00,9.35,40.00,236.35,187.00,Credit Card,Delivered
2026-03-08,SWG103649,Butter Naan,Breads,1,60.00,9.00,2.55,20.00,73.55,51.00,Credit Card,Delivered
2026-03-08,SWG103650,Veg Biryani,Biryani,1,180.00,27.00,7.65,30.00,190.65,153.00,Credit Card,Delivered
2026-03-08,SWG103651,Hakka Noodles,Rice & Noodles,2,360.00,36.00,16.20,20.00,360.20,324.00,Cash,Delivered
2026-03-08,SWG103652,Fried Rice,Rice & Noodles,1,170.00,8.50,8.08,30.00,199.58,161.50,Cash,Delivered
2026-03-08,SWG103653,Veg Biryani,Biryani,1,180.00,9.00,8.55,20.00,199.55,171.00,Debit Card,Delivered
2026-03-08,SWG103654,Butter Naan,Breads,1,60.00,3.00,2.85,20.00,79.85,57.00,UPI,Delivered
2026-03-08,SWG103655,Masala Dosa,South Indian,1,140.00,0.00,7.00,0.00,147.00,140.00,Credit Card,Delivered
2026-03-08,SWG103656,Veg Biryani,Biryani,2,360.00,18.00,17.10,30.00,389.10,342.00,Credit Card,Delivered
2026-03-08,SWG103657,Masala Dosa,South Indian,1,140.00,0.00,7.00,20.00,167.00,140.00,UPI,Delivered
2026-03-08,SWG103658,Fried Rice,Rice & Noodles,1,170.00,17.00,7.65,0.00,160.65,153.00,Debit Card,Delivered
2026-03-09,SWG103659,Chicken Tikka,Starters,1,260.00,39.00,11.05,0.00,232.05,221.00,Cash,Delivered
2026-03-09,SWG103660,Chicken Tikka,Starters,1,260.00,0.00,13.00,20.00,293.00,260.00,Credit Card,Delivered
2026-03-09,SWG103661,Paneer Butter Masala,Main Course,1,240.00,36.00,10.20,30.00,244.20,0.00,Credit Card,Cancelled
2026-03-09,SWG103662,Butter Naan,Breads,1,60.00,9.00,2.55,20.00,73.55,51.00,Cash,Delivered
2026-03-09,SWG103663,Fried Rice,Rice & Noodles,1,170.00,8.50,8.08,20.00,189.58,161.50,Cash,Delivered
2026-03-09,SWG103664,Hakka Noodles,Rice & Noodles,1,180.00,0.00,9.00,40.00,229.00,180.00,Debit Card,Delivered
2026-03-09,SWG103665,Fried Rice,Rice & Noodles,1,170.00,25.50,7.23,0.00,151.73,144.50,Debit Card,Delivered
2026-03-09,SWG103666,Chicken Biryani,Biryani,1,220.00,0.00,11.00,30.00,261.00,220.00,Credit Card,Delivered
2026-03-09,SWG103667,Gulab Jamun,Desserts,1,90.00,9.00,4.05,20.00,105.05,81.00,UPI,Delivered
2026-03-09,SWG103668,Chicken Biryani,Biryani,1,220.00,22.00,9.90,0.00,207.90,198.00,Cash,Delivered
2026-03-09,SWG103669,Masala Dosa,South Indian,1,140.00,21.00,5.95,40.00,164.95,119.00,Debit Card,Delivered
2026-03-09,SWG103670,Hakka Noodles,Rice & Noodles,1,180.00,27.00,7.65,40.00,200.65,153.00,UPI,Delivered
2026-03-09,SWG103671,Paneer Tikka,Starters,2,460.00,0.00,23.00,0.00,483.00,460.00,Cash,Delivered
2026-03-09,SWG103672,Veg Biryani,Biryani,2,360.00,36.00,16.20,40.00,380.20,324.00,Debit Card,Delivered
2026-03-09,SWG103673,Paneer Tikka,Starters,1,230.00,23.00,10.35,40.00,257.35,207.00,Cash,Delivered
2026-03-09,SWG103674,Gulab Jamun,Desserts,1,90.00,4.50,4.28,40.00,129.78,85.50,Debit Card,Delivered
2026-03-10,SWG103675,Paneer Butter Masala,Main Course,1,240.00,36.00,10.20,0.00,214.20,204.00,Debit Card,Delivered
2026-03-10,SWG103676,Chicken Tikka,Starters,1,260.00,26.00,11.70,20.00,265.70,234.00,Cash,Delivered
2026-03-10,SWG103677,Paneer Tikka,Starters,1,230.00,11.50,10.93,20.00,249.43,218.50,Debit Card,Delivered
2026-03-10,SWG103678,Paneer Tikka,Starters,1,230.00,0.00,11.50,20.00,261.50,230.00,UPI,Delivered
2026-03-10,SWG103679,Paneer Butter Masala,Main Course,1,240.00,24.00,10.80,30.00,256.80,216.00,UPI,Delivered
2026-03-10,SWG103680,Chicken Biryani,Biryani,1,220.00,11.00,10.45,40.00,259.45,209.00,Credit Card,Delivered
2026-03-10,SWG103681,Butter Naan,Breads,2,120.00,12.00,5.40,40.00,153.40,108.00,Credit Card,Delivered
2026-03-10,SWG103682,Chicken Tikka,Starters,1,260.00,39.00,11.05,40.00,272.05,221.00,Credit Card,Delivered
2026-03-10,SWG103683,Butter Naan,Breads,1,60.00,9.00,2.55,0.00,53.55,51.00,Debit Card,Delivered
2026-03-10,SWG103684,Paneer Butter Masala,Main Course,1,240.00,0.00,12.00,40.00,292.00,240.00,Credit Card,Delivered
2026-03-10,SWG103685,Masala Dosa,South Indian,1,140.00,14.00,6.30,40.00,172.30,126.00,Debit Card,Delivered
2026-03-10,SWG103686,Paneer Tikka,Starters,1,230.00,23.00,10.35,40.00,257.35,207.00,Debit Card,Delivered
2026-03-10,SWG103687,Gulab Jamun,Desserts,2,180.00,27.00,7.65,20.00,180.65,153.00,Credit Card,Delivered
2026-03-10,SWG103688,Chicken Biryani,Biryani,2,440.00,66.00,18.70,20.00,412.70,374.00,UPI,Delivered
2026-03-10,SWG103689,Chicken Biryani,Biryani,2,440.00,0.00,22.00,20.00,482.00,440.00,Cash,Delivered
2026-03-10,SWG103690,Paneer Tikka,Starters,1,230.00,0.00,11.50,40.00,281.50,230.00,Debit Card,Delivered
2026-03-10,SWG103691,Fried Rice,Rice & Noodles,1,170.00,25.50,7.23,30.00,181.73,144.50,Cash,Delivered
2026-03-10,SWG103692,Chicken Tikka,Starters,1,260.00,26.00,11.70,40.00,285.70,234.00,Credit Card,Delivered
2026-03-10,SWG103693,Masala Dosa,South Indian,1,140.00,14.00,6.30,0.00,132.30,126.00,Cash,Delivered
2026-03-10,SWG103694,Hakka Noodles,Rice & Noodles,1,180.00,27.00,7.65,20.00,180.65,153.00,UPI,Delivered
2026-03-11,SWG103695,Chicken Tikka,Starters,1,260.00,39.00,11.05,30.00,262.05,221.00,UPI,Delivered
2026-03-11,SWG103696,Butter Naan,Breads,1,60.00,6.00,2.70,30.00,86.70,54.00,Cash,Delivered
2026-03-11,SWG103697,Masala Dosa,South Indian,1,140.00,7.00,6.65,20.00,159.65,133.00,Cash,Delivered
2026-03-11,SWG103698,Chicken Biryani,Biryani,1,220.00,11.00,10.45,30.00,249.45,209.00,UPI,Delivered
2026-03-11,SWG103699,Paneer Butter Masala,Main Course,1,240.00,12.00,11.40,40.00,279.40,228.00,Debit Card,Delivered
2026-03-11,SWG103700,Masala Dosa,South Indian,1,140.00,7.00,6.65,40.00,179.65,133.00,UPI,Delivered
2026-03-11,SWG103701,Chicken Tikka,Starters,1,260.00,13.00,12.35,0.00,259.35,0.00,Debit Card,Cancelled
2026-03-11,SWG103702,Paneer Butter Masala,Main Course,1,240.00,0.00,12.00,40.00,292.00,240.00,Cash,Delivered
2026-03-11,SWG103703,Gulab Jamun,Desserts,1,90.00,13.50,3.83,20.00,100.33,76.50,Debit Card,Delivered
2026-03-11,SWG103704,Butter Naan,Breads,1,60.00,0.00,3.00,20.00,83.00,60.00,Debit Card,Delivered
2026-03-11,SWG103705,Hakka Noodles,Rice & Noodles,1,180.00,18.00,8.10,0.00,170.10,162.00,Debit Card,Delivered
2026-03-11,SWG103706,Paneer Tikka,Starters,2,460.00,69.00,19.55,30.00,440.55,0.00,UPI,Cancelled
2026-03-11,SWG103707,Gulab Jamun,Desserts,1,90.00,4.50,4.28,30.00,119.78,85.50,Debit Card,Delivered
2026-03-12,SWG103708,Hakka Noodles,Rice & Noodles,1,180.00,27.00,7.65,0.00,160.65,153.00,Debit Card,Delivered
2026-03-12,SWG103709,Masala Dosa,South Indian,1,140.00,0.00,7.00,20.00,167.00,140.00,Debit Card,Delivered
2026-03-12,SWG103710,Hakka Noodles,Rice & Noodles,1,180.00,9.00,8.55,30.00,209.55,171.00,UPI,Delivered
2026-03-12,SWG103711,Fried Rice,Rice & Noodles,1,170.00,17.00,7.65,20.00,180.65,153.00,UPI,Delivered
2026-03-12,SWG103712,Gulab Jamun,Desserts,1,90.00,13.50,3.83,40.00,120.33,76.50,Cash,Delivered
2026-03-12,SWG103713,Fried Rice,Rice & Noodles,1,170.00,17.00,7.65,0.00,160.65,153.00,UPI,Delivered
2026-03-12,SWG103714,Hakka Noodles,Rice & Noodles,2,360.00,36.00,16.20,20.00,360.20,324.00,Credit Card,Delivered
2026-03-12,SWG103715,Gulab Jamun,Desserts,1,90.00,13.50,3.83,30.00,110.33,76.50,Cash,Delivered
2026-03-12,SWG103716,Butter Naan,Breads,1,60.00,3.00,2.85,20.00,79.85,0.00,Cash,Cancelled
2026-03-12,SWG103717,Chicken Biryani,Biryani,1,220.00,22.00,9.90,40.00,247.90,198.00,Debit Card,Delivered
2026-03-12,SWG103718,Butter Naan,Breads,1,60.00,9.00,2.55,30.00,83.55,51.00,Credit Card,Delivered
2026-03-12,SWG103719,Paneer Butter Masala,Main Course,2,480.00,72.00,20.40,20.00,448.40,408.00,Cash,Delivered
2026-03-12,SWG103720,Paneer Tikka,Starters,1,230.00,11.50,10.93,0.00,229.43,218.50,UPI,Delivered
2026-03-13,SWG103721,Fried Rice,Rice & Noodles,1,170.00,8.50,8.08,30.00,199.58,161.50,Cash,Delivered
2026-03-13,SWG103722,Chicken Tikka,Starters,2,520.00,52.00,23.40,40.00,531.40,468.00,UPI,Delivered
2026-03-13,SWG103723,Paneer Tikka,Starters,2,460.00,23.00,21.85,20.00,478.85,437.00,Credit Card,Delivered
2026-03-13,SWG103724,Veg Biryani,Biryani,1,180.00,0.00,9.00,40.00,229.00,180.00,UPI,Delivered
2026-03-13,SWG103725,Butter Naan,Breads,2,120.00,6.00,5.70,40.00,159.70,114.00,UPI,Delivered
2026-03-13,SWG103726,Chicken Biryani,Biryani,1,220.00,33.00,9.35,30.00,226.35,187.00,Cash,Delivered
2026-03-13,SWG103727,Chicken Biryani,Biryani,1,220.00,22.00,9.90,40.00,247.90,0.00,Debit Card,Cancelled
2026-03-13,SWG103728,Masala Dosa,South Indian,1,140.00,21.00,5.95,40.00,164.95,119.00,Debit Card,Delivered
2026-03-13,SWG103729,Veg Biryani,Biryani,1,180.00,0.00,9.00,0.00,189.00,180.00,Credit Card,Delivered
2026-03-13,SWG103730,Fried Rice,Rice & Noodles,1,170.00,17.00,7.65,0.00,160.65,153.00,UPI,Delivered
2026-03-13,SWG103731,Hakka Noodles,Rice & Noodles,1,180.00,18.00,8.10,40.00,210.10,162.00,Credit Card,Delivered
2026-03-13,SWG103732,Hakka Noodles,Rice & Noodles,1,180.00,27.00,7.65,40.00,200.65,153.00,UPI,Delivered
2026-03-13,SWG103733,Butter Naan,Breads,3,180.00,27.00,7.65,40.00,200.65,153.00,Credit Card,Delivered
2026-03-13,SWG103734,Gulab Jamun,Desserts,1,90.00,0.00,4.50,20.00,114.50,90.00,UPI,Delivered
2026-03-13,SWG103735,Chicken Tikka,Starters,1,260.00,0.00,13.00,20.00,293.00,260.00,Cash,Delivered
2026-03-13,SWG103736,Paneer Butter Masala,Main Course,1,240.00,12.00,11.40,0.00,239.40,228.00,Cash,Delivered
2026-03-13,SWG103737,Chicken Biryani,Biryani,2,440.00,66.00,18.70,0.00,392.70,374.00,UPI,Delivered
2026-03-13,SWG103738,Fried Rice,Rice & Noodles,1,170.00,8.50,8.08,40.00,209.58,161.50,Credit Card,Delivered
2026-03-13,SWG103739,Paneer Tikka,Starters,1,230.00,11.50,10.93,20.00,249.43,218.50,Cash,Delivered
2026-03-14,SWG103740,Fried Rice,Rice & Noodles,2,340.00,17.00,16.15,30.00,369.15,323.00,Cash,Delivered
2026-03-14,SWG103741,Chicken Tikka,Starters,1,260.00,39.00,11.05,20.00,252.05,0.00,Credit Card,Cancelled
2026-03-14,SWG103742,Chicken Tikka,Starters,1,260.00,39.00,11.05,0.00,232.05,221.00,Cash,Delivered
2026-03-14,SWG103743,Veg Biryani,Biryani,1,180.00,9.00,8.55,20.00,199.55,171.00,Debit Card,Delivered
2026-03-14,SWG103744,Chicken Tikka,Starters,1,260.00,26.00,11.70,40.00,285.70,234.00,UPI,Delivered
2026-03-14,SWG103745,Chicken Tikka,Starters,1,260.00,0.00,13.00,40.00,313.00,260.00,Credit Card,Delivered
2026-03-14,SWG103746,Hakka Noodles,Rice & Noodles,1,180.00,18.00,8.10,30.00,200.10,162.00,Debit Card,Delivered
2026-03-14,SWG103747,Hakka Noodles,Rice & Noodles,1,180.00,0.00,9.00,0.00,189.00,180.00,Debit Card,Delivered
2026-03-14,SWG103748,Fried Rice,Rice & Noodles,3,510.00,0.00,25.50,20.00,555.50,510.00,Debit Card,Delivered
2026-03-14,SWG103749,Chicken Biryani,Biryani,1,220.00,33.00,9.35,0.00,196.35,187.00,Cash,Delivered
2026-03-14,SWG103750,Hakka Noodles,Rice & Noodles,1,180.00,0.00,9.00,40.00,229.00,180.00,Cash,Delivered
2026-03-14,SWG103751,Gulab Jamun,Desserts,1,90.00,0.00,4.50,20.00,114.50,90.00,Debit Card,Delivered
2026-03-14,SWG103752,Masala Dosa,South Indian,1,140.00,14.00,6.30,30.00,162.30,126.00,Cash,Delivered
2026-03-14,SWG103753,Gulab Jamun,Desserts,2,180.00,0.00,9.00,20.00,209.00,180.00,Cash,Delivered
2026-03-14,SWG103754,Paneer Tikka,Starters,3,690.00,0.00,34.50,0.00,724.50,690.00,Credit Card,Delivered
2026-03-14,SWG103755,Gulab Jamun,Desserts,1,90.00,4.50,4.28,40.00,129.78,85.50,Credit Card,Delivered
2026-03-14,SWG103756,Paneer Butter Masala,Main Course,1,240.00,36.00,10.20,30.00,244.20,204.00,Credit Card,Delivered
2026-03-14,SWG103757,Gulab Jamun,Desserts,2,180.00,9.00,8.55,40.00,219.55,171.00,Cash,Delivered
2026-03-14,SWG103758,Hakka Noodles,Rice & Noodles,2,360.00,18.00,17.10,0.00,359.10,342.00,UPI,Delivered
2026-03-15,SWG103759,Chicken Tikka,Starters,1,260.00,26.00,11.70,20.00,265.70,0.00,Credit Card,Cancelled
2026-03-15,SWG103760,Veg Biryani,Biryani,1,180.00,0.00,9.00,40.00,229.00,180.00,Debit Card,Delivered
2026-03-15,SWG103761,Paneer Butter Masala,Main Course,1,240.00,24.00,10.80,20.00,246.80,216.00,Cash,Delivered
2026-03-15,SWG103762,Chicken Biryani,Biryani,2,440.00,22.00,20.90,30.00,468.90,418.00,Cash,Delivered
2026-03-15,SWG103763,Fried Rice,Rice & Noodles,1,170.00,25.50,7.23,20.00,171.73,144.50,Debit Card,Delivered
2026-03-15,SWG103764,Gulab Jamun,Desserts,1,90.00,9.00,4.05,0.00,85.05,81.00,Cash,Delivered
2026-03-15,SWG103765,Masala Dosa,South Indian,1,140.00,0.00,7.00,40.00,187.00,140.00,UPI,Delivered
2026-03-15,SWG103766,Chicken Tikka,Starters,1,260.00,13.00,12.35,20.00,279.35,247.00,UPI,Delivered
2026-03-15,SWG103767,Paneer Tikka,Starters,1,230.00,0.00,11.50,30.00,271.50,230.00,UPI,Delivered
2026-03-15,SWG103768,Veg Biryani,Biryani,2,360.00,36.00,16.20,30.00,370.20,324.00,Cash,Delivered
2026-03-15,SWG103769,Chicken Biryani,Biryani,1,220.00,22.00,9.90,20.00,227.90,198.00,Cash,Delivered
2026-03-15,SWG103770,Masala Dosa,South Indian,1,140.00,7.00,6.65,20.00,159.65,133.00,Debit Card,Delivered
2026-03-15,SWG103771,Veg Biryani,Biryani,3,540.00,0.00,27.00,20.00,587.00,540.00,Debit Card,Delivered
2026-03-15,SWG103772,Chicken Biryani,Biryani,1,220.00,33.00,9.35,20.00,216.35,187.00,Credit Card,Delivered
2026-03-15,SWG103773,Paneer Tikka,Starters,1,230.00,34.50,9.78,0.00,205.28,195.50,Cash,Delivered
2026-03-15,SWG103774,Paneer Tikka,Starters,1,230.00,0.00,11.50,0.00,241.50,230.00,Debit Card,Delivered
2026-03-15,SWG103775,Paneer Tikka,Starters,2,460.00,46.00,20.70,20.00,454.70,414.00,UPI,Delivered
2026-03-16,SWG103776,Butter Naan,Breads,1,60.00,3.00,2.85,30.00,89.85,57.00,UPI,Delivered
2026-03-16,SWG103777,Paneer Butter Masala,Main Course,2,480.00,24.00,22.80,40.00,518.80,0.00,Credit Card,Cancelled
2026-03-16,SWG103778,Paneer Tikka,Starters,1,230.00,0.00,11.50,0.00,241.50,230.00,Cash,Delivered
2026-03-16,SWG103779,Gulab Jamun,Desserts,1,90.00,4.50,4.28,30.00,119.78,85.50,Cash,Delivered
2026-03-16,SWG103780,Paneer Butter Masala,Main Course,1,240.00,0.00,12.00,20.00,272.00,240.00,Debit Card,Delivered
2026-03-16,SWG103781,Paneer Butter Masala,Main Course,1,240.00,36.00,10.20,30.00,244.20,204.00,Debit Card,Delivered
2026-03-16,SWG103782,Butter Naan,Breads,2,120.00,18.00,5.10,0.00,107.10,102.00,Cash,Delivered
2026-03-16,SWG103783,Veg Biryani,Biryani,1,180.00,9.00,8.55,40.00,219.55,171.00,Debit Card,Delivered
2026-03-16,SWG103784,Paneer Tikka,Starters,2,460.00,46.00,20.70,30.00,464.70,414.00,Credit Card,Delivered
2026-03-16,SWG103785,Butter Naan,Breads,1,60.00,9.00,2.55,40.00,93.55,51.00,Debit Card,Delivered
2026-03-16,SWG103786,Paneer Butter Masala,Main Course,1,240.00,0.00,12.00,0.00,252.00,240.00,Debit Card,Delivered
2026-03-16,SWG103787,Chicken Biryani,Biryani,3,660.00,66.00,29.70,30.00,653.70,594.00,Credit Card,Delivered
2026-03-16,SWG103788,Masala Dosa,South Indian,2,280.00,28.00,12.60,40.00,304.60,252.00,Credit Card,Delivered
2026-03-16,SWG103789,Hakka Noodles,Rice & Noodles,2,360.00,18.00,17.10,0.00,359.10,342.00,Credit Card,Delivered
2026-03-16,SWG103790,Veg Biryani,Biryani,1,180.00,18.00,8.10,30.00,200.10,162.00,UPI,Delivered
2026-03-16,SWG103791,Chicken Tikka,Starters,1,260.00,26.00,11.70,20.00,265.70,234.00,UPI,Delivered
2026-03-16,SWG103792,Paneer Butter Masala,Main Course,1,240.00,36.00,10.20,40.00,254.20,204.00,Debit Card,Delivered
2026-03-16,SWG103793,Veg Biryani,Biryani,1,180.00,0.00,9.00,30.00,219.00,180.00,Debit Card,Delivered
2026-03-16,SWG103794,Masala Dosa,South Indian,1,140.00,21.00,5.95,40.00,164.95,119.00,Credit Card,Delivered
2026-03-16,SWG103795,Chicken Biryani,Biryani,1,220.00,22.00,9.90,0.00,207.90,198.00,Cash,Delivered
2026-03-16,SWG103796,Veg Biryani,Biryani,1,180.00,9.00,8.55,0.00,179.55,171.00,UPI,Delivered
2026-03-16,SWG103797,Masala Dosa,South Indian,1,140.00,21.00,5.95,40.00,164.95,119.00,UPI,Delivered
2026-03-16,SWG103798,Chicken Biryani,Biryani,1,220.00,0.00,11.00,40.00,271.00,220.00,Cash,Delivered
2026-03-17,SWG103799,Hakka Noodles,Rice & Noodles,1,180.00,18.00,8.10,20.00,190.10,162.00,Cash,Delivered
2026-03-17,SWG103800,Chicken Biryani,Biryani,1,220.00,0.00,11.00,20.00,251.00,220.00,Credit Card,Delivered
2026-03-17,SWG103801,Veg Biryani,Biryani,2,360.00,0.00,18.00,30.00,408.00,360.00,Credit Card,Delivered
2026-03-17,SWG103802,Veg Biryani,Biryani,1,180.00,0.00,9.00,0.00,189.00,180.00,UPI,Delivered
2026-03-17,SWG103803,Butter Naan,Breads,3,180.00,27.00,7.65,30.00,190.65,0.00,Debit Card,Cancelled
2026-03-17,SWG103804,Chicken Biryani,Biryani,1,220.00,11.00,10.45,20.00,239.45,209.00,UPI,Delivered
2026-03-17,SWG103805,Paneer Butter Masala,Main Course,1,240.00,12.00,11.40,0.00,239.40,228.00,Cash,Delivered
2026-03-17,SWG103806,Chicken Biryani,Biryani,1,220.00,0.00,11.00,30.00,261.00,220.00,Credit Card,Delivered
2026-03-17,SWG103807,Chicken Biryani,Biryani,1,220.00,33.00,9.35,40.00,236.35,187.00,Credit Card,Delivered
2026-03-17,SWG103808,Hakka Noodles,Rice & Noodles,1,180.00,9.00,8.55,20.00,199.55,171.00,UPI,Delivered
2026-03-17,SWG103809,Chicken Tikka,Starters,1,260.00,13.00,12.35,20.00,279.35,247.00,UPI,Delivered
2026-03-17,SWG103810,Chicken Tikka,Starters,1,260.00,0.00,13.00,0.00,273.00,260.00,UPI,Delivered
2026-03-17,SWG103811,Paneer Butter Masala,Main Course,1,240.00,12.00,11.40,30.00,269.40,228.00,Credit Card,Delivered
2026-03-17,SWG103812,Veg Biryani,Biryani,1,180.00,9.00,8.55,20.00,199.55,171.00,Debit Card,Delivered
2026-03-17,SWG103813,Butter Naan,Breads,1,60.00,0.00,3.00,20.00,83.00,60.00,Debit Card,Delivered
2026-03-17,SWG103814,Chicken Tikka,Starters,2,520.00,78.00,22.10,30.00,494.10,442.00,Credit Card,Delivered
2026-03-17,SWG103815,Masala Dosa,South Indian,1,140.00,21.00,5.95,30.00,154.95,119.00,Debit Card,Delivered
2026-03-17,SWG103816,Gulab Jamun,Desserts,1,90.00,0.00,4.50,20.00,114.50,90.00,Cash,Delivered
2026-03-17,SWG103817,Paneer Tikka,Starters,1,230.00,11.50,10.93,0.00,229.43,218.50,Debit Card,Delivered
2026-03-17,SWG103818,Veg Biryani,Biryani,1,180.00,27.00,7.65,40.00,200.65,153.00,Credit Card,Delivered
2026-03-17,SWG103819,Masala Dosa,South Indian,1,140.00,14.00,6.30,20.00,152.30,126.00,Credit Card,Delivered
2026-03-17,SWG103820,Chicken Tikka,Starters,1,260.00,0.00,13.00,30.00,303.00,260.00,Cash,Delivered
2026-03-17,SWG103821,Paneer Tikka,Starters,1,230.00,23.00,10.35,0.00,217.35,207.00,Cash,Delivered
2026-03-18,SWG103822,Veg Biryani,Biryani,2,360.00,0.00,18.00,40.00,418.00,360.00,UPI,Delivered
2026-03-18,SWG103823,Masala Dosa,South Indian,1,140.00,14.00,6.30,20.00,152.30,126.00,Debit Card,Delivered
2026-03-18,SWG103824,Butter Naan,Breads,1,60.00,9.00,2.55,30.00,83.55,51.00,Cash,Delivered
2026-03-18,SWG103825,Paneer Tikka,Starters,1,230.00,11.50,10.93,30.00,259.43,218.50,Cash,Delivered
2026-03-18,SWG103826,Butter Naan,Breads,2,120.00,12.00,5.40,20.00,133.40,108.00,Credit Card,Delivered
2026-03-18,SWG103827,Paneer Tikka,Starters,1,230.00,11.50,10.93,30.00,259.43,218.50,Cash,Delivered
2026-03-18,SWG103828,Paneer Butter Masala,Main Course,1,240.00,36.00,10.20,40.00,254.20,204.00,Credit Card,Delivered
2026-03-18,SWG103829,Chicken Tikka,Starters,1,260.00,26.00,11.70,40.00,285.70,234.00,Cash,Delivered
2026-03-18,SWG103830,Veg Biryani,Biryani,1,180.00,0.00,9.00,40.00,229.00,180.00,Cash,Delivered
2026-03-18,SWG103831,Hakka Noodles,Rice & Noodles,1,180.00,27.00,7.65,20.00,180.65,153.00,UPI,Delivered
2026-03-18,SWG103832,Paneer Tikka,Starters,1,230.00,11.50,10.93,0.00,229.43,218.50,Credit Card,Delivered
2026-03-18,SWG103833,Fried Rice,Rice & Noodles,1,170.00,8.50,8.08,0.00,169.58,161.50,Credit Card,Delivered
2026-03-18,SWG103834,Fried Rice,Rice & Noodles,1,170.00,0.00,8.50,40.00,218.50,170.00,UPI,Delivered
2026-03-18,SWG103835,Paneer Butter Masala,Main Course,1,240.00,36.00,10.20,40.00,254.20,204.00,UPI,Delivered
2026-03-18,SWG103836,Hakka Noodles,Rice & Noodles,2,360.00,54.00,15.30,30.00,351.30,306.00,UPI,Delivered
2026-03-18,SWG103837,Butter Naan,Breads,3,180.00,18.00,8.10,40.00,210.10,162.00,Debit Card,Delivered
2026-03-18,SWG103838,Fried Rice,Rice & Noodles,1,170.00,17.00,7.65,30.00,190.65,153.00,Credit Card,Delivered
2026-03-18,SWG103839,Paneer Tikka,Starters,2,460.00,46.00,20.70,30.00,464.70,414.00,Credit Card,Delivered
2026-03-18,SWG103840,Veg Biryani,Biryani,1,180.00,27.00,7.65,20.00,180.65,153.00,Debit Card,Delivered
2026-03-18,SWG103841,Chicken Biryani,Biryani,1,220.00,22.00,9.90,0.00,207.90,0.00,UPI,Cancelled
2026-03-18,SWG103842,Butter Naan,Breads,1,60.00,9.00,2.55,30.00,83.55,51.00,UPI,Delivered
2026-03-19,SWG103843,Gulab Jamun,Desserts,1,90.00,0.00,4.50,40.00,134.50,90.00,Credit Card,Delivered
2026-03-19,SWG103844,Veg Biryani,Biryani,1,180.00,0.00,9.00,0.00,189.00,180.00,Cash,Delivered
2026-03-19,SWG103845,Paneer Butter Masala,Main Course,1,240.00,0.00,12.00,0.00,252.00,240.00,Credit Card,Delivered
2026-03-19,SWG103846,Gulab Jamun,Desserts,1,90.00,0.00,4.50,0.00,94.50,90.00,Credit Card,Delivered
2026-03-19,SWG103847,Masala Dosa,South Indian,3,420.00,21.00,19.95,40.00,458.95,399.00,Cash,Delivered
2026-03-19,SWG103848,Fried Rice,Rice & Noodles,1,170.00,8.50,8.08,30.00,199.58,161.50,UPI,Delivered
2026-03-19,SWG103849,Masala Dosa,South Indian,1,140.00,14.00,6.30,0.00,132.30,126.00,UPI,Delivered
2026-03-19,SWG103850,Paneer Tikka,Starters,1,230.00,11.50,10.93,0.00,229.43,218.50,Debit Card,Delivered
2026-03-19,SWG103851,Hakka Noodles,Rice & Noodles,1,180.00,27.00,7.65,0.00,160.65,0.00,UPI,Cancelled
2026-03-19,SWG103852,Chicken Biryani,Biryani,1,220.00,22.00,9.90,20.00,227.90,198.00,UPI,Delivered
2026-03-19,SWG103853,Butter Naan,Breads,1,60.00,9.00,2.55,40.00,93.55,51.00,Cash,Delivered
2026-03-19,SWG103854,Hakka Noodles,Rice & Noodles,3,540.00,0.00,27.00,0.00,567.00,540.00,Credit Card,Delivered
2026-03-19,SWG103855,Paneer Butter Masala,Main Course,3,720.00,36.00,34.20,30.00,748.20,684.00,Debit Card,Delivered
2026-03-19,SWG103856,Masala Dosa,South Indian,1,140.00,7.00,6.65,0.00,139.65,133.00,Credit Card,Delivered
2026-03-19,SWG103857,Paneer Butter Masala,Main Course,1,240.00,36.00,10.20,0.00,214.20,204.00,UPI,Delivered
2026-03-19,SWG103858,Veg Biryani,Biryani,2,360.00,54.00,15.30,0.00,321.30,306.00,Cash,Delivered
2026-03-19,SWG103859,Paneer Butter Masala,Main Course,2,480.00,0.00,24.00,40.00,544.00,480.00,Credit Card,Delivered
2026-03-20,SWG103860,Masala Dosa,South Indian,2,280.00,0.00,14.00,20.00,314.00,280.00,Cash,Delivered
2026-03-20,SWG103861,Chicken Biryani,Biryani,1,220.00,0.00,11.00,30.00,261.00,220.00,Credit Card,Delivered
2026-03-20,SWG103862,Hakka Noodles,Rice & Noodles,1,180.00,18.00,8.10,30.00,200.10,162.00,Cash,Delivered
2026-03-20,SWG103863,Paneer Butter Masala,Main Course,2,480.00,24.00,22.80,40.00,518.80,456.00,Debit Card,Delivered
2026-03-20,SWG103864,Fried Rice,Rice & Noodles,1,170.00,25.50,7.23,20.00,171.73,144.50,Credit Card,Delivered
2026-03-20,SWG103865,Hakka Noodles,Rice & Noodles,2,360.00,0.00,18.00,0.00,378.00,360.00,Cash,Delivered
2026-03-20,SWG103866,Masala Dosa,South Indian,1,140.00,0.00,7.00,40.00,187.00,140.00,Debit Card,Delivered
2026-03-20,SWG103867,Butter Naan,Breads,1,60.00,3.00,2.85,0.00,59.85,57.00,UPI,Delivered
2026-03-20,SWG103868,Paneer Butter Masala,Main Course,1,240.00,0.00,12.00,30.00,282.00,240.00,UPI,Delivered
2026-03-20,SWG103869,Paneer Tikka,Starters,1,230.00,34.50,9.78,20.00,225.28,195.50,Cash,Delivered
2026-03-20,SWG103870,Hakka Noodles,Rice & Noodles,1,180.00,18.00,8.10,30.00,200.10,162.00,Debit Card,Delivered
2026-03-20,SWG103871,Butter Naan,Breads,2,120.00,18.00,5.10,30.00,137.10,102.00,UPI,Delivered
2026-03-20,SWG103872,Butter Naan,Breads,1,60.00,6.00,2.70,40.00,96.70,54.00,UPI,Delivered
2026-03-20,SWG103873,Fried Rice,Rice & Noodles,1,170.00,17.00,7.65,30.00,190.65,153.00,Debit Card,Delivered
2026-03-20,SWG103874,Hakka Noodles,Rice & Noodles,1,180.00,9.00,8.55,0.00,179.55,171.00,UPI,Delivered
2026-03-20,SWG103875,Gulab Jamun,Desserts,3,270.00,27.00,12.15,40.00,295.15,243.00,Cash,Delivered
2026-03-20,SWG103876,Veg Biryani,Biryani,1,180.00,18.00,8.10,20.00,190.10,162.00,Credit Card,Delivered
2026-03-20,SWG103877,Fried Rice,Rice & Noodles,1,170.00,0.00,8.50,40.00,218.50,170.00,Cash,Delivered
2026-03-20,SWG103878,Butter Naan,Breads,2,120.00,12.00,5.40,40.00,153.40,108.00,Debit Card,Delivered
2026-03-20,SWG103879,Paneer Tikka,Starters,2,460.00,69.00,19.55,0.00,410.55,391.00,UPI,Delivered
2026-03-20,SWG103880,Masala Dosa,South Indian,2,280.00,28.00,12.60,0.00,264.60,252.00,UPI,Delivered
2026-03-20,SWG103881,Paneer Tikka,Starters,1,230.00,34.50,9.78,20.00,225.28,195.50,Cash,Delivered
2026-03-21,SWG103882,Paneer Butter Masala,Main Course,2,480.00,0.00,24.00,40.00,544.00,480.00,UPI,Delivered
2026-03-21,SWG103883,Masala Dosa,South Indian,3,420.00,0.00,21.00,40.00,481.00,420.00,Credit Card,Delivered
2026-03-21,SWG103884,Chicken Biryani,Biryani,1,220.00,11.00,10.45,20.00,239.45,209.00,UPI,Delivered
2026-03-21,SWG103885,Paneer Butter Masala,Main Course,1,240.00,12.00,11.40,20.00,259.40,228.00,Credit Card,Delivered
2026-03-21,SWG103886,Butter Naan,Breads,1,60.00,3.00,2.85,30.00,89.85,57.00,Debit Card,Delivered
2026-03-21,SWG103887,Fried Rice,Rice & Noodles,1,170.00,8.50,8.08,20.00,189.58,161.50,Debit Card,Delivered
2026-03-21,SWG103888,Chicken Biryani,Biryani,1,220.00,0.00,11.00,0.00,231.00,220.00,Debit Card,Delivered
2026-03-21,SWG103889,Fried Rice,Rice & Noodles,1,170.00,0.00,8.50,20.00,198.50,170.00,UPI,Delivered
2026-03-21,SWG103890,Paneer Butter Masala,Main Course,2,480.00,48.00,21.60,0.00,453.60,432.00,Debit Card,Delivered
2026-03-21,SWG103891,Veg Biryani,Biryani,1,180.00,27.00,7.65,20.00,180.65,153.00,Credit Card,Delivered
2026-03-21,SWG103892,Chicken Biryani,Biryani,2,440.00,66.00,18.70,30.00,422.70,374.00,Debit Card,Delivered
2026-03-21,SWG103893,Fried Rice,Rice & Noodles,1,170.00,0.00,8.50,40.00,218.50,170.00,UPI,Delivered
2026-03-21,SWG103894,Butter Naan,Breads,2,120.00,0.00,6.00,0.00,126.00,120.00,Debit Card,Delivered
2026-03-21,SWG103895,Paneer Butter Masala,Main Course,1,240.00,24.00,10.80,20.00,246.80,216.00,Debit Card,Delivered
2026-03-21,SWG103896,Butter Naan,Breads,2,120.00,0.00,6.00,30.00,156.00,120.00,Cash,Delivered
2026-03-21,SWG103897,Fried Rice,Rice & Noodles,1,170.00,8.50,8.08,0.00,169.58,161.50,Credit Card,Delivered
2026-03-21,SWG103898,Chicken Biryani,Biryani,1,220.00,22.00,9.90,40.00,247.90,0.00,UPI,Cancelled
2026-03-21,SWG103899,Veg Biryani,Biryani,1,180.00,0.00,9.00,20.00,209.00,180.00,Cash,Delivered
2026-03-21,SWG103900,Masala Dosa,South Indian,2,280.00,14.00,13.30,40.00,319.30,266.00,UPI,Delivered
2026-03-21,SWG103901,Chicken Tikka,Starters,2,520.00,52.00,23.40,30.00,521.40,468.00,Debit Card,Delivered
2026-03-22,SWG103902,Chicken Biryani,Biryani,1,220.00,22.00,9.90,20.00,227.90,198.00,UPI,Delivered
2026-03-22,SWG103903,Paneer Tikka,Starters,1,230.00,34.50,9.78,0.00,205.28,195.50,Debit Card,Delivered
2026-03-22,SWG103904,Butter Naan,Breads,1,60.00,9.00,2.55,0.00,53.55,51.00,UPI,Delivered
2026-03-22,SWG103905,Paneer Tikka,Starters,1,230.00,34.50,9.78,20.00,225.28,195.50,Debit Card,Delivered
2026-03-22,SWG103906,Chicken Tikka,Starters,1,260.00,0.00,13.00,0.00,273.00,260.00,Credit Card,Delivered
2026-03-22,SWG103907,Fried Rice,Rice & Noodles,1,170.00,8.50,8.08,40.00,209.58,161.50,UPI,Delivered
2026-03-22,SWG103908,Masala Dosa,South Indian,1,140.00,0.00,7.00,20.00,167.00,140.00,UPI,Delivered
2026-03-22,SWG103909,Hakka Noodles,Rice & Noodles,1,180.00,27.00,7.65,40.00,200.65,153.00,Credit Card,Delivered
2026-03-22,SWG103910,Gulab Jamun,Desserts,2,180.00,18.00,8.10,30.00,200.10,162.00,Cash,Delivered
2026-03-22,SWG103911,Butter Naan,Breads,1,60.00,0.00,3.00,30.00,93.00,60.00,Credit Card,Delivered
2026-03-22,SWG103912,Butter Naan,Breads,2,120.00,6.00,5.70,20.00,139.70,114.00,UPI,Delivered
2026-03-22,SWG103913,Chicken Biryani,Biryani,1,220.00,33.00,9.35,20.00,216.35,187.00,Debit Card,Delivered
2026-03-22,SWG103914,Chicken Tikka,Starters,1,260.00,39.00,11.05,0.00,232.05,221.00,Debit Card,Delivered
2026-03-22,SWG103915,Chicken Tikka,Starters,1,260.00,0.00,13.00,40.00,313.00,260.00,Cash,Delivered
2026-03-22,SWG103916,Gulab Jamun,Desserts,2,180.00,0.00,9.00,20.00,209.00,180.00,Debit Card,Delivered
2026-03-22,SWG103917,Fried Rice,Rice & Noodles,1,170.00,8.50,8.08,20.00,189.58,161.50,Debit Card,Delivered
2026-03-22,SWG103918,Gulab Jamun,Desserts,1,90.00,4.50,4.28,20.00,109.78,85.50,Debit Card,Delivered
2026-03-22,SWG103919,Hakka Noodles,Rice & Noodles,2,360.00,18.00,17.10,40.00,399.10,342.00,Debit Card,Delivered
2026-03-22,SWG103920,Chicken Biryani,Biryani,2,440.00,22.00,20.90,40.00,478.90,418.00,UPI,Delivered
2026-03-23,SWG103921,Fried Rice,Rice & Noodles,1,170.00,25.50,7.23,30.00,181.73,144.50,Credit Card,Delivered
2026-03-23,SWG103922,Butter Naan,Breads,1,60.00,0.00,3.00,40.00,103.00,60.00,Credit Card,Delivered
2026-03-23,SWG103923,Paneer Butter Masala,Main Course,1,240.00,12.00,11.40,20.00,259.40,228.00,Cash,Delivered
2026-03-23,SWG103924,Gulab Jamun,Desserts,1,90.00,0.00,4.50,40.00,134.50,90.00,Credit Card,Delivered
2026-03-23,SWG103925,Chicken Tikka,Starters,2,520.00,26.00,24.70,0.00,518.70,494.00,Credit Card,Delivered
2026-03-23,SWG103926,Hakka Noodles,Rice & Noodles,1,180.00,18.00,8.10,0.00,170.10,162.00,UPI,Delivered
2026-03-23,SWG103927,Paneer Tikka,Starters,1,230.00,0.00,11.50,0.00,241.50,230.00,Credit Card,Delivered
2026-03-23,SWG103928,Veg Biryani,Biryani,1,180.00,9.00,8.55,40.00,219.55,171.00,UPI,Delivered
2026-03-23,SWG103929,Gulab Jamun,Desserts,1,90.00,0.00,4.50,0.00,94.50,90.00,Debit Card,Delivered
2026-03-23,SWG103930,Paneer Tikka,Starters,1,230.00,11.50,10.93,20.00,249.43,218.50,Cash,Delivered
2026-03-23,SWG103931,Masala Dosa,South Indian,1,140.00,0.00,7.00,30.00,177.00,140.00,Debit Card,Delivered
2026-03-23,SWG103932,Chicken Biryani,Biryani,1,220.00,11.00,10.45,20.00,239.45,209.00,Debit Card,Delivered
2026-03-23,SWG103933,Veg Biryani,Biryani,1,180.00,9.00,8.55,0.00,179.55,171.00,Cash,Delivered
2026-03-23,SWG103934,Fried Rice,Rice & Noodles,2,340.00,0.00,17.00,30.00,387.00,340.00,Debit Card,Delivered
2026-03-23,SWG103935,Fried Rice,Rice & Noodles,1,170.00,8.50,8.08,40.00,209.58,161.50,UPI,Delivered
2026-03-23,SWG103936,Gulab Jamun,Desserts,1,90.00,9.00,4.05,20.00,105.05,81.00,UPI,Delivered
2026-03-24,SWG103937,Fried Rice,Rice & Noodles,1,170.00,25.50,7.23,40.00,191.73,144.50,Debit Card,Delivered
2026-03-24,SWG103938,Butter Naan,Breads,1,60.00,9.00,2.55,0.00,53.55,51.00,Credit Card,Delivered
2026-03-24,SWG103939,Hakka Noodles,Rice & Noodles,1,180.00,18.00,8.10,40.00,210.10,162.00,Cash,Delivered
2026-03-24,SWG103940,Paneer Butter Masala,Main Course,2,480.00,0.00,24.00,20.00,524.00,480.00,UPI,Delivered
2026-03-24,SWG103941,Paneer Butter Masala,Main Course,1,240.00,36.00,10.20,0.00,214.20,204.00,Cash,Delivered
2026-03-24,SWG103942,Paneer Tikka,Starters,1,230.00,11.50,10.93,20.00,249.43,218.50,Cash,Delivered
2026-03-24,SWG103943,Paneer Butter Masala,Main Course,1,240.00,12.00,11.40,0.00,239.40,228.00,Cash,Delivered
2026-03-24,SWG103944,Hakka Noodles,Rice & Noodles,1,180.00,18.00,8.10,40.00,210.10,162.00,Cash,Delivered
2026-03-24,SWG103945,Paneer Butter Masala,Main Course,1,240.00,12.00,11.40,30.00,269.40,228.00,UPI,Delivered
2026-03-24,SWG103946,Chicken Biryani,Biryani,2,440.00,22.00,20.90,40.00,478.90,418.00,Credit Card,Delivered
2026-03-24,SWG103947,Gulab Jamun,Desserts,2,180.00,9.00,8.55,20.00,199.55,171.00,UPI,Delivered
2026-03-24,SWG103948,Veg Biryani,Biryani,1,180.00,27.00,7.65,30.00,190.65,153.00,Cash,Delivered
2026-03-24,SWG103949,Paneer Tikka,Starters,1,230.00,11.50,10.93,40.00,269.43,218.50,Debit Card,Delivered
2026-03-24,SWG103950,Paneer Butter Masala,Main Course,1,240.00,12.00,11.40,40.00,279.40,228.00,UPI,Delivered
2026-03-24,SWG103951,Chicken Tikka,Starters,2,520.00,26.00,24.70,0.00,518.70,494.00,Debit Card,Delivered
2026-03-24,SWG103952,Chicken Biryani,Biryani,2,440.00,44.00,19.80,20.00,435.80,396.00,Cash,Delivered
2026-03-24,SWG103953,Masala Dosa,South Indian,1,140.00,21.00,5.95,20.00,144.95,119.00,Debit Card,Delivered
2026-03-24,SWG103954,Paneer Butter Masala,Main Course,2,480.00,72.00,20.40,20.00,448.40,0.00,Debit Card,Cancelled
2026-03-24,SWG103955,Chicken Tikka,Starters,1,260.00,13.00,12.35,40.00,299.35,247.00,Debit Card,Delivered
2026-03-24,SWG103956,Paneer Tikka,Starters,1,230.00,34.50,9.78,40.00,245.28,0.00,Debit Card,Cancelled
2026-03-24,SWG103957,Hakka Noodles,Rice & Noodles,1,180.00,18.00,8.10,40.00,210.10,162.00,Debit Card,Delivered
2026-03-24,SWG103958,Gulab Jamun,Desserts,1,90.00,9.00,4.05,0.00,85.05,81.00,Cash,Delivered
2026-03-24,SWG103959,Butter Naan,Breads,1,60.00,9.00,2.55,20.00,73.55,0.00,Cash,Cancelled
2026-03-25,SWG103960,Chicken Tikka,Starters,1,260.00,26.00,11.70,0.00,245.70,234.00,UPI,Delivered
2026-03-25,SWG103961,Paneer Tikka,Starters,2,460.00,69.00,19.55,40.00,450.55,391.00,Credit Card,Delivered
2026-03-25,SWG103962,Gulab Jamun,Desserts,2,180.00,18.00,8.10,0.00,170.10,162.00,Credit Card,Delivered
2026-03-25,SWG103963,Masala Dosa,South Indian,1,140.00,14.00,6.30,20.00,152.30,126.00,UPI,Delivered
2026-03-25,SWG103964,Masala Dosa,South Indian,1,140.00,14.00,6.30,0.00,132.30,126.00,Credit Card,Delivered
2026-03-25,SWG103965,Masala Dosa,South Indian,2,280.00,42.00,11.90,0.00,249.90,238.00,Debit Card,Delivered
2026-03-25,SWG103966,Fried Rice,Rice & Noodles,1,170.00,25.50,7.23,20.00,171.73,144.50,Debit Card,Delivered
2026-03-25,SWG103967,Chicken Biryani,Biryani,1,220.00,11.00,10.45,20.00,239.45,209.00,Credit Card,Delivered
2026-03-25,SWG103968,Paneer Butter Masala,Main Course,1,240.00,12.00,11.40,20.00,259.40,228.00,Credit Card,Delivered
2026-03-25,SWG103969,Chicken Biryani,Biryani,2,440.00,44.00,19.80,30.00,445.80,396.00,Cash,Delivered
2026-03-25,SWG103970,Fried Rice,Rice & Noodles,1,170.00,25.50,7.23,0.00,151.73,144.50,Cash,Delivered
2026-03-25,SWG103971,Veg Biryani,Biryani,1,180.00,27.00,7.65,20.00,180.65,153.00,UPI,Delivered
2026-03-25,SWG103972,Butter Naan,Breads,2,120.00,6.00,5.70,0.00,119.70,114.00,UPI,Delivered
2026-03-25,SWG103973,Hakka Noodles,Rice & Noodles,1,180.00,18.00,8.10,20.00,190.10,162.00,Debit Card,Delivered
2026-03-25,SWG103974,Hakka Noodles,Rice & Noodles,1,180.00,9.00,8.55,40.00,219.55,171.00,Cash,Delivered
2026-03-26,SWG103975,Butter Naan,Breads,2,120.00,18.00,5.10,40.00,147.10,102.00,UPI,Delivered
2026-03-26,SWG103976,Veg Biryani,Biryani,1,180.00,18.00,8.10,30.00,200.10,162.00,Debit Card,Delivered
2026-03-26,SWG103977,Paneer Tikka,Starters,2,460.00,23.00,21.85,0.00,458.85,437.00,Debit Card,Delivered
2026-03-26,SWG103978,Paneer Tikka,Starters,1,230.00,0.00,11.50,0.00,241.50,230.00,Credit Card,Delivered
2026-03-26,SWG103979,Masala Dosa,South Indian,1,140.00,0.00,7.00,20.00,167.00,140.00,UPI,Delivered
2026-03-26,SWG103980,Paneer Butter Masala,Main Course,1,240.00,24.00,10.80,30.00,256.80,216.00,Cash,Delivered
2026-03-26,SWG103981,Chicken Tikka,Starters,2,520.00,0.00,26.00,0.00,546.00,520.00,UPI,Delivered
2026-03-26,SWG103982,Masala Dosa,South Indian,1,140.00,0.00,7.00,0.00,147.00,140.00,Debit Card,Delivered
2026-03-26,SWG103983,Veg Biryani,Biryani,1,180.00,27.00,7.65,40.00,200.65,153.00,Debit Card,Delivered
2026-03-26,SWG103984,Paneer Butter Masala,Main Course,1,240.00,24.00,10.80,20.00,246.80,216.00,UPI,Delivered
2026-03-26,SWG103985,Masala Dosa,South Indian,1,140.00,7.00,6.65,40.00,179.65,133.00,Debit Card,Delivered
2026-03-26,SWG103986,Chicken Tikka,Starters,1,260.00,13.00,12.35,0.00,259.35,247.00,UPI,Delivered
2026-03-26,SWG103987,Paneer Butter Masala,Main Course,2,480.00,48.00,21.60,40.00,493.60,432.00,UPI,Delivered
2026-03-26,SWG103988,Fried Rice,Rice & Noodles,2,340.00,51.00,14.45,30.00,333.45,289.00,UPI,Delivered
2026-03-26,SWG103989,Butter Naan,Breads,2,120.00,0.00,6.00,40.00,166.00,120.00,Credit Card,Delivered
2026-03-26,SWG103990,Fried Rice,Rice & Noodles,1,170.00,25.50,7.23,0.00,151.73,144.50,Cash,Delivered
2026-03-26,SWG103991,Paneer Tikka,Starters,3,690.00,103.50,29.33,0.00,615.83,586.50,Cash,Delivered
2026-03-26,SWG103992,Paneer Tikka,Starters,1,230.00,11.50,10.93,20.00,249.43,218.50,UPI,Delivered
2026-03-26,SWG103993,Fried Rice,Rice & Noodles,2,340.00,34.00,15.30,0.00,321.30,306.00,Credit Card,Delivered
2026-03-26,SWG103994,Chicken Tikka,Starters,1,260.00,26.00,11.70,0.00,245.70,234.00,Cash,Delivered
2026-03-26,SWG103995,Chicken Tikka,Starters,1,260.00,13.00,12.35,30.00,289.35,247.00,Credit Card,Delivered
2026-03-26,SWG103996,Veg Biryani,Biryani,1,180.00,9.00,8.55,30.00,209.55,171.00,Cash,Delivered
2026-03-26,SWG103997,Butter Naan,Breads,1,60.00,9.00,2.55,30.00,83.55,51.00,UPI,Delivered
2026-03-26,SWG103998,Chicken Tikka,Starters,1,260.00,26.00,11.70,40.00,285.70,234.00,Cash,Delivered
2026-03-27,SWG103999,Gulab Jamun,Desserts,2,180.00,0.00,9.00,20.00,209.00,180.00,Debit Card,Delivered
2026-03-27,SWG104000,Veg Biryani,Biryani,1,180.00,27.00,7.65,20.00,180.65,153.00,Cash,Delivered
2026-03-27,SWG104001,Paneer Tikka,Starters,1,230.00,11.50,10.93,30.00,259.43,218.50,Debit Card,Delivered
2026-03-27,SWG104002,Chicken Biryani,Biryani,1,220.00,11.00,10.45,30.00,249.45,209.00,Cash,Delivered
2026-03-27,SWG104003,Paneer Butter Masala,Main Course,3,720.00,0.00,36.00,40.00,796.00,720.00,UPI,Delivered
2026-03-27,SWG104004,Hakka Noodles,Rice & Noodles,2,360.00,54.00,15.30,20.00,341.30,306.00,UPI,Delivered
2026-03-27,SWG104005,Fried Rice,Rice & Noodles,2,340.00,17.00,16.15,20.00,359.15,323.00,Cash,Delivered
2026-03-27,SWG104006,Fried Rice,Rice & Noodles,1,170.00,0.00,8.50,0.00,178.50,170.00,Debit Card,Delivered
2026-03-27,SWG104007,Butter Naan,Breads,1,60.00,9.00,2.55,40.00,93.55,51.00,UPI,Delivered
2026-03-27,SWG104008,Chicken Biryani,Biryani,1,220.00,0.00,11.00,20.00,251.00,220.00,Credit Card,Delivered
2026-03-27,SWG104009,Masala Dosa,South Indian,1,140.00,14.00,6.30,30.00,162.30,126.00,UPI,Delivered
2026-03-27,SWG104010,Chicken Tikka,Starters,1,260.00,39.00,11.05,40.00,272.05,0.00,UPI,Cancelled
2026-03-27,SWG104011,Gulab Jamun,Desserts,2,180.00,27.00,7.65,0.00,160.65,153.00,Cash,Delivered
2026-03-27,SWG104012,Paneer Butter Masala,Main Course,1,240.00,36.00,10.20,30.00,244.20,204.00,Cash,Delivered
2026-03-27,SWG104013,Fried Rice,Rice & Noodles,1,170.00,0.00,8.50,40.00,218.50,170.00,Credit Card,Delivered
2026-03-27,SWG104014,Veg Biryani,Biryani,1,180.00,18.00,8.10,0.00,170.10,162.00,Debit Card,Delivered
2026-03-27,SWG104015,Butter Naan,Breads,1,60.00,6.00,2.70,20.00,76.70,0.00,Cash,Cancelled
2026-03-27,SWG104016,Chicken Tikka,Starters,1,260.00,39.00,11.05,20.00,252.05,221.00,Credit Card,Delivered
2026-03-27,SWG104017,Butter Naan,Breads,2,120.00,0.00,6.00,30.00,156.00,120.00,UPI,Delivered
2026-03-27,SWG104018,Fried Rice,Rice & Noodles,1,170.00,17.00,7.65,40.00,200.65,153.00,Cash,Delivered
2026-03-27,SWG104019,Chicken Biryani,Biryani,2,440.00,44.00,19.80,40.00,455.80,396.00,UPI,Delivered
2026-03-27,SWG104020,Paneer Butter Masala,Main Course,2,480.00,48.00,21.60,0.00,453.60,432.00,UPI,Delivered
2026-03-27,SWG104021,Chicken Biryani,Biryani,1,220.00,11.00,10.45,40.00,259.45,209.00,UPI,Delivered
2026-03-28,SWG104022,Gulab Jamun,Desserts,1,90.00,9.00,4.05,40.00,125.05,81.00,Cash,Delivered
2026-03-28,SWG104023,Hakka Noodles,Rice & Noodles,2,360.00,18.00,17.10,20.00,379.10,342.00,Credit Card,Delivered
2026-03-28,SWG104024,Chicken Tikka,Starters,1,260.00,0.00,13.00,20.00,293.00,260.00,Cash,Delivered
2026-03-28,SWG104025,Fried Rice,Rice & Noodles,1,170.00,17.00,7.65,40.00,200.65,153.00,Cash,Delivered
2026-03-28,SWG104026,Paneer Tikka,Starters,2,460.00,23.00,21.85,20.00,478.85,437.00,Credit Card,Delivered
2026-03-28,SWG104027,Paneer Butter Masala,Main Course,2,480.00,72.00,20.40,20.00,448.40,408.00,Cash,Delivered
2026-03-28,SWG104028,Paneer Tikka,Starters,1,230.00,11.50,10.93,30.00,259.43,218.50,Debit Card,Delivered
2026-03-28,SWG104029,Masala Dosa,South Indian,2,280.00,14.00,13.30,40.00,319.30,266.00,Debit Card,Delivered
2026-03-28,SWG104030,Chicken Biryani,Biryani,1,220.00,0.00,11.00,20.00,251.00,220.00,Cash,Delivered
2026-03-28,SWG104031,Chicken Biryani,Biryani,1,220.00,33.00,9.35,0.00,196.35,187.00,UPI,Delivered
2026-03-28,SWG104032,Hakka Noodles,Rice & Noodles,2,360.00,36.00,16.20,20.00,360.20,324.00,Cash,Delivered
2026-03-28,SWG104033,Paneer Butter Masala,Main Course,1,240.00,12.00,11.40,0.00,239.40,228.00,Credit Card,Delivered
2026-03-28,SWG104034,Veg Biryani,Biryani,1,180.00,27.00,7.65,20.00,180.65,153.00,Credit Card,Delivered
2026-03-28,SWG104035,Chicken Biryani,Biryani,1,220.00,0.00,11.00,0.00,231.00,220.00,UPI,Delivered
2026-03-28,SWG104036,Hakka Noodles,Rice & Noodles,2,360.00,18.00,17.10,0.00,359.10,342.00,UPI,Delivered
2026-03-28,SWG104037,Chicken Biryani,Biryani,2,440.00,44.00,19.80,0.00,415.80,396.00,Credit Card,Delivered
2026-03-28,SWG104038,Chicken Tikka,Starters,1,260.00,26.00,11.70,0.00,245.70,234.00,Credit Card,Delivered
2026-03-28,SWG104039,Gulab Jamun,Desserts,1,90.00,4.50,4.28,0.00,89.78,85.50,Credit Card,Delivered
2026-03-28,SWG104040,Fried Rice,Rice & Noodles,1,170.00,0.00,8.50,20.00,198.50,170.00,Cash,Delivered
2026-03-28,SWG104041,Butter Naan,Breads,1,60.00,0.00,3.00,0.00,63.00,60.00,Credit Card,Delivered
2026-03-28,SWG104042,Paneer Tikka,Starters,1,230.00,23.00,10.35,30.00,247.35,207.00,Debit Card,Delivered
2026-03-28,SWG104043,Fried Rice,Rice & Noodles,2,340.00,34.00,15.30,20.00,341.30,306.00,UPI,Delivered
2026-03-28,SWG104044,Chicken Biryani,Biryani,3,660.00,33.00,31.35,20.00,678.35,627.00,Cash,Delivered
2026-03-28,SWG104045,Fried Rice,Rice & Noodles,2,340.00,51.00,14.45,30.00,333.45,0.00,UPI,Cancelled
2026-03-29,SWG104046,Hakka Noodles,Rice & Noodles,1,180.00,0.00,9.00,30.00,219.00,180.00,Cash,Delivered
2026-03-29,SWG104047,Gulab Jamun,Desserts,1,90.00,13.50,3.83,30.00,110.33,76.50,UPI,Delivered
2026-03-29,SWG104048,Paneer Tikka,Starters,2,460.00,69.00,19.55,40.00,450.55,391.00,UPI,Delivered
2026-03-29,SWG104049,Hakka Noodles,Rice & Noodles,1,180.00,27.00,7.65,20.00,180.65,153.00,Credit Card,Delivered
2026-03-29,SWG104050,Paneer Tikka,Starters,2,460.00,69.00,19.55,30.00,440.55,391.00,Cash,Delivered
2026-03-29,SWG104051,Butter Naan,Breads,1,60.00,9.00,2.55,20.00,73.55,51.00,Credit Card,Delivered
2026-03-29,SWG104052,Paneer Tikka,Starters,1,230.00,34.50,9.78,0.00,205.28,195.50,Credit Card,Delivered
2026-03-29,SWG104053,Fried Rice,Rice & Noodles,1,170.00,0.00,8.50,40.00,218.50,0.00,Debit Card,Cancelled
2026-03-29,SWG104054,Butter Naan,Breads,1,60.00,0.00,3.00,40.00,103.00,60.00,Credit Card,Delivered
2026-03-29,SWG104055,Chicken Tikka,Starters,1,260.00,0.00,13.00,20.00,293.00,260.00,Cash,Delivered
2026-03-29,SWG104056,Fried Rice,Rice & Noodles,1,170.00,25.50,7.23,30.00,181.73,0.00,Cash,Cancelled
2026-03-29,SWG104057,Paneer Tikka,Starters,1,230.00,11.50,10.93,30.00,259.43,218.50,UPI,Delivered
2026-03-29,SWG104058,Chicken Tikka,Starters,1,260.00,0.00,13.00,30.00,303.00,260.00,Cash,Delivered
2026-03-29,SWG104059,Paneer Butter Masala,Main Course,2,480.00,72.00,20.40,30.00,458.40,408.00,Credit Card,Delivered
2026-03-29,SWG104060,Gulab Jamun,Desserts,1,90.00,4.50,4.28,30.00,119.78,85.50,Debit Card,Delivered
2026-03-29,SWG104061,Paneer Butter Masala,Main Course,1,240.00,36.00,10.20,0.00,214.20,204.00,Debit Card,Delivered
2026-03-29,SWG104062,Hakka Noodles,Rice & Noodles,1,180.00,0.00,9.00,30.00,219.00,180.00,UPI,Delivered
2026-03-29,SWG104063,Gulab Jamun,Desserts,1,90.00,9.00,4.05,20.00,105.05,81.00,Cash,Delivered
2026-03-29,SWG104064,Hakka Noodles,Rice & Noodles,2,360.00,54.00,15.30,30.00,351.30,306.00,UPI,Delivered
2026-03-29,SWG104065,Veg Biryani,Biryani,1,180.00,9.00,8.55,20.00,199.55,171.00,UPI,Delivered
2026-03-29,SWG104066,Butter Naan,Breads,1,60.00,0.00,3.00,0.00,63.00,60.00,Cash,Delivered
2026-03-29,SWG104067,Chicken Biryani,Biryani,1,220.00,11.00,10.45,0.00,219.45,209.00,Debit Card,Delivered
2026-03-29,SWG104068,Butter Naan,Breads,3,180.00,9.00,8.55,20.00,199.55,171.00,Cash,Delivered
2026-03-29,SWG104069,Gulab Jamun,Desserts,1,90.00,0.00,4.50,0.00,94.50,90.00,UPI,Delivered
2026-03-29,SWG104070,Chicken Biryani,Biryani,2,440.00,66.00,18.70,20.00,412.70,374.00,Credit Card,Delivered
2026-03-30,SWG104071,Paneer Tikka,Starters,1,230.00,34.50,9.78,20.00,225.28,195.50,Cash,Delivered
2026-03-30,SWG104072,Chicken Tikka,Starters,1,260.00,26.00,11.70,0.00,245.70,234.00,Debit Card,Delivered
2026-03-30,SWG104073,Fried Rice,Rice & Noodles,2,340.00,0.00,17.00,30.00,387.00,340.00,Debit Card,Delivered
2026-03-30,SWG104074,Paneer Tikka,Starters,1,230.00,34.50,9.78,30.00,235.28,195.50,Cash,Delivered
2026-03-30,SWG104075,Hakka Noodles,Rice & Noodles,2,360.00,18.00,17.10,30.00,389.10,342.00,Debit Card,Delivered
2026-03-30,SWG104076,Chicken Tikka,Starters,1,260.00,26.00,11.70,0.00,245.70,234.00,Cash,Delivered
2026-03-30,SWG104077,Hakka Noodles,Rice & Noodles,3,540.00,81.00,22.95,30.00,511.95,459.00,Credit Card,Delivered
2026-03-30,SWG104078,Masala Dosa,South Indian,1,140.00,14.00,6.30,20.00,152.30,126.00,Debit Card,Delivered
2026-03-30,SWG104079,Hakka Noodles,Rice & Noodles,2,360.00,18.00,17.10,40.00,399.10,342.00,Credit Card,Delivered
2026-03-30,SWG104080,Paneer Tikka,Starters,3,690.00,69.00,31.05,30.00,682.05,621.00,UPI,Delivered
2026-03-30,SWG104081,Fried Rice,Rice & Noodles,1,170.00,25.50,7.23,0.00,151.73,144.50,Debit Card,Delivered
2026-03-30,SWG104082,Veg Biryani,Biryani,1,180.00,27.00,7.65,20.00,180.65,153.00,Debit Card,Delivered
2026-03-30,SWG104083,Masala Dosa,South Indian,1,140.00,21.00,5.95,30.00,154.95,119.00,UPI,Delivered
2026-03-30,SWG104084,Chicken Tikka,Starters,1,260.00,26.00,11.70,30.00,275.70,234.00,Debit Card,Delivered
2026-03-30,SWG104085,Chicken Biryani,Biryani,1,220.00,22.00,9.90,40.00,247.90,198.00,UPI,Delivered
2026-03-30,SWG104086,Chicken Biryani,Biryani,1,220.00,22.00,9.90,20.00,227.90,198.00,Credit Card,Delivered
2026-03-30,SWG104087,Gulab Jamun,Desserts,1,90.00,13.50,3.83,40.00,120.33,76.50,Cash,Delivered
2026-03-30,SWG104088,Butter Naan,Breads,2,120.00,12.00,5.40,30.00,143.40,108.00,Debit Card,Delivered
2026-03-30,SWG104089,Chicken Biryani,Biryani,1,220.00,0.00,11.00,0.00,231.00,220.00,Debit Card,Delivered
2026-03-30,SWG104090,Hakka Noodles,Rice & Noodles,3,540.00,0.00,27.00,30.00,597.00,540.00,Credit Card,Delivered
2026-03-31,SWG104091,Chicken Biryani,Biryani,1,220.00,22.00,9.90,0.00,207.90,198.00,UPI,Delivered
2026-03-31,SWG104092,Masala Dosa,South Indian,1,140.00,7.00,6.65,0.00,139.65,133.00,Cash,Delivered
2026-03-31,SWG104093,Gulab Jamun,Desserts,1,90.00,4.50,4.28,20.00,109.78,85.50,Debit Card,Delivered
2026-03-31,SWG104094,Veg Biryani,Biryani,1,180.00,0.00,9.00,0.00,189.00,180.00,Debit Card,Delivered
2026-03-31,SWG104095,Gulab Jamun,Desserts,1,90.00,4.50,4.28,40.00,129.78,85.50,Cash,Delivered
2026-03-31,SWG104096,Masala Dosa,South Indian,1,140.00,21.00,5.95,40.00,164.95,119.00,Debit Card,Delivered
2026-03-31,SWG104097,Paneer Butter Masala,Main Course,1,240.00,24.00,10.80,40.00,266.80,216.00,Credit Card,Delivered
2026-03-31,SWG104098,Hakka Noodles,Rice & Noodles,1,180.00,18.00,8.10,30.00,200.10,162.00,UPI,Delivered
2026-03-31,SWG104099,Masala Dosa,South Indian,1,140.00,21.00,5.95,0.00,124.95,119.00,UPI,Delivered
2026-03-31,SWG104100,Gulab Jamun,Desserts,1,90.00,0.00,4.50,0.00,94.50,90.00,Debit Card,Delivered
2026-03-31,SWG104101,Chicken Tikka,Starters,2,520.00,52.00,23.40,20.00,511.40,468.00,UPI,Delivered
2026-04-01,SWG104102,Fried Rice,Rice & Noodles,1,170.00,0.00,8.50,40.00,218.50,170.00,Credit Card,Delivered
2026-04-01,SWG104103,Fried Rice,Rice & Noodles,1,170.00,0.00,8.50,20.00,198.50,170.00,Debit Card,Delivered
2026-04-01,SWG104104,Fried Rice,Rice & Noodles,1,170.00,25.50,7.23,20.00,171.73,144.50,Debit Card,Delivered
2026-04-01,SWG104105,Paneer Butter Masala,Main Course,1,240.00,36.00,10.20,0.00,214.20,204.00,UPI,Delivered
2026-04-01,SWG104106,Hakka Noodles,Rice & Noodles,3,540.00,81.00,22.95,40.00,521.95,459.00,UPI,Delivered
2026-04-01,SWG104107,Paneer Tikka,Starters,1,230.00,0.00,11.50,40.00,281.50,230.00,Credit Card,Delivered
2026-04-01,SWG104108,Gulab Jamun,Desserts,1,90.00,0.00,4.50,40.00,134.50,90.00,UPI,Delivered
2026-04-01,SWG104109,Masala Dosa,South Indian,1,140.00,14.00,6.30,20.00,152.30,126.00,Credit Card,Delivered
2026-04-01,SWG104110,Paneer Tikka,Starters,1,230.00,0.00,11.50,20.00,261.50,230.00,Credit Card,Delivered
2026-04-01,SWG104111,Masala Dosa,South Indian,2,280.00,0.00,14.00,30.00,324.00,280.00,UPI,Delivered
2026-04-01,SWG104112,Masala Dosa,South Indian,1,140.00,0.00,7.00,20.00,167.00,140.00,Credit Card,Delivered
2026-04-01,SWG104113,Paneer Tikka,Starters,1,230.00,0.00,11.50,20.00,261.50,230.00,Credit Card,Delivered
2026-04-01,SWG104114,Paneer Butter Masala,Main Course,1,240.00,12.00,11.40,40.00,279.40,228.00,Debit Card,Delivered
2026-04-01,SWG104115,Fried Rice,Rice & Noodles,1,170.00,8.50,8.08,0.00,169.58,161.50,Debit Card,Delivered
2026-04-01,SWG104116,Masala Dosa,South Indian,1,140.00,14.00,6.30,30.00,162.30,126.00,UPI,Delivered
2026-04-01,SWG104117,Hakka Noodles,Rice & Noodles,2,360.00,18.00,17.10,30.00,389.10,342.00,Debit Card,Delivered
2026-04-01,SWG104118,Veg Biryani,Biryani,2,360.00,0.00,18.00,0.00,378.00,360.00,Credit Card,Delivered
2026-04-01,SWG104119,Gulab Jamun,Desserts,1,90.00,0.00,4.50,0.00,94.50,90.00,Cash,Delivered
2026-04-01,SWG104120,Butter Naan,Breads,1,60.00,0.00,3.00,40.00,103.00,60.00,Cash,Delivered
2026-04-01,SWG104121,Chicken Tikka,Starters,2,520.00,78.00,22.10,20.00,484.10,442.00,UPI,Delivered
2026-04-01,SWG104122,Paneer Tikka,Starters,1,230.00,0.00,11.50,0.00,241.50,230.00,Cash,Delivered
2026-04-02,SWG104123,Veg Biryani,Biryani,2,360.00,18.00,17.10,20.00,379.10,342.00,Credit Card,Delivered
2026-04-02,SWG104124,Paneer Tikka,Starters,1,230.00,0.00,11.50,30.00,271.50,230.00,Cash,Delivered
2026-04-02,SWG104125,Paneer Tikka,Starters,2,460.00,0.00,23.00,0.00,483.00,460.00,Cash,Delivered
2026-04-02,SWG104126,Fried Rice,Rice & Noodles,1,170.00,17.00,7.65,30.00,190.65,153.00,UPI,Delivered
2026-04-02,SWG104127,Chicken Tikka,Starters,2,520.00,0.00,26.00,30.00,576.00,520.00,UPI,Delivered
2026-04-02,SWG104128,Chicken Biryani,Biryani,2,440.00,22.00,20.90,0.00,438.90,418.00,Cash,Delivered
2026-04-02,SWG104129,Hakka Noodles,Rice & Noodles,1,180.00,27.00,7.65,0.00,160.65,153.00,Debit Card,Delivered
2026-04-02,SWG104130,Chicken Tikka,Starters,2,520.00,26.00,24.70,30.00,548.70,494.00,Cash,Delivered
2026-04-02,SWG104131,Paneer Tikka,Starters,1,230.00,0.00,11.50,30.00,271.50,230.00,Credit Card,Delivered
2026-04-02,SWG104132,Masala Dosa,South Indian,1,140.00,21.00,5.95,30.00,154.95,119.00,UPI,Delivered
2026-04-02,SWG104133,Hakka Noodles,Rice & Noodles,1,180.00,9.00,8.55,20.00,199.55,171.00,UPI,Delivered
2026-04-02,SWG104134,Chicken Biryani,Biryani,1,220.00,11.00,10.45,20.00,239.45,209.00,UPI,Delivered
2026-04-02,SWG104135,Chicken Biryani,Biryani,2,440.00,44.00,19.80,0.00,415.80,396.00,Debit Card,Delivered
2026-04-02,SWG104136,Paneer Tikka,Starters,1,230.00,23.00,10.35,20.00,237.35,207.00,UPI,Delivered
2026-04-02,SWG104137,Veg Biryani,Biryani,1,180.00,9.00,8.55,30.00,209.55,171.00,Credit Card,Delivered
2026-04-02,SWG104138,Chicken Biryani,Biryani,2,440.00,22.00,20.90,0.00,438.90,418.00,Cash,Delivered
2026-04-03,SWG104139,Paneer Tikka,Starters,1,230.00,0.00,11.50,20.00,261.50,230.00,UPI,Delivered
2026-04-03,SWG104140,Fried Rice,Rice & Noodles,3,510.00,76.50,21.68,0.00,455.18,433.50,Debit Card,Delivered
2026-04-03,SWG104141,Fried Rice,Rice & Noodles,1,170.00,8.50,8.08,0.00,169.58,161.50,Debit Card,Delivered
2026-04-03,SWG104142,Butter Naan,Breads,1,60.00,0.00,3.00,0.00,63.00,60.00,UPI,Delivered
2026-04-03,SWG104143,Fried Rice,Rice & Noodles,1,170.00,8.50,8.08,30.00,199.58,161.50,UPI,Delivered
2026-04-03,SWG104144,Hakka Noodles,Rice & Noodles,2,360.00,36.00,16.20,0.00,340.20,324.00,Cash,Delivered
2026-04-03,SWG104145,Chicken Biryani,Biryani,1,220.00,0.00,11.00,0.00,231.00,220.00,UPI,Delivered
2026-04-03,SWG104146,Gulab Jamun,Desserts,1,90.00,9.00,4.05,30.00,115.05,81.00,Debit Card,Delivered
2026-04-03,SWG104147,Paneer Tikka,Starters,1,230.00,11.50,10.93,40.00,269.43,218.50,Cash,Delivered
2026-04-03,SWG104148,Paneer Butter Masala,Main Course,1,240.00,36.00,10.20,40.00,254.20,204.00,Credit Card,Delivered
2026-04-03,SWG104149,Fried Rice,Rice & Noodles,1,170.00,0.00,8.50,40.00,218.50,170.00,Cash,Delivered
2026-04-03,SWG104150,Veg Biryani,Biryani,1,180.00,27.00,7.65,0.00,160.65,153.00,Cash,Delivered
2026-04-03,SWG104151,Paneer Tikka,Starters,2,460.00,69.00,19.55,20.00,430.55,391.00,Debit Card,Delivered
2026-04-03,SWG104152,Chicken Tikka,Starters,1,260.00,39.00,11.05,0.00,232.05,221.00,Cash,Delivered
2026-04-03,SWG104153,Masala Dosa,South Indian,2,280.00,0.00,14.00,20.00,314.00,280.00,Credit Card,Delivered
2026-04-03,SWG104154,Masala Dosa,South Indian,1,140.00,0.00,7.00,30.00,177.00,140.00,Cash,Delivered
2026-04-04,SWG104155,Paneer Tikka,Starters,1,230.00,34.50,9.78,20.00,225.28,195.50,UPI,Delivered
2026-04-04,SWG104156,Masala Dosa,South Indian,3,420.00,0.00,21.00,0.00,441.00,420.00,Cash,Delivered
2026-04-04,SWG104157,Paneer Butter Masala,Main Course,1,240.00,12.00,11.40,0.00,239.40,228.00,Debit Card,Delivered
2026-04-04,SWG104158,Hakka Noodles,Rice & Noodles,1,180.00,27.00,7.65,40.00,200.65,153.00,Cash,Delivered
2026-04-04,SWG104159,Masala Dosa,South Indian,1,140.00,14.00,6.30,40.00,172.30,126.00,Cash,Delivered
2026-04-04,SWG104160,Gulab Jamun,Desserts,1,90.00,13.50,3.83,0.00,80.33,76.50,Credit Card,Delivered
2026-04-04,SWG104161,Chicken Biryani,Biryani,1,220.00,11.00,10.45,40.00,259.45,209.00,Credit Card,Delivered
2026-04-04,SWG104162,Paneer Tikka,Starters,1,230.00,0.00,11.50,30.00,271.50,230.00,Credit Card,Delivered
2026-04-04,SWG104163,Butter Naan,Breads,2,120.00,0.00,6.00,20.00,146.00,120.00,UPI,Delivered
2026-04-04,SWG104164,Paneer Tikka,Starters,1,230.00,11.50,10.93,30.00,259.43,218.50,Debit Card,Delivered
2026-04-04,SWG104165,Chicken Biryani,Biryani,1,220.00,11.00,10.45,0.00,219.45,209.00,Cash,Delivered
2026-04-04,SWG104166,Butter Naan,Breads,1,60.00,3.00,2.85,30.00,89.85,57.00,Credit Card,Delivered
2026-04-04,SWG104167,Chicken Biryani,Biryani,1,220.00,0.00,11.00,40.00,271.00,220.00,Cash,Delivered
2026-04-04,SWG104168,Chicken Biryani,Biryani,2,440.00,66.00,18.70,30.00,422.70,374.00,Debit Card,Delivered
2026-04-04,SWG104169,Gulab Jamun,Desserts,1,90.00,9.00,4.05,40.00,125.05,81.00,UPI,Delivered
2026-04-04,SWG104170,Chicken Tikka,Starters,1,260.00,13.00,12.35,0.00,259.35,247.00,UPI,Delivered
2026-04-04,SWG104171,Masala Dosa,South Indian,1,140.00,21.00,5.95,30.00,154.95,0.00,Debit Card,Cancelled
2026-04-04,SWG104172,Hakka Noodles,Rice & Noodles,1,180.00,0.00,9.00,0.00,189.00,180.00,Cash,Delivered
2026-04-04,SWG104173,Veg Biryani,Biryani,1,180.00,18.00,8.10,40.00,210.10,162.00,UPI,Delivered
2026-04-04,SWG104174,Paneer Tikka,Starters,1,230.00,0.00,11.50,20.00,261.50,230.00,Debit Card,Delivered
2026-04-04,SWG104175,Chicken Tikka,Starters,1,260.00,13.00,12.35,40.00,299.35,247.00,Debit Card,Delivered
2026-04-05,SWG104176,Hakka Noodles,Rice & Noodles,1,180.00,0.00,9.00,20.00,209.00,180.00,UPI,Delivered
2026-04-05,SWG104177,Paneer Tikka,Starters,1,230.00,11.50,10.93,0.00,229.43,218.50,Credit Card,Delivered
2026-04-05,SWG104178,Chicken Biryani,Biryani,1,220.00,33.00,9.35,40.00,236.35,187.00,Credit Card,Delivered
2026-04-05,SWG104179,Paneer Butter Masala,Main Course,1,240.00,12.00,11.40,40.00,279.40,228.00,Credit Card,Delivered
2026-04-05,SWG104180,Paneer Butter Masala,Main Course,1,240.00,24.00,10.80,30.00,256.80,216.00,UPI,Delivered
2026-04-05,SWG104181,Masala Dosa,South Indian,1,140.00,0.00,7.00,20.00,167.00,140.00,Credit Card,Delivered
2026-04-05,SWG104182,Gulab Jamun,Desserts,1,90.00,9.00,4.05,30.00,115.05,81.00,Debit Card,Delivered
2026-04-05,SWG104183,Hakka Noodles,Rice & Noodles,1,180.00,27.00,7.65,20.00,180.65,153.00,UPI,Delivered
2026-04-05,SWG104184,Butter Naan,Breads,1,60.00,6.00,2.70,20.00,76.70,54.00,Credit Card,Delivered
2026-04-05,SWG104185,Butter Naan,Breads,2,120.00,12.00,5.40,0.00,113.40,108.00,Debit Card,Delivered
2026-04-05,SWG104186,Paneer Butter Masala,Main Course,2,480.00,24.00,22.80,30.00,508.80,456.00,UPI,Delivered
2026-04-05,SWG104187,Masala Dosa,South Indian,2,280.00,42.00,11.90,20.00,269.90,238.00,UPI,Delivered
2026-04-05,SWG104188,Butter Naan,Breads,1,60.00,9.00,2.55,0.00,53.55,51.00,Cash,Delivered
2026-04-05,SWG104189,Veg Biryani,Biryani,1,180.00,18.00,8.10,30.00,200.10,162.00,Credit Card,Delivered
2026-04-05,SWG104190,Hakka Noodles,Rice & Noodles,1,180.00,9.00,8.55,0.00,179.55,171.00,Credit Card,Delivered
2026-04-05,SWG104191,Chicken Biryani,Biryani,1,220.00,0.00,11.00,40.00,271.00,220.00,Debit Card,Delivered
2026-04-05,SWG104192,Gulab Jamun,Desserts,1,90.00,13.50,3.83,30.00,110.33,76.50,Cash,Delivered
2026-04-05,SWG104193,Butter Naan,Breads,1,60.00,0.00,3.00,20.00,83.00,60.00,Cash,Delivered
2026-04-05,SWG104194,Fried Rice,Rice & Noodles,1,170.00,8.50,8.08,30.00,199.58,161.50,UPI,Delivered
2026-04-05,SWG104195,Paneer Tikka,Starters,1,230.00,0.00,11.50,0.00,241.50,230.00,Credit Card,Delivered
2026-04-06,SWG104196,Gulab Jamun,Desserts,1,90.00,13.50,3.83,40.00,120.33,76.50,Credit Card,Delivered
2026-04-06,SWG104197,Paneer Butter Masala,Main Course,1,240.00,12.00,11.40,30.00,269.40,0.00,Credit Card,Cancelled
2026-04-06,SWG104198,Masala Dosa,South Indian,1,140.00,7.00,6.65,20.00,159.65,133.00,Debit Card,Delivered
2026-04-06,SWG104199,Paneer Butter Masala,Main Course,1,240.00,12.00,11.40,0.00,239.40,228.00,Credit Card,Delivered
2026-04-06,SWG104200,Butter Naan,Breads,1,60.00,9.00,2.55,30.00,83.55,51.00,UPI,Delivered
2026-04-06,SWG104201,Paneer Butter Masala,Main Course,2,480.00,0.00,24.00,30.00,534.00,480.00,Credit Card,Delivered
2026-04-06,SWG104202,Masala Dosa,South Indian,2,280.00,28.00,12.60,20.00,284.60,252.00,UPI,Delivered
2026-04-06,SWG104203,Butter Naan,Breads,1,60.00,3.00,2.85,30.00,89.85,57.00,Debit Card,Delivered
2026-04-06,SWG104204,Fried Rice,Rice & Noodles,1,170.00,0.00,8.50,0.00,178.50,170.00,Cash,Delivered
2026-04-06,SWG104205,Paneer Butter Masala,Main Course,3,720.00,108.00,30.60,30.00,672.60,612.00,Debit Card,Delivered
2026-04-06,SWG104206,Paneer Butter Masala,Main Course,1,240.00,24.00,10.80,20.00,246.80,216.00,UPI,Delivered
2026-04-06,SWG104207,Veg Biryani,Biryani,1,180.00,18.00,8.10,30.00,200.10,162.00,Credit Card,Delivered
2026-04-06,SWG104208,Masala Dosa,South Indian,2,280.00,0.00,14.00,0.00,294.00,280.00,Credit Card,Delivered
2026-04-06,SWG104209,Paneer Tikka,Starters,2,460.00,0.00,23.00,0.00,483.00,460.00,Debit Card,Delivered
2026-04-06,SWG104210,Paneer Tikka,Starters,1,230.00,23.00,10.35,20.00,237.35,207.00,Credit Card,Delivered
2026-04-06,SWG104211,Chicken Biryani,Biryani,1,220.00,11.00,10.45,20.00,239.45,209.00,Cash,Delivered
2026-04-07,SWG104212,Paneer Tikka,Starters,1,230.00,11.50,10.93,30.00,259.43,218.50,Cash,Delivered
2026-04-07,SWG104213,Paneer Butter Masala,Main Course,1,240.00,0.00,12.00,0.00,252.00,240.00,Credit Card,Delivered
2026-04-07,SWG104214,Gulab Jamun,Desserts,1,90.00,4.50,4.28,30.00,119.78,85.50,Credit Card,Delivered
2026-04-07,SWG104215,Masala Dosa,South Indian,1,140.00,21.00,5.95,20.00,144.95,119.00,Credit Card,Delivered
2026-04-07,SWG104216,Masala Dosa,South Indian,1,140.00,7.00,6.65,30.00,169.65,133.00,Credit Card,Delivered
2026-04-07,SWG104217,Veg Biryani,Biryani,1,180.00,27.00,7.65,30.00,190.65,153.00,Cash,Delivered
2026-04-07,SWG104218,Paneer Tikka,Starters,2,460.00,46.00,20.70,0.00,434.70,414.00,Debit Card,Delivered
2026-04-07,SWG104219,Masala Dosa,South Indian,1,140.00,7.00,6.65,20.00,159.65,133.00,Credit Card,Delivered
2026-04-07,SWG104220,Hakka Noodles,Rice & Noodles,1,180.00,0.00,9.00,40.00,229.00,180.00,Debit Card,Delivered
2026-04-07,SWG104221,Chicken Biryani,Biryani,1,220.00,22.00,9.90,20.00,227.90,0.00,Debit Card,Cancelled
2026-04-07,SWG104222,Gulab Jamun,Desserts,1,90.00,13.50,3.83,0.00,80.33,76.50,Cash,Delivered
2026-04-07,SWG104223,Gulab Jamun,Desserts,2,180.00,27.00,7.65,30.00,190.65,153.00,Debit Card,Delivered
2026-04-08,SWG104224,Gulab Jamun,Desserts,1,90.00,13.50,3.83,40.00,120.33,76.50,Debit Card,Delivered
2026-04-08,SWG104225,Fried Rice,Rice & Noodles,1,170.00,8.50,8.08,0.00,169.58,161.50,Debit Card,Delivered
2026-04-08,SWG104226,Masala Dosa,South Indian,1,140.00,21.00,5.95,20.00,144.95,119.00,Debit Card,Delivered
2026-04-08,SWG104227,Gulab Jamun,Desserts,1,90.00,13.50,3.83,40.00,120.33,76.50,Debit Card,Delivered
2026-04-08,SWG104228,Fried Rice,Rice & Noodles,1,170.00,0.00,8.50,40.00,218.50,170.00,UPI,Delivered
2026-04-08,SWG104229,Paneer Tikka,Starters,1,230.00,0.00,11.50,30.00,271.50,230.00,UPI,Delivered
2026-04-08,SWG104230,Paneer Butter Masala,Main Course,1,240.00,12.00,11.40,30.00,269.40,228.00,Cash,Delivered
2026-04-08,SWG104231,Paneer Butter Masala,Main Course,1,240.00,36.00,10.20,30.00,244.20,204.00,Debit Card,Delivered
2026-04-08,SWG104232,Chicken Biryani,Biryani,1,220.00,0.00,11.00,40.00,271.00,220.00,UPI,Delivered
2026-04-08,SWG104233,Paneer Tikka,Starters,1,230.00,23.00,10.35,30.00,247.35,207.00,Credit Card,Delivered
2026-04-08,SWG104234,Veg Biryani,Biryani,1,180.00,9.00,8.55,30.00,209.55,171.00,Cash,Delivered
2026-04-08,SWG104235,Gulab Jamun,Desserts,1,90.00,0.00,4.50,30.00,124.50,90.00,UPI,Delivered
2026-04-08,SWG104236,Chicken Tikka,Starters,2,520.00,78.00,22.10,20.00,484.10,442.00,Debit Card,Delivered
2026-04-08,SWG104237,Chicken Biryani,Biryani,1,220.00,22.00,9.90,20.00,227.90,198.00,Cash,Delivered
2026-04-08,SWG104238,Paneer Butter Masala,Main Course,1,240.00,12.00,11.40,30.00,269.40,228.00,UPI,Delivered
2026-04-08,SWG104239,Masala Dosa,South Indian,3,420.00,21.00,19.95,30.00,448.95,399.00,Credit Card,Delivered
2026-04-08,SWG104240,Hakka Noodles,Rice & Noodles,1,180.00,27.00,7.65,40.00,200.65,153.00,Cash,Delivered
2026-04-08,SWG104241,Masala Dosa,South Indian,1,140.00,0.00,7.00,40.00,187.00,140.00,Credit Card,Delivered
2026-04-08,SWG104242,Hakka Noodles,Rice & Noodles,1,180.00,9.00,8.55,40.00,219.55,171.00,UPI,Delivered
2026-04-08,SWG104243,Paneer Tikka,Starters,1,230.00,23.00,10.35,20.00,237.35,207.00,UPI,Delivered
2026-04-09,SWG104244,Butter Naan,Breads,1,60.00,9.00,2.55,30.00,83.55,51.00,Credit Card,Delivered
2026-04-09,SWG104245,Chicken Biryani,Biryani,2,440.00,44.00,19.80,20.00,435.80,396.00,Cash,Delivered
2026-04-09,SWG104246,Fried Rice,Rice & Noodles,1,170.00,25.50,7.23,40.00,191.73,144.50,Credit Card,Delivered
2026-04-09,SWG104247,Paneer Tikka,Starters,1,230.00,11.50,10.93,0.00,229.43,218.50,Cash,Delivered
2026-04-09,SWG104248,Veg Biryani,Biryani,1,180.00,18.00,8.10,20.00,190.10,162.00,Debit Card,Delivered
2026-04-09,SWG104249,Paneer Tikka,Starters,1,230.00,34.50,9.78,20.00,225.28,195.50,UPI,Delivered
2026-04-09,SWG104250,Butter Naan,Breads,1,60.00,6.00,2.70,40.00,96.70,54.00,UPI,Delivered
2026-04-09,SWG104251,Fried Rice,Rice & Noodles,1,170.00,0.00,8.50,40.00,218.50,170.00,UPI,Delivered
2026-04-09,SWG104252,Fried Rice,Rice & Noodles,1,170.00,17.00,7.65,40.00,200.65,153.00,Cash,Delivered
2026-04-09,SWG104253,Butter Naan,Breads,1,60.00,3.00,2.85,40.00,99.85,57.00,Cash,Delivered
2026-04-09,SWG104254,Fried Rice,Rice & Noodles,1,170.00,0.00,8.50,40.00,218.50,170.00,Debit Card,Delivered
2026-04-09,SWG104255,Fried Rice,Rice & Noodles,3,510.00,51.00,22.95,30.00,511.95,459.00,Credit Card,Delivered
2026-04-09,SWG104256,Masala Dosa,South Indian,2,280.00,28.00,12.60,20.00,284.60,252.00,Credit Card,Delivered
2026-04-09,SWG104257,Fried Rice,Rice & Noodles,1,170.00,17.00,7.65,0.00,160.65,153.00,Credit Card,Delivered
2026-04-09,SWG104258,Fried Rice,Rice & Noodles,1,170.00,25.50,7.23,40.00,191.73,144.50,Debit Card,Delivered
2026-04-09,SWG104259,Butter Naan,Breads,1,60.00,9.00,2.55,40.00,93.55,51.00,UPI,Delivered
2026-04-09,SWG104260,Masala Dosa,South Indian,1,140.00,14.00,6.30,20.00,152.30,126.00,UPI,Delivered
2026-04-09,SWG104261,Chicken Tikka,Starters,2,520.00,26.00,24.70,20.00,538.70,494.00,UPI,Delivered
2026-04-09,SWG104262,Chicken Biryani,Biryani,1,220.00,0.00,11.00,30.00,261.00,220.00,Cash,Delivered
2026-04-10,SWG104263,Chicken Tikka,Starters,1,260.00,13.00,12.35,20.00,279.35,247.00,Debit Card,Delivered
2026-04-10,SWG104264,Chicken Tikka,Starters,1,260.00,26.00,11.70,40.00,285.70,234.00,Debit Card,Delivered
2026-04-10,SWG104265,Butter Naan,Breads,2,120.00,6.00,5.70,40.00,159.70,114.00,UPI,Delivered
2026-04-10,SWG104266,Chicken Biryani,Biryani,2,440.00,0.00,22.00,30.00,492.00,440.00,UPI,Delivered
2026-04-10,SWG104267,Paneer Butter Masala,Main Course,1,240.00,12.00,11.40,30.00,269.40,228.00,Debit Card,Delivered
2026-04-10,SWG104268,Paneer Tikka,Starters,1,230.00,34.50,9.78,30.00,235.28,0.00,UPI,Cancelled
2026-04-10,SWG104269,Hakka Noodles,Rice & Noodles,1,180.00,18.00,8.10,20.00,190.10,162.00,Cash,Delivered
2026-04-10,SWG104270,Masala Dosa,South Indian,1,140.00,0.00,7.00,30.00,177.00,140.00,Cash,Delivered
2026-04-10,SWG104271,Fried Rice,Rice & Noodles,1,170.00,0.00,8.50,40.00,218.50,170.00,UPI,Delivered
2026-04-10,SWG104272,Masala Dosa,South Indian,1,140.00,21.00,5.95,40.00,164.95,119.00,Cash,Delivered
2026-04-10,SWG104273,Hakka Noodles,Rice & Noodles,2,360.00,0.00,18.00,30.00,408.00,360.00,Debit Card,Delivered
2026-04-10,SWG104274,Paneer Tikka,Starters,1,230.00,23.00,10.35,0.00,217.35,207.00,UPI,Delivered
2026-04-10,SWG104275,Masala Dosa,South Indian,1,140.00,7.00,6.65,20.00,159.65,133.00,Credit Card,Delivered
2026-04-10,SWG104276,Gulab Jamun,Desserts,1,90.00,13.50,3.83,40.00,120.33,76.50,UPI,Delivered
2026-04-10,SWG104277,Chicken Tikka,Starters,1,260.00,39.00,11.05,20.00,252.05,221.00,Cash,Delivered
2026-04-10,SWG104278,Butter Naan,Breads,2,120.00,0.00,6.00,30.00,156.00,120.00,UPI,Delivered
2026-04-10,SWG104279,Veg Biryani,Biryani,2,360.00,54.00,15.30,40.00,361.30,306.00,Cash,Delivered
2026-04-10,SWG104280,Masala Dosa,South Indian,1,140.00,7.00,6.65,20.00,159.65,133.00,UPI,Delivered
2026-04-10,SWG104281,Masala Dosa,South Indian,1,140.00,14.00,6.30,20.00,152.30,126.00,Debit Card,Delivered
2026-04-10,SWG104282,Masala Dosa,South Indian,2,280.00,0.00,14.00,20.00,314.00,280.00,Debit Card,Delivered
2026-04-10,SWG104283,Masala Dosa,South Indian,1,140.00,7.00,6.65,20.00,159.65,133.00,Cash,Delivered
2026-04-10,SWG104284,Veg Biryani,Biryani,2,360.00,0.00,18.00,40.00,418.00,360.00,Cash,Delivered
2026-04-11,SWG104285,Paneer Butter Masala,Main Course,3,720.00,72.00,32.40,0.00,680.40,648.00,Credit Card,Delivered
2026-04-11,SWG104286,Chicken Biryani,Biryani,1,220.00,22.00,9.90,20.00,227.90,198.00,Cash,Delivered
2026-04-11,SWG104287,Chicken Tikka,Starters,1,260.00,0.00,13.00,30.00,303.00,260.00,Debit Card,Delivered
2026-04-11,SWG104288,Butter Naan,Breads,1,60.00,9.00,2.55,30.00,83.55,51.00,UPI,Delivered
2026-04-11,SWG104289,Gulab Jamun,Desserts,1,90.00,0.00,4.50,20.00,114.50,0.00,Cash,Cancelled
2026-04-11,SWG104290,Chicken Tikka,Starters,1,260.00,0.00,13.00,40.00,313.00,260.00,Credit Card,Delivered
2026-04-11,SWG104291,Veg Biryani,Biryani,1,180.00,0.00,9.00,20.00,209.00,180.00,UPI,Delivered
2026-04-11,SWG104292,Hakka Noodles,Rice & Noodles,2,360.00,0.00,18.00,0.00,378.00,0.00,UPI,Cancelled
2026-04-11,SWG104293,Masala Dosa,South Indian,2,280.00,14.00,13.30,30.00,309.30,266.00,Credit Card,Delivered
2026-04-11,SWG104294,Masala Dosa,South Indian,2,280.00,0.00,14.00,30.00,324.00,280.00,Credit Card,Delivered
2026-04-11,SWG104295,Chicken Biryani,Biryani,2,440.00,0.00,22.00,20.00,482.00,440.00,Debit Card,Delivered
2026-04-11,SWG104296,Butter Naan,Breads,1,60.00,3.00,2.85,30.00,89.85,57.00,UPI,Delivered
2026-04-11,SWG104297,Masala Dosa,South Indian,1,140.00,0.00,7.00,20.00,167.00,140.00,Debit Card,Delivered
2026-04-11,SWG104298,Chicken Tikka,Starters,1,260.00,0.00,13.00,0.00,273.00,260.00,UPI,Delivered
2026-04-11,SWG104299,Veg Biryani,Biryani,1,180.00,18.00,8.10,30.00,200.10,162.00,Cash,Delivered
2026-04-11,SWG104300,Hakka Noodles,Rice & Noodles,1,180.00,0.00,9.00,0.00,189.00,180.00,Cash,Delivered
2026-04-11,SWG104301,Chicken Tikka,Starters,1,260.00,26.00,11.70,30.00,275.70,234.00,Cash,Delivered
2026-04-11,SWG104302,Paneer Tikka,Starters,1,230.00,23.00,10.35,30.00,247.35,0.00,Debit Card,Cancelled
2026-04-11,SWG104303,Paneer Butter Masala,Main Course,2,480.00,24.00,22.80,0.00,478.80,456.00,Debit Card,Delivered
2026-04-11,SWG104304,Chicken Tikka,Starters,1,260.00,39.00,11.05,30.00,262.05,221.00,UPI,Delivered
2026-04-12,SWG104305,Chicken Biryani,Biryani,1,220.00,0.00,11.00,40.00,271.00,0.00,Cash,Cancelled
2026-04-12,SWG104306,Gulab Jamun,Desserts,1,90.00,0.00,4.50,20.00,114.50,90.00,Debit Card,Delivered
2026-04-12,SWG104307,Butter Naan,Breads,2,120.00,0.00,6.00,40.00,166.00,120.00,Cash,Delivered
2026-04-12,SWG104308,Hakka Noodles,Rice & Noodles,2,360.00,18.00,17.10,0.00,359.10,342.00,Cash,Delivered
2026-04-12,SWG104309,Chicken Tikka,Starters,2,520.00,78.00,22.10,20.00,484.10,442.00,Cash,Delivered
2026-04-12,SWG104310,Gulab Jamun,Desserts,1,90.00,13.50,3.83,20.00,100.33,76.50,Credit Card,Delivered
2026-04-12,SWG104311,Masala Dosa,South Indian,1,140.00,0.00,7.00,0.00,147.00,140.00,Credit Card,Delivered
2026-04-12,SWG104312,Butter Naan,Breads,1,60.00,6.00,2.70,40.00,96.70,54.00,Credit Card,Delivered
2026-04-12,SWG104313,Hakka Noodles,Rice & Noodles,1,180.00,0.00,9.00,20.00,209.00,180.00,UPI,Delivered
2026-04-12,SWG104314,Chicken Biryani,Biryani,3,660.00,99.00,28.05,30.00,619.05,561.00,Cash,Delivered
2026-04-12,SWG104315,Butter Naan,Breads,1,60.00,3.00,2.85,40.00,99.85,57.00,Credit Card,Delivered
2026-04-12,SWG104316,Gulab Jamun,Desserts,1,90.00,9.00,4.05,30.00,115.05,81.00,UPI,Delivered
2026-04-12,SWG104317,Chicken Tikka,Starters,1,260.00,0.00,13.00,20.00,293.00,260.00,Cash,Delivered
2026-04-12,SWG104318,Chicken Biryani,Biryani,2,440.00,0.00,22.00,30.00,492.00,440.00,Credit Card,Delivered
2026-04-12,SWG104319,Butter Naan,Breads,1,60.00,9.00,2.55,30.00,83.55,51.00,Cash,Delivered
2026-04-12,SWG104320,Masala Dosa,South Indian,1,140.00,21.00,5.95,30.00,154.95,119.00,UPI,Delivered
2026-04-12,SWG104321,Masala Dosa,South Indian,2,280.00,28.00,12.60,40.00,304.60,252.00,Debit Card,Delivered
2026-04-12,SWG104322,Veg Biryani,Biryani,1,180.00,27.00,7.65,30.00,190.65,153.00,Debit Card,Delivered
2026-04-12,SWG104323,Paneer Tikka,Starters,2,460.00,23.00,21.85,40.00,498.85,437.00,Cash,Delivered
2026-04-12,SWG104324,Paneer Tikka,Starters,1,230.00,11.50,10.93,0.00,229.43,218.50,UPI,Delivered
2026-04-12,SWG104325,Paneer Tikka,Starters,1,230.00,11.50,10.93,0.00,229.43,218.50,UPI,Delivered
2026-04-12,SWG104326,Veg Biryani,Biryani,1,180.00,0.00,9.00,30.00,219.00,180.00,Debit Card,Delivered
2026-04-13,SWG104327,Paneer Butter Masala,Main Course,2,480.00,0.00,24.00,20.00,524.00,480.00,Credit Card,Delivered
2026-04-13,SWG104328,Chicken Tikka,Starters,1,260.00,26.00,11.70,30.00,275.70,234.00,Credit Card,Delivered
2026-04-13,SWG104329,Gulab Jamun,Desserts,1,90.00,0.00,4.50,0.00,94.50,90.00,UPI,Delivered
2026-04-13,SWG104330,Chicken Tikka,Starters,1,260.00,39.00,11.05,20.00,252.05,221.00,Debit Card,Delivered
2026-04-13,SWG104331,Paneer Butter Masala,Main Course,3,720.00,108.00,30.60,40.00,682.60,612.00,UPI,Delivered
2026-04-13,SWG104332,Gulab Jamun,Desserts,1,90.00,4.50,4.28,20.00,109.78,85.50,Cash,Delivered
2026-04-13,SWG104333,Fried Rice,Rice & Noodles,1,170.00,17.00,7.65,40.00,200.65,153.00,Cash,Delivered
2026-04-13,SWG104334,Chicken Tikka,Starters,1,260.00,13.00,12.35,20.00,279.35,247.00,Credit Card,Delivered
2026-04-13,SWG104335,Butter Naan,Breads,1,60.00,3.00,2.85,0.00,59.85,57.00,UPI,Delivered
2026-04-13,SWG104336,Hakka Noodles,Rice & Noodles,1,180.00,9.00,8.55,30.00,209.55,171.00,Cash,Delivered
2026-04-13,SWG104337,Hakka Noodles,Rice & Noodles,1,180.00,27.00,7.65,30.00,190.65,153.00,Cash,Delivered
2026-04-13,SWG104338,Fried Rice,Rice & Noodles,2,340.00,51.00,14.45,0.00,303.45,289.00,Cash,Delivered
2026-04-13,SWG104339,Masala Dosa,South Indian,1,140.00,7.00,6.65,40.00,179.65,0.00,Debit Card,Cancelled
2026-04-13,SWG104340,Gulab Jamun,Desserts,1,90.00,13.50,3.83,30.00,110.33,76.50,Credit Card,Delivered
2026-04-13,SWG104341,Chicken Tikka,Starters,1,260.00,0.00,13.00,40.00,313.00,260.00,Debit Card,Delivered
2026-04-14,SWG104342,Chicken Tikka,Starters,1,260.00,13.00,12.35,40.00,299.35,247.00,Cash,Delivered
2026-04-14,SWG104343,Masala Dosa,South Indian,1,140.00,0.00,7.00,30.00,177.00,0.00,Cash,Cancelled
2026-04-14,SWG104344,Butter Naan,Breads,1,60.00,6.00,2.70,0.00,56.70,54.00,UPI,Delivered
2026-04-14,SWG104345,Gulab Jamun,Desserts,1,90.00,13.50,3.83,30.00,110.33,76.50,Debit Card,Delivered
2026-04-14,SWG104346,Gulab Jamun,Desserts,1,90.00,9.00,4.05,0.00,85.05,81.00,Cash,Delivered
2026-04-14,SWG104347,Masala Dosa,South Indian,2,280.00,42.00,11.90,40.00,289.90,238.00,Cash,Delivered
2026-04-14,SWG104348,Veg Biryani,Biryani,2,360.00,0.00,18.00,0.00,378.00,360.00,Credit Card,Delivered
2026-04-14,SWG104349,Chicken Tikka,Starters,1,260.00,13.00,12.35,0.00,259.35,247.00,Cash,Delivered
2026-04-14,SWG104350,Veg Biryani,Biryani,2,360.00,0.00,18.00,30.00,408.00,360.00,Credit Card,Delivered
2026-04-14,SWG104351,Butter Naan,Breads,2,120.00,6.00,5.70,20.00,139.70,114.00,Credit Card,Delivered
2026-04-14,SWG104352,Masala Dosa,South Indian,2,280.00,14.00,13.30,40.00,319.30,266.00,UPI,Delivered
2026-04-14,SWG104353,Gulab Jamun,Desserts,1,90.00,9.00,4.05,40.00,125.05,81.00,UPI,Delivered
2026-04-14,SWG104354,Paneer Butter Masala,Main Course,2,480.00,0.00,24.00,30.00,534.00,480.00,Credit Card,Delivered
2026-04-14,SWG104355,Veg Biryani,Biryani,2,360.00,0.00,18.00,0.00,378.00,360.00,Debit Card,Delivered
2026-04-15,SWG104356,Veg Biryani,Biryani,1,180.00,27.00,7.65,40.00,200.65,0.00,Cash,Cancelled
2026-04-15,SWG104357,Paneer Butter Masala,Main Course,2,480.00,48.00,21.60,30.00,483.60,432.00,UPI,Delivered
2026-04-15,SWG104358,Chicken Tikka,Starters,1,260.00,13.00,12.35,40.00,299.35,247.00,Cash,Delivered
2026-04-15,SWG104359,Fried Rice,Rice & Noodles,2,340.00,51.00,14.45,20.00,323.45,289.00,UPI,Delivered
2026-04-15,SWG104360,Chicken Tikka,Starters,1,260.00,39.00,11.05,30.00,262.05,221.00,UPI,Delivered
2026-04-15,SWG104361,Paneer Butter Masala,Main Course,1,240.00,12.00,11.40,30.00,269.40,228.00,Credit Card,Delivered
2026-04-15,SWG104362,Hakka Noodles,Rice & Noodles,1,180.00,0.00,9.00,20.00,209.00,0.00,Debit Card,Cancelled
2026-04-15,SWG104363,Chicken Tikka,Starters,1,260.00,13.00,12.35,20.00,279.35,247.00,Cash,Delivered
2026-04-15,SWG104364,Fried Rice,Rice & Noodles,1,170.00,17.00,7.65,20.00,180.65,153.00,Credit Card,Delivered
2026-04-15,SWG104365,Paneer Tikka,Starters,1,230.00,23.00,10.35,20.00,237.35,207.00,Debit Card,Delivered
2026-04-15,SWG104366,Paneer Tikka,Starters,1,230.00,23.00,10.35,30.00,247.35,207.00,UPI,Delivered
2026-04-15,SWG104367,Fried Rice,Rice & Noodles,1,170.00,0.00,8.50,40.00,218.50,170.00,UPI,Delivered
2026-04-15,SWG104368,Gulab Jamun,Desserts,1,90.00,0.00,4.50,0.00,94.50,90.00,Debit Card,Delivered
2026-04-15,SWG104369,Chicken Tikka,Starters,1,260.00,26.00,11.70,30.00,275.70,234.00,Debit Card,Delivered
2026-04-15,SWG104370,Gulab Jamun,Desserts,2,180.00,18.00,8.10,20.00,190.10,162.00,Cash,Delivered
2026-04-15,SWG104371,Masala Dosa,South Indian,1,140.00,7.00,6.65,20.00,159.65,133.00,Debit Card,Delivered
2026-04-15,SWG104372,Gulab Jamun,Desserts,1,90.00,13.50,3.83,40.00,120.33,76.50,Cash,Delivered
2026-04-15,SWG104373,Chicken Tikka,Starters,1,260.00,0.00,13.00,40.00,313.00,260.00,Debit Card,Delivered
2026-04-15,SWG104374,Masala Dosa,South Indian,1,140.00,14.00,6.30,20.00,152.30,126.00,Debit Card,Delivered
2026-04-15,SWG104375,Veg Biryani,Biryani,3,540.00,81.00,22.95,40.00,521.95,459.00,UPI,Delivered
2026-04-16,SWG104376,Chicken Tikka,Starters,2,520.00,26.00,24.70,20.00,538.70,494.00,Debit Card,Delivered
2026-04-16,SWG104377,Gulab Jamun,Desserts,2,180.00,0.00,9.00,40.00,229.00,180.00,Credit Card,Delivered
2026-04-16,SWG104378,Masala Dosa,South Indian,2,280.00,28.00,12.60,20.00,284.60,252.00,Cash,Delivered
2026-04-16,SWG104379,Fried Rice,Rice & Noodles,1,170.00,0.00,8.50,0.00,178.50,170.00,Debit Card,Delivered
2026-04-16,SWG104380,Masala Dosa,South Indian,1,140.00,7.00,6.65,30.00,169.65,133.00,Debit Card,Delivered
2026-04-16,SWG104381,Veg Biryani,Biryani,1,180.00,18.00,8.10,40.00,210.10,162.00,Debit Card,Delivered
2026-04-16,SWG104382,Chicken Tikka,Starters,1,260.00,26.00,11.70,40.00,285.70,234.00,Credit Card,Delivered
2026-04-16,SWG104383,Chicken Tikka,Starters,1,260.00,39.00,11.05,30.00,262.05,221.00,Debit Card,Delivered
2026-04-16,SWG104384,Chicken Tikka,Starters,1,260.00,26.00,11.70,20.00,265.70,234.00,Credit Card,Delivered
2026-04-16,SWG104385,Hakka Noodles,Rice & Noodles,1,180.00,18.00,8.10,30.00,200.10,162.00,Debit Card,Delivered
2026-04-16,SWG104386,Fried Rice,Rice & Noodles,1,170.00,17.00,7.65,40.00,200.65,153.00,UPI,Delivered
2026-04-16,SWG104387,Paneer Tikka,Starters,1,230.00,11.50,10.93,30.00,259.43,218.50,UPI,Delivered
2026-04-16,SWG104388,Veg Biryani,Biryani,1,180.00,9.00,8.55,20.00,199.55,171.00,Debit Card,Delivered
2026-04-16,SWG104389,Fried Rice,Rice & Noodles,1,170.00,0.00,8.50,40.00,218.50,170.00,Cash,Delivered
2026-04-17,SWG104390,Fried Rice,Rice & Noodles,1,170.00,0.00,8.50,30.00,208.50,170.00,Cash,Delivered
2026-04-17,SWG104391,Gulab Jamun,Desserts,1,90.00,4.50,4.28,30.00,119.78,85.50,Debit Card,Delivered
2026-04-17,SWG104392,Chicken Tikka,Starters,1,260.00,0.00,13.00,20.00,293.00,260.00,Debit Card,Delivered
2026-04-17,SWG104393,Chicken Tikka,Starters,1,260.00,39.00,11.05,0.00,232.05,221.00,UPI,Delivered
2026-04-17,SWG104394,Veg Biryani,Biryani,1,180.00,27.00,7.65,0.00,160.65,153.00,Cash,Delivered
2026-04-17,SWG104395,Chicken Tikka,Starters,1,260.00,0.00,13.00,0.00,273.00,260.00,Cash,Delivered
2026-04-17,SWG104396,Chicken Biryani,Biryani,2,440.00,66.00,18.70,30.00,422.70,374.00,Cash,Delivered
2026-04-17,SWG104397,Hakka Noodles,Rice & Noodles,1,180.00,9.00,8.55,30.00,209.55,171.00,UPI,Delivered
2026-04-17,SWG104398,Paneer Tikka,Starters,2,460.00,23.00,21.85,0.00,458.85,437.00,Debit Card,Delivered
2026-04-17,SWG104399,Gulab Jamun,Desserts,2,180.00,9.00,8.55,40.00,219.55,171.00,Credit Card,Delivered
2026-04-17,SWG104400,Chicken Tikka,Starters,3,780.00,117.00,33.15,40.00,736.15,0.00,Debit Card,Cancelled
2026-04-17,SWG104401,Chicken Tikka,Starters,1,260.00,39.00,11.05,0.00,232.05,221.00,Cash,Delivered
2026-04-17,SWG104402,Butter Naan,Breads,1,60.00,3.00,2.85,30.00,89.85,57.00,Credit Card,Delivered
2026-04-17,SWG104403,Veg Biryani,Biryani,2,360.00,0.00,18.00,20.00,398.00,360.00,UPI,Delivered
2026-04-17,SWG104404,Masala Dosa,South Indian,1,140.00,21.00,5.95,30.00,154.95,119.00,Debit Card,Delivered
2026-04-17,SWG104405,Gulab Jamun,Desserts,1,90.00,13.50,3.83,20.00,100.33,76.50,Cash,Delivered
2026-04-17,SWG104406,Fried Rice,Rice & Noodles,2,340.00,0.00,17.00,30.00,387.00,340.00,UPI,Delivered
2026-04-17,SWG104407,Veg Biryani,Biryani,1,180.00,0.00,9.00,0.00,189.00,180.00,Credit Card,Delivered
2026-04-17,SWG104408,Chicken Tikka,Starters,2,520.00,78.00,22.10,30.00,494.10,442.00,Credit Card,Delivered
2026-04-17,SWG104409,Paneer Tikka,Starters,2,460.00,23.00,21.85,30.00,488.85,437.00,Cash,Delivered
2026-04-17,SWG104410,Veg Biryani,Biryani,2,360.00,54.00,15.30,30.00,351.30,306.00,UPI,Delivered
2026-04-17,SWG104411,Butter Naan,Breads,2,120.00,18.00,5.10,40.00,147.10,102.00,UPI,Delivered
2026-04-17,SWG104412,Paneer Butter Masala,Main Course,2,480.00,24.00,22.80,20.00,498.80,456.00,Credit Card,Delivered
2026-04-17,SWG104413,Paneer Butter Masala,Main Course,1,240.00,12.00,11.40,30.00,269.40,228.00,Cash,Delivered
2026-04-17,SWG104414,Paneer Butter Masala,Main Course,2,480.00,72.00,20.40,20.00,448.40,408.00,Debit Card,Delivered
2026-04-17,SWG104415,Paneer Tikka,Starters,3,690.00,69.00,31.05,40.00,692.05,621.00,Debit Card,Delivered
2026-04-17,SWG104416,Paneer Tikka,Starters,2,460.00,23.00,21.85,20.00,478.85,437.00,Debit Card,Delivered
2026-04-18,SWG104417,Masala Dosa,South Indian,1,140.00,0.00,7.00,0.00,147.00,140.00,Debit Card,Delivered
2026-04-18,SWG104418,Paneer Butter Masala,Main Course,1,240.00,36.00,10.20,20.00,234.20,204.00,UPI,Delivered
2026-04-18,SWG104419,Chicken Tikka,Starters,1,260.00,13.00,12.35,0.00,259.35,247.00,Credit Card,Delivered
2026-04-18,SWG104420,Fried Rice,Rice & Noodles,2,340.00,51.00,14.45,30.00,333.45,289.00,Debit Card,Delivered
2026-04-18,SWG104421,Fried Rice,Rice & Noodles,2,340.00,34.00,15.30,40.00,361.30,306.00,Credit Card,Delivered
2026-04-18,SWG104422,Chicken Biryani,Biryani,2,440.00,44.00,19.80,20.00,435.80,396.00,Debit Card,Delivered
2026-04-18,SWG104423,Masala Dosa,South Indian,3,420.00,0.00,21.00,0.00,441.00,420.00,Credit Card,Delivered
2026-04-18,SWG104424,Hakka Noodles,Rice & Noodles,1,180.00,27.00,7.65,0.00,160.65,153.00,Cash,Delivered
2026-04-18,SWG104425,Paneer Tikka,Starters,2,460.00,69.00,19.55,40.00,450.55,391.00,UPI,Delivered
2026-04-19,SWG104426,Fried Rice,Rice & Noodles,1,170.00,8.50,8.08,40.00,209.58,161.50,Debit Card,Delivered
2026-04-19,SWG104427,Chicken Biryani,Biryani,1,220.00,33.00,9.35,0.00,196.35,187.00,Credit Card,Delivered
2026-04-19,SWG104428,Paneer Butter Masala,Main Course,1,240.00,0.00,12.00,30.00,282.00,240.00,Cash,Delivered
2026-04-19,SWG104429,Hakka Noodles,Rice & Noodles,1,180.00,18.00,8.10,0.00,170.10,162.00,Credit Card,Delivered
2026-04-19,SWG104430,Chicken Biryani,Biryani,1,220.00,11.00,10.45,40.00,259.45,209.00,Debit Card,Delivered
2026-04-19,SWG104431,Paneer Tikka,Starters,1,230.00,34.50,9.78,40.00,245.28,195.50,UPI,Delivered
2026-04-19,SWG104432,Paneer Tikka,Starters,1,230.00,11.50,10.93,0.00,229.43,218.50,Debit Card,Delivered
2026-04-19,SWG104433,Gulab Jamun,Desserts,1,90.00,13.50,3.83,0.00,80.33,76.50,Credit Card,Delivered
2026-04-19,SWG104434,Chicken Tikka,Starters,2,520.00,0.00,26.00,40.00,586.00,520.00,UPI,Delivered
2026-04-19,SWG104435,Hakka Noodles,Rice & Noodles,1,180.00,18.00,8.10,0.00,170.10,162.00,Credit Card,Delivered
2026-04-19,SWG104436,Gulab Jamun,Desserts,1,90.00,0.00,4.50,40.00,134.50,90.00,UPI,Delivered
2026-04-19,SWG104437,Chicken Tikka,Starters,2,520.00,0.00,26.00,20.00,566.00,520.00,Cash,Delivered
2026-04-19,SWG104438,Butter Naan,Breads,2,120.00,12.00,5.40,20.00,133.40,108.00,UPI,Delivered
2026-04-19,SWG104439,Butter Naan,Breads,1,60.00,9.00,2.55,0.00,53.55,51.00,Cash,Delivered
2026-04-19,SWG104440,Chicken Tikka,Starters,2,520.00,0.00,26.00,20.00,566.00,520.00,Credit Card,Delivered
2026-04-19,SWG104441,Veg Biryani,Biryani,2,360.00,36.00,16.20,20.00,360.20,324.00,Debit Card,Delivered
2026-04-19,SWG104442,Veg Biryani,Biryani,1,180.00,0.00,9.00,0.00,189.00,180.00,Cash,Delivered
2026-04-19,SWG104443,Veg Biryani,Biryani,2,360.00,36.00,16.20,0.00,340.20,324.00,Debit Card,Delivered
2026-04-19,SWG104444,Masala Dosa,South Indian,1,140.00,7.00,6.65,30.00,169.65,133.00,Credit Card,Delivered
2026-04-19,SWG104445,Paneer Butter Masala,Main Course,1,240.00,0.00,12.00,20.00,272.00,240.00,Credit Card,Delivered
2026-04-19,SWG104446,Veg Biryani,Biryani,1,180.00,18.00,8.10,30.00,200.10,162.00,Cash,Delivered
2026-04-19,SWG104447,Gulab Jamun,Desserts,1,90.00,4.50,4.28,30.00,119.78,85.50,Cash,Delivered
2026-04-19,SWG104448,Paneer Butter Masala,Main Course,1,240.00,36.00,10.20,0.00,214.20,204.00,UPI,Delivered
2026-04-19,SWG104449,Veg Biryani,Biryani,1,180.00,27.00,7.65,40.00,200.65,153.00,Debit Card,Delivered
2026-04-19,SWG104450,Paneer Butter Masala,Main Course,1,240.00,36.00,10.20,0.00,214.20,204.00,Cash,Delivered
2026-04-19,SWG104451,Masala Dosa,South Indian,1,140.00,7.00,6.65,30.00,169.65,133.00,Cash,Delivered
2026-04-19,SWG104452,Paneer Tikka,Starters,1,230.00,0.00,11.50,40.00,281.50,230.00,Cash,Delivered
2026-04-19,SWG104453,Fried Rice,Rice & Noodles,1,170.00,25.50,7.23,0.00,151.73,144.50,Debit Card,Delivered
2026-04-20,SWG104454,Veg Biryani,Biryani,1,180.00,27.00,7.65,20.00,180.65,153.00,Cash,Delivered
2026-04-20,SWG104455,Veg Biryani,Biryani,1,180.00,9.00,8.55,20.00,199.55,171.00,Cash,Delivered
2026-04-20,SWG104456,Fried Rice,Rice & Noodles,1,170.00,25.50,7.23,30.00,181.73,0.00,Debit Card,Cancelled
2026-04-20,SWG104457,Paneer Butter Masala,Main Course,2,480.00,48.00,21.60,30.00,483.60,432.00,UPI,Delivered
2026-04-20,SWG104458,Gulab Jamun,Desserts,1,90.00,13.50,3.83,20.00,100.33,76.50,UPI,Delivered
2026-04-20,SWG104459,Chicken Tikka,Starters,1,260.00,26.00,11.70,30.00,275.70,234.00,UPI,Delivered
2026-04-20,SWG104460,Fried Rice,Rice & Noodles,1,170.00,17.00,7.65,30.00,190.65,153.00,Cash,Delivered
2026-04-20,SWG104461,Paneer Butter Masala,Main Course,1,240.00,0.00,12.00,40.00,292.00,240.00,Cash,Delivered
2026-04-20,SWG104462,Paneer Tikka,Starters,1,230.00,34.50,9.78,30.00,235.28,195.50,Debit Card,Delivered
2026-04-20,SWG104463,Paneer Tikka,Starters,1,230.00,11.50,10.93,40.00,269.43,218.50,Cash,Delivered
2026-04-20,SWG104464,Gulab Jamun,Desserts,1,90.00,9.00,4.05,30.00,115.05,81.00,UPI,Delivered
2026-04-20,SWG104465,Veg Biryani,Biryani,1,180.00,18.00,8.10,40.00,210.10,162.00,Debit Card,Delivered
2026-04-20,SWG104466,Paneer Tikka,Starters,1,230.00,34.50,9.78,40.00,245.28,195.50,Credit Card,Delivered
2026-04-20,SWG104467,Paneer Tikka,Starters,1,230.00,11.50,10.93,40.00,269.43,218.50,Cash,Delivered
2026-04-20,SWG104468,Chicken Biryani,Biryani,1,220.00,33.00,9.35,40.00,236.35,187.00,Cash,Delivered
2026-04-20,SWG104469,Gulab Jamun,Desserts,1,90.00,0.00,4.50,20.00,114.50,90.00,Cash,Delivered
2026-04-20,SWG104470,Butter Naan,Breads,1,60.00,9.00,2.55,40.00,93.55,51.00,Cash,Delivered
2026-04-21,SWG104471,Chicken Biryani,Biryani,2,440.00,22.00,20.90,30.00,468.90,418.00,Cash,Delivered
2026-04-21,SWG104472,Butter Naan,Breads,1,60.00,0.00,3.00,40.00,103.00,60.00,Credit Card,Delivered
2026-04-21,SWG104473,Masala Dosa,South Indian,1,140.00,7.00,6.65,20.00,159.65,133.00,Credit Card,Delivered
2026-04-21,SWG104474,Chicken Biryani,Biryani,2,440.00,22.00,20.90,20.00,458.90,418.00,Cash,Delivered
2026-04-21,SWG104475,Chicken Biryani,Biryani,2,440.00,0.00,22.00,40.00,502.00,440.00,Debit Card,Delivered
2026-04-21,SWG104476,Veg Biryani,Biryani,1,180.00,0.00,9.00,40.00,229.00,180.00,Credit Card,Delivered
2026-04-21,SWG104477,Veg Biryani,Biryani,1,180.00,27.00,7.65,30.00,190.65,153.00,Debit Card,Delivered
2026-04-21,SWG104478,Paneer Butter Masala,Main Course,1,240.00,24.00,10.80,20.00,246.80,216.00,UPI,Delivered
2026-04-21,SWG104479,Chicken Biryani,Biryani,2,440.00,44.00,19.80,30.00,445.80,396.00,Debit Card,Delivered
2026-04-21,SWG104480,Masala Dosa,South Indian,1,140.00,14.00,6.30,20.00,152.30,126.00,UPI,Delivered
2026-04-21,SWG104481,Masala Dosa,South Indian,1,140.00,14.00,6.30,30.00,162.30,126.00,UPI,Delivered
2026-04-21,SWG104482,Chicken Tikka,Starters,1,260.00,39.00,11.05,40.00,272.05,221.00,Debit Card,Delivered
2026-04-21,SWG104483,Butter Naan,Breads,1,60.00,0.00,3.00,40.00,103.00,60.00,Cash,Delivered
2026-04-21,SWG104484,Hakka Noodles,Rice & Noodles,1,180.00,27.00,7.65,40.00,200.65,153.00,Credit Card,Delivered
2026-04-21,SWG104485,Chicken Biryani,Biryani,1,220.00,11.00,10.45,20.00,239.45,209.00,UPI,Delivered
2026-04-21,SWG104486,Fried Rice,Rice & Noodles,1,170.00,0.00,8.50,30.00,208.50,170.00,Cash,Delivered
2026-04-21,SWG104487,Veg Biryani,Biryani,3,540.00,27.00,25.65,40.00,578.65,513.00,Cash,Delivered
2026-04-21,SWG104488,Butter Naan,Breads,2,120.00,18.00,5.10,20.00,127.10,102.00,UPI,Delivered
2026-04-21,SWG104489,Masala Dosa,South Indian,2,280.00,28.00,12.60,30.00,294.60,252.00,Credit Card,Delivered
2026-04-21,SWG104490,Gulab Jamun,Desserts,2,180.00,27.00,7.65,40.00,200.65,153.00,UPI,Delivered
2026-04-21,SWG104491,Paneer Tikka,Starters,1,230.00,11.50,10.93,20.00,249.43,218.50,UPI,Delivered
2026-04-21,SWG104492,Fried Rice,Rice & Noodles,1,170.00,17.00,7.65,0.00,160.65,153.00,Credit Card,Delivered
2026-04-21,SWG104493,Hakka Noodles,Rice & Noodles,1,180.00,18.00,8.10,0.00,170.10,162.00,UPI,Delivered
2026-04-21,SWG104494,Butter Naan,Breads,1,60.00,0.00,3.00,0.00,63.00,60.00,Cash,Delivered
2026-04-22,SWG104495,Chicken Tikka,Starters,1,260.00,26.00,11.70,0.00,245.70,234.00,Cash,Delivered
2026-04-22,SWG104496,Gulab Jamun,Desserts,1,90.00,0.00,4.50,0.00,94.50,90.00,Debit Card,Delivered
2026-04-22,SWG104497,Paneer Tikka,Starters,1,230.00,34.50,9.78,30.00,235.28,195.50,UPI,Delivered
2026-04-22,SWG104498,Paneer Butter Masala,Main Course,1,240.00,36.00,10.20,40.00,254.20,204.00,Credit Card,Delivered
2026-04-22,SWG104499,Chicken Biryani,Biryani,1,220.00,33.00,9.35,0.00,196.35,187.00,Debit Card,Delivered
2026-04-22,SWG104500,Masala Dosa,South Indian,1,140.00,7.00,6.65,20.00,159.65,133.00,Debit Card,Delivered
2026-04-22,SWG104501,Hakka Noodles,Rice & Noodles,3,540.00,27.00,25.65,20.00,558.65,513.00,Credit Card,Delivered
2026-04-22,SWG104502,Paneer Tikka,Starters,1,230.00,0.00,11.50,40.00,281.50,230.00,UPI,Delivered
2026-04-22,SWG104503,Masala Dosa,South Indian,1,140.00,7.00,6.65,20.00,159.65,133.00,Cash,Delivered
2026-04-22,SWG104504,Paneer Butter Masala,Main Course,1,240.00,24.00,10.80,0.00,226.80,216.00,Cash,Delivered
2026-04-22,SWG104505,Chicken Biryani,Biryani,1,220.00,0.00,11.00,0.00,231.00,220.00,Cash,Delivered
2026-04-22,SWG104506,Gulab Jamun,Desserts,3,270.00,40.50,11.48,20.00,260.98,229.50,Credit Card,Delivered
2026-04-22,SWG104507,Chicken Tikka,Starters,1,260.00,13.00,12.35,0.00,259.35,247.00,Credit Card,Delivered
2026-04-22,SWG104508,Hakka Noodles,Rice & Noodles,1,180.00,18.00,8.10,20.00,190.10,162.00,Credit Card,Delivered
2026-04-22,SWG104509,Gulab Jamun,Desserts,1,90.00,0.00,4.50,30.00,124.50,90.00,Credit Card,Delivered
2026-04-22,SWG104510,Fried Rice,Rice & Noodles,1,170.00,8.50,8.08,0.00,169.58,161.50,Debit Card,Delivered
2026-04-22,SWG104511,Chicken Tikka,Starters,2,520.00,0.00,26.00,40.00,586.00,520.00,Cash,Delivered
2026-04-22,SWG104512,Paneer Butter Masala,Main Course,1,240.00,12.00,11.40,0.00,239.40,228.00,Cash,Delivered
2026-04-22,SWG104513,Chicken Tikka,Starters,2,520.00,78.00,22.10,30.00,494.10,442.00,UPI,Delivered
2026-04-22,SWG104514,Masala Dosa,South Indian,2,280.00,28.00,12.60,40.00,304.60,252.00,Cash,Delivered
2026-04-23,SWG104515,Gulab Jamun,Desserts,1,90.00,4.50,4.28,0.00,89.78,85.50,Cash,Delivered
2026-04-23,SWG104516,Fried Rice,Rice & Noodles,1,170.00,25.50,7.23,40.00,191.73,144.50,Debit Card,Delivered
2026-04-23,SWG104517,Masala Dosa,South Indian,1,140.00,14.00,6.30,20.00,152.30,126.00,Debit Card,Delivered
2026-04-23,SWG104518,Masala Dosa,South Indian,1,140.00,21.00,5.95,40.00,164.95,119.00,Cash,Delivered
2026-04-23,SWG104519,Chicken Tikka,Starters,1,260.00,26.00,11.70,40.00,285.70,234.00,Debit Card,Delivered
2026-04-23,SWG104520,Veg Biryani,Biryani,2,360.00,0.00,18.00,20.00,398.00,360.00,UPI,Delivered
2026-04-23,SWG104521,Veg Biryani,Biryani,1,180.00,0.00,9.00,30.00,219.00,180.00,Cash,Delivered
2026-04-23,SWG104522,Gulab Jamun,Desserts,2,180.00,0.00,9.00,0.00,189.00,180.00,Debit Card,Delivered
2026-04-23,SWG104523,Chicken Biryani,Biryani,1,220.00,33.00,9.35,30.00,226.35,187.00,Cash,Delivered
2026-04-23,SWG104524,Paneer Tikka,Starters,1,230.00,11.50,10.93,40.00,269.43,218.50,Credit Card,Delivered
2026-04-23,SWG104525,Butter Naan,Breads,1,60.00,3.00,2.85,0.00,59.85,57.00,Credit Card,Delivered
2026-04-23,SWG104526,Chicken Biryani,Biryani,1,220.00,0.00,11.00,30.00,261.00,220.00,UPI,Delivered
2026-04-23,SWG104527,Paneer Butter Masala,Main Course,1,240.00,12.00,11.40,40.00,279.40,228.00,UPI,Delivered
2026-04-23,SWG104528,Fried Rice,Rice & Noodles,1,170.00,8.50,8.08,40.00,209.58,161.50,UPI,Delivered
2026-04-23,SWG104529,Masala Dosa,South Indian,1,140.00,14.00,6.30,40.00,172.30,126.00,UPI,Delivered
2026-04-23,SWG104530,Chicken Biryani,Biryani,1,220.00,22.00,9.90,20.00,227.90,198.00,Credit Card,Delivered
2026-04-23,SWG104531,Veg Biryani,Biryani,3,540.00,54.00,24.30,40.00,550.30,486.00,Credit Card,Delivered
2026-04-23,SWG104532,Butter Naan,Breads,1,60.00,3.00,2.85,30.00,89.85,57.00,Cash,Delivered
2026-04-23,SWG104533,Fried Rice,Rice & Noodles,2,340.00,0.00,17.00,30.00,387.00,340.00,UPI,Delivered
2026-04-24,SWG104534,Butter Naan,Breads,1,60.00,3.00,2.85,30.00,89.85,57.00,Credit Card,Delivered
2026-04-24,SWG104535,Paneer Tikka,Starters,1,230.00,0.00,11.50,20.00,261.50,230.00,UPI,Delivered
2026-04-24,SWG104536,Gulab Jamun,Desserts,1,90.00,0.00,4.50,40.00,134.50,90.00,Cash,Delivered
2026-04-24,SWG104537,Paneer Tikka,Starters,1,230.00,23.00,10.35,30.00,247.35,207.00,Cash,Delivered
2026-04-24,SWG104538,Veg Biryani,Biryani,2,360.00,36.00,16.20,30.00,370.20,324.00,UPI,Delivered
2026-04-24,SWG104539,Masala Dosa,South Indian,1,140.00,7.00,6.65,0.00,139.65,133.00,Cash,Delivered
2026-04-24,SWG104540,Gulab Jamun,Desserts,1,90.00,0.00,4.50,40.00,134.50,90.00,Debit Card,Delivered
2026-04-24,SWG104541,Masala Dosa,South Indian,2,280.00,14.00,13.30,20.00,299.30,266.00,Credit Card,Delivered
2026-04-24,SWG104542,Gulab Jamun,Desserts,1,90.00,0.00,4.50,30.00,124.50,90.00,Credit Card,Delivered
2026-04-24,SWG104543,Gulab Jamun,Desserts,2,180.00,18.00,8.10,20.00,190.10,162.00,Credit Card,Delivered
2026-04-24,SWG104544,Chicken Tikka,Starters,1,260.00,13.00,12.35,0.00,259.35,247.00,Credit Card,Delivered
2026-04-24,SWG104545,Chicken Biryani,Biryani,2,440.00,22.00,20.90,30.00,468.90,418.00,Credit Card,Delivered
2026-04-24,SWG104546,Chicken Biryani,Biryani,1,220.00,11.00,10.45,40.00,259.45,209.00,Credit Card,Delivered
2026-04-24,SWG104547,Butter Naan,Breads,1,60.00,9.00,2.55,30.00,83.55,51.00,Debit Card,Delivered
2026-04-24,SWG104548,Veg Biryani,Biryani,1,180.00,27.00,7.65,20.00,180.65,153.00,Credit Card,Delivered
2026-04-24,SWG104549,Chicken Tikka,Starters,1,260.00,0.00,13.00,40.00,313.00,260.00,Credit Card,Delivered
2026-04-24,SWG104550,Butter Naan,Breads,1,60.00,0.00,3.00,40.00,103.00,60.00,Debit Card,Delivered
2026-04-24,SWG104551,Chicken Tikka,Starters,1,260.00,39.00,11.05,0.00,232.05,221.00,Debit Card,Delivered
2026-04-24,SWG104552,Chicken Biryani,Biryani,1,220.00,11.00,10.45,30.00,249.45,209.00,Cash,Delivered
2026-04-24,SWG104553,Masala Dosa,South Indian,1,140.00,7.00,6.65,30.00,169.65,133.00,UPI,Delivered
2026-04-24,SWG104554,Butter Naan,Breads,1,60.00,0.00,3.00,40.00,103.00,60.00,UPI,Delivered
2026-04-24,SWG104555,Gulab Jamun,Desserts,1,90.00,4.50,4.28,30.00,119.78,85.50,Debit Card,Delivered
2026-04-24,SWG104556,Veg Biryani,Biryani,1,180.00,18.00,8.10,30.00,200.10,162.00,UPI,Delivered
2026-04-24,SWG104557,Gulab Jamun,Desserts,1,90.00,13.50,3.83,0.00,80.33,76.50,Cash,Delivered
2026-04-25,SWG104558,Fried Rice,Rice & Noodles,2,340.00,51.00,14.45,40.00,343.45,289.00,Credit Card,Delivered
2026-04-25,SWG104559,Hakka Noodles,Rice & Noodles,1,180.00,9.00,8.55,30.00,209.55,171.00,UPI,Delivered
2026-04-25,SWG104560,Paneer Tikka,Starters,1,230.00,34.50,9.78,20.00,225.28,195.50,UPI,Delivered
2026-04-25,SWG104561,Hakka Noodles,Rice & Noodles,1,180.00,27.00,7.65,20.00,180.65,153.00,UPI,Delivered
2026-04-25,SWG104562,Chicken Biryani,Biryani,1,220.00,0.00,11.00,30.00,261.00,220.00,Credit Card,Delivered
2026-04-25,SWG104563,Chicken Biryani,Biryani,1,220.00,33.00,9.35,30.00,226.35,187.00,Cash,Delivered
2026-04-25,SWG104564,Gulab Jamun,Desserts,1,90.00,0.00,4.50,30.00,124.50,90.00,Credit Card,Delivered
2026-04-25,SWG104565,Paneer Tikka,Starters,1,230.00,0.00,11.50,0.00,241.50,230.00,UPI,Delivered
2026-04-25,SWG104566,Masala Dosa,South Indian,2,280.00,42.00,11.90,0.00,249.90,238.00,Credit Card,Delivered
2026-04-25,SWG104567,Gulab Jamun,Desserts,1,90.00,0.00,4.50,20.00,114.50,90.00,Cash,Delivered
2026-04-25,SWG104568,Paneer Butter Masala,Main Course,1,240.00,12.00,11.40,0.00,239.40,228.00,Cash,Delivered
2026-04-25,SWG104569,Hakka Noodles,Rice & Noodles,1,180.00,0.00,9.00,30.00,219.00,180.00,UPI,Delivered
2026-04-25,SWG104570,Chicken Tikka,Starters,1,260.00,39.00,11.05,30.00,262.05,0.00,Credit Card,Cancelled
2026-04-25,SWG104571,Paneer Tikka,Starters,1,230.00,0.00,11.50,0.00,241.50,230.00,Credit Card,Delivered
2026-04-25,SWG104572,Fried Rice,Rice & Noodles,1,170.00,0.00,8.50,0.00,178.50,170.00,Debit Card,Delivered
2026-04-25,SWG104573,Fried Rice,Rice & Noodles,1,170.00,8.50,8.08,40.00,209.58,161.50,Cash,Delivered
2026-04-25,SWG104574,Masala Dosa,South Indian,1,140.00,7.00,6.65,0.00,139.65,133.00,Credit Card,Delivered
2026-04-25,SWG104575,Chicken Biryani,Biryani,2,440.00,66.00,18.70,30.00,422.70,374.00,Debit Card,Delivered
2026-04-25,SWG104576,Chicken Tikka,Starters,3,780.00,39.00,37.05,40.00,818.05,741.00,UPI,Delivered
2026-04-25,SWG104577,Masala Dosa,South Indian,1,140.00,14.00,6.30,0.00,132.30,126.00,Cash,Delivered
2026-04-25,SWG104578,Hakka Noodles,Rice & Noodles,1,180.00,27.00,7.65,40.00,200.65,153.00,Debit Card,Delivered
2026-04-25,SWG104579,Fried Rice,Rice & Noodles,2,340.00,0.00,17.00,40.00,397.00,340.00,Cash,Delivered
2026-04-25,SWG104580,Chicken Biryani,Biryani,1,220.00,22.00,9.90,40.00,247.90,198.00,Debit Card,Delivered
2026-04-25,SWG104581,Veg Biryani,Biryani,2,360.00,0.00,18.00,0.00,378.00,360.00,Cash,Delivered
2026-04-26,SWG104582,Veg Biryani,Biryani,1,180.00,9.00,8.55,0.00,179.55,171.00,Credit Card,Delivered
2026-04-26,SWG104583,Chicken Tikka,Starters,1,260.00,26.00,11.70,40.00,285.70,234.00,Credit Card,Delivered
2026-04-26,SWG104584,Veg Biryani,Biryani,2,360.00,54.00,15.30,40.00,361.30,306.00,UPI,Delivered
2026-04-26,SWG104585,Veg Biryani,Biryani,1,180.00,27.00,7.65,40.00,200.65,153.00,Credit Card,Delivered
2026-04-26,SWG104586,Paneer Tikka,Starters,1,230.00,23.00,10.35,40.00,257.35,207.00,UPI,Delivered
2026-04-26,SWG104587,Paneer Butter Masala,Main Course,1,240.00,0.00,12.00,20.00,272.00,240.00,Debit Card,Delivered
2026-04-26,SWG104588,Chicken Tikka,Starters,1,260.00,0.00,13.00,30.00,303.00,260.00,UPI,Delivered
2026-04-26,SWG104589,Hakka Noodles,Rice & Noodles,3,540.00,0.00,27.00,20.00,587.00,540.00,Cash,Delivered
2026-04-26,SWG104590,Paneer Tikka,Starters,1,230.00,11.50,10.93,40.00,269.43,218.50,Cash,Delivered
2026-04-26,SWG104591,Paneer Butter Masala,Main Course,1,240.00,0.00,12.00,20.00,272.00,240.00,Debit Card,Delivered
2026-04-26,SWG104592,Veg Biryani,Biryani,1,180.00,0.00,9.00,0.00,189.00,180.00,UPI,Delivered
2026-04-26,SWG104593,Masala Dosa,South Indian,1,140.00,7.00,6.65,30.00,169.65,133.00,Credit Card,Delivered
2026-04-26,SWG104594,Chicken Biryani,Biryani,1,220.00,22.00,9.90,0.00,207.90,198.00,Cash,Delivered
2026-04-26,SWG104595,Chicken Tikka,Starters,3,780.00,117.00,33.15,40.00,736.15,663.00,Cash,Delivered
2026-04-26,SWG104596,Veg Biryani,Biryani,1,180.00,27.00,7.65,20.00,180.65,153.00,Credit Card,Delivered
2026-04-26,SWG104597,Fried Rice,Rice & Noodles,2,340.00,51.00,14.45,0.00,303.45,289.00,Credit Card,Delivered
2026-04-26,SWG104598,Veg Biryani,Biryani,1,180.00,9.00,8.55,30.00,209.55,171.00,Cash,Delivered
2026-04-26,SWG104599,Fried Rice,Rice & Noodles,1,170.00,0.00,8.50,20.00,198.50,170.00,Debit Card,Delivered
2026-04-26,SWG104600,Hakka Noodles,Rice & Noodles,1,180.00,0.00,9.00,30.00,219.00,180.00,Credit Card,Delivered
2026-04-27,SWG104601,Chicken Biryani,Biryani,1,220.00,33.00,9.35,40.00,236.35,187.00,UPI,Delivered
2026-04-27,SWG104602,Butter Naan,Breads,1,60.00,3.00,2.85,40.00,99.85,57.00,Debit Card,Delivered
2026-04-27,SWG104603,Masala Dosa,South Indian,1,140.00,0.00,7.00,40.00,187.00,140.00,Cash,Delivered
2026-04-27,SWG104604,Paneer Butter Masala,Main Course,1,240.00,36.00,10.20,40.00,254.20,204.00,Debit Card,Delivered
2026-04-27,SWG104605,Masala Dosa,South Indian,1,140.00,0.00,7.00,20.00,167.00,140.00,Debit Card,Delivered
2026-04-27,SWG104606,Hakka Noodles,Rice & Noodles,1,180.00,27.00,7.65,20.00,180.65,153.00,Credit Card,Delivered
2026-04-27,SWG104607,Fried Rice,Rice & Noodles,1,170.00,0.00,8.50,30.00,208.50,170.00,Credit Card,Delivered
2026-04-27,SWG104608,Paneer Butter Masala,Main Course,2,480.00,0.00,24.00,0.00,504.00,480.00,Cash,Delivered
2026-04-27,SWG104609,Paneer Tikka,Starters,1,230.00,0.00,11.50,30.00,271.50,230.00,Credit Card,Delivered
2026-04-27,SWG104610,Gulab Jamun,Desserts,1,90.00,13.50,3.83,0.00,80.33,76.50,Cash,Delivered
2026-04-27,SWG104611,Paneer Butter Masala,Main Course,2,480.00,0.00,24.00,0.00,504.00,480.00,Credit Card,Delivered
2026-04-27,SWG104612,Chicken Tikka,Starters,2,520.00,78.00,22.10,20.00,484.10,442.00,Cash,Delivered
2026-04-27,SWG104613,Paneer Tikka,Starters,1,230.00,11.50,10.93,30.00,259.43,218.50,UPI,Delivered
2026-04-27,SWG104614,Veg Biryani,Biryani,1,180.00,18.00,8.10,0.00,170.10,162.00,UPI,Delivered
2026-04-27,SWG104615,Hakka Noodles,Rice & Noodles,1,180.00,0.00,9.00,30.00,219.00,180.00,Debit Card,Delivered
2026-04-27,SWG104616,Paneer Butter Masala,Main Course,1,240.00,12.00,11.40,20.00,259.40,228.00,UPI,Delivered
2026-04-27,SWG104617,Fried Rice,Rice & Noodles,2,340.00,0.00,17.00,30.00,387.00,340.00,UPI,Delivered
2026-04-27,SWG104618,Hakka Noodles,Rice & Noodles,1,180.00,0.00,9.00,30.00,219.00,180.00,Cash,Delivered
2026-04-28,SWG104619,Fried Rice,Rice & Noodles,1,170.00,25.50,7.23,20.00,171.73,144.50,Credit Card,Delivered
2026-04-28,SWG104620,Paneer Butter Masala,Main Course,1,240.00,24.00,10.80,40.00,266.80,216.00,Cash,Delivered
2026-04-28,SWG104621,Butter Naan,Breads,2,120.00,6.00,5.70,40.00,159.70,114.00,Cash,Delivered
2026-04-28,SWG104622,Gulab Jamun,Desserts,1,90.00,0.00,4.50,40.00,134.50,90.00,UPI,Delivered
2026-04-28,SWG104623,Veg Biryani,Biryani,1,180.00,27.00,7.65,30.00,190.65,153.00,Cash,Delivered
2026-04-28,SWG104624,Chicken Biryani,Biryani,1,220.00,11.00,10.45,20.00,239.45,209.00,Credit Card,Delivered
2026-04-28,SWG104625,Paneer Tikka,Starters,1,230.00,23.00,10.35,0.00,217.35,207.00,Cash,Delivered
2026-04-28,SWG104626,Masala Dosa,South Indian,1,140.00,21.00,5.95,0.00,124.95,119.00,Cash,Delivered
2026-04-28,SWG104627,Fried Rice,Rice & Noodles,1,170.00,0.00,8.50,0.00,178.50,170.00,Cash,Delivered
2026-04-28,SWG104628,Veg Biryani,Biryani,1,180.00,0.00,9.00,0.00,189.00,180.00,Cash,Delivered
2026-04-28,SWG104629,Chicken Tikka,Starters,1,260.00,0.00,13.00,20.00,293.00,260.00,Cash,Delivered
2026-04-28,SWG104630,Chicken Biryani,Biryani,1,220.00,22.00,9.90,0.00,207.90,198.00,Cash,Delivered
2026-04-28,SWG104631,Masala Dosa,South Indian,3,420.00,63.00,17.85,40.00,414.85,357.00,Cash,Delivered
2026-04-29,SWG104632,Hakka Noodles,Rice & Noodles,1,180.00,18.00,8.10,0.00,170.10,162.00,Credit Card,Delivered
2026-04-29,SWG104633,Paneer Tikka,Starters,2,460.00,0.00,23.00,0.00,483.00,460.00,Cash,Delivered
2026-04-29,SWG104634,Fried Rice,Rice & Noodles,1,170.00,0.00,8.50,40.00,218.50,170.00,Credit Card,Delivered
2026-04-29,SWG104635,Fried Rice,Rice & Noodles,1,170.00,17.00,7.65,20.00,180.65,153.00,UPI,Delivered
2026-04-29,SWG104636,Fried Rice,Rice & Noodles,1,170.00,0.00,8.50,0.00,178.50,170.00,Cash,Delivered
2026-04-29,SWG104637,Chicken Biryani,Biryani,3,660.00,66.00,29.70,0.00,623.70,594.00,UPI,Delivered
2026-04-29,SWG104638,Masala Dosa,South Indian,1,140.00,0.00,7.00,30.00,177.00,140.00,Cash,Delivered
2026-04-29,SWG104639,Fried Rice,Rice & Noodles,1,170.00,8.50,8.08,20.00,189.58,161.50,Debit Card,Delivered
2026-04-29,SWG104640,Gulab Jamun,Desserts,1,90.00,9.00,4.05,30.00,115.05,81.00,Credit Card,Delivered
2026-04-29,SWG104641,Gulab Jamun,Desserts,3,270.00,40.50,11.48,0.00,240.98,229.50,Credit Card,Delivered
2026-04-29,SWG104642,Chicken Tikka,Starters,1,260.00,0.00,13.00,0.00,273.00,260.00,Credit Card,Delivered
2026-04-29,SWG104643,Paneer Tikka,Starters,1,230.00,23.00,10.35,20.00,237.35,207.00,UPI,Delivered
2026-04-29,SWG104644,Gulab Jamun,Desserts,1,90.00,13.50,3.83,20.00,100.33,76.50,Cash,Delivered
2026-04-29,SWG104645,Veg Biryani,Biryani,3,540.00,54.00,24.30,40.00,550.30,486.00,Credit Card,Delivered
2026-04-29,SWG104646,Masala Dosa,South Indian,1,140.00,7.00,6.65,20.00,159.65,133.00,Debit Card,Delivered
2026-04-29,SWG104647,Hakka Noodles,Rice & Noodles,1,180.00,18.00,8.10,20.00,190.10,162.00,Credit Card,Delivered
2026-04-29,SWG104648,Fried Rice,Rice & Noodles,1,170.00,25.50,7.23,40.00,191.73,144.50,Debit Card,Delivered
2026-04-29,SWG104649,Paneer Butter Masala,Main Course,3,720.00,36.00,34.20,30.00,748.20,684.00,UPI,Delivered
2026-04-30,SWG104650,Fried Rice,Rice & Noodles,2,340.00,51.00,14.45,40.00,343.45,289.00,Cash,Delivered
2026-04-30,SWG104651,Chicken Biryani,Biryani,1,220.00,0.00,11.00,40.00,271.00,220.00,Debit Card,Delivered
2026-04-30,SWG104652,Fried Rice,Rice & Noodles,1,170.00,0.00,8.50,0.00,178.50,170.00,Debit Card,Delivered
2026-04-30,SWG104653,Chicken Biryani,Biryani,1,220.00,11.00,10.45,30.00,249.45,209.00,Cash,Delivered
2026-04-30,SWG104654,Masala Dosa,South Indian,1,140.00,21.00,5.95,0.00,124.95,119.00,Debit Card,Delivered
2026-04-30,SWG104655,Chicken Tikka,Starters,1,260.00,0.00,13.00,20.00,293.00,260.00,Credit Card,Delivered
2026-04-30,SWG104656,Masala Dosa,South Indian,1,140.00,21.00,5.95,0.00,124.95,119.00,Cash,Delivered
2026-04-30,SWG104657,Paneer Tikka,Starters,3,690.00,34.50,32.77,30.00,718.27,655.50,UPI,Delivered
2026-04-30,SWG104658,Chicken Tikka,Starters,1,260.00,13.00,12.35,40.00,299.35,0.00,UPI,Cancelled
2026-04-30,SWG104659,Chicken Biryani,Biryani,1,220.00,0.00,11.00,0.00,231.00,220.00,Debit Card,Delivered
2026-04-30,SWG104660,Paneer Tikka,Starters,1,230.00,0.00,11.50,40.00,281.50,230.00,Debit Card,Delivered
2026-04-30,SWG104661,Masala Dosa,South Indian,3,420.00,0.00,21.00,20.00,461.00,420.00,Credit Card,Delivered
2026-05-01,SWG104662,Hakka Noodles,Rice & Noodles,1,180.00,9.00,8.55,30.00,209.55,171.00,Cash,Delivered
2026-05-01,SWG104663,Gulab Jamun,Desserts,1,90.00,13.50,3.83,40.00,120.33,76.50,Credit Card,Delivered
2026-05-01,SWG104664,Paneer Butter Masala,Main Course,1,240.00,24.00,10.80,0.00,226.80,216.00,Cash,Delivered
2026-05-01,SWG104665,Veg Biryani,Biryani,1,180.00,27.00,7.65,30.00,190.65,153.00,Cash,Delivered
2026-05-01,SWG104666,Paneer Butter Masala,Main Course,1,240.00,12.00,11.40,0.00,239.40,228.00,Credit Card,Delivered
2026-05-01,SWG104667,Butter Naan,Breads,1,60.00,3.00,2.85,0.00,59.85,57.00,Cash,Delivered
2026-05-01,SWG104668,Masala Dosa,South Indian,1,140.00,21.00,5.95,0.00,124.95,119.00,Credit Card,Delivered
2026-05-01,SWG104669,Chicken Biryani,Biryani,1,220.00,33.00,9.35,30.00,226.35,187.00,Cash,Delivered
2026-05-01,SWG104670,Gulab Jamun,Desserts,1,90.00,4.50,4.28,30.00,119.78,85.50,UPI,Delivered
2026-05-01,SWG104671,Paneer Tikka,Starters,2,460.00,69.00,19.55,30.00,440.55,391.00,Credit Card,Delivered
2026-05-01,SWG104672,Butter Naan,Breads,1,60.00,0.00,3.00,20.00,83.00,60.00,Debit Card,Delivered
2026-05-01,SWG104673,Butter Naan,Breads,2,120.00,6.00,5.70,40.00,159.70,114.00,UPI,Delivered
2026-05-01,SWG104674,Butter Naan,Breads,1,60.00,3.00,2.85,40.00,99.85,57.00,Debit Card,Delivered
2026-05-01,SWG104675,Butter Naan,Breads,2,120.00,12.00,5.40,20.00,133.40,108.00,Cash,Delivered
2026-05-01,SWG104676,Masala Dosa,South Indian,1,140.00,14.00,6.30,20.00,152.30,126.00,Cash,Delivered
2026-05-01,SWG104677,Hakka Noodles,Rice & Noodles,1,180.00,0.00,9.00,0.00,189.00,180.00,Credit Card,Delivered
2026-05-01,SWG104678,Veg Biryani,Biryani,1,180.00,18.00,8.10,0.00,170.10,162.00,UPI,Delivered
2026-05-01,SWG104679,Chicken Tikka,Starters,1,260.00,39.00,11.05,0.00,232.05,221.00,Debit Card,Delivered
2026-05-01,SWG104680,Chicken Tikka,Starters,1,260.00,0.00,13.00,40.00,313.00,260.00,Credit Card,Delivered
2026-05-01,SWG104681,Fried Rice,Rice & Noodles,1,170.00,0.00,8.50,20.00,198.50,170.00,UPI,Delivered
2026-05-01,SWG104682,Butter Naan,Breads,1,60.00,6.00,2.70,40.00,96.70,54.00,Cash,Delivered
2026-05-01,SWG104683,Butter Naan,Breads,1,60.00,3.00,2.85,40.00,99.85,57.00,UPI,Delivered
2026-05-01,SWG104684,Veg Biryani,Biryani,1,180.00,18.00,8.10,30.00,200.10,162.00,UPI,Delivered
2026-05-01,SWG104685,Butter Naan,Breads,1,60.00,6.00,2.70,40.00,96.70,54.00,Credit Card,Delivered
2026-05-01,SWG104686,Fried Rice,Rice & Noodles,3,510.00,25.50,24.23,30.00,538.73,0.00,Debit Card,Cancelled
2026-05-01,SWG104687,Chicken Tikka,Starters,1,260.00,13.00,12.35,30.00,289.35,247.00,Debit Card,Delivered
2026-05-01,SWG104688,Paneer Butter Masala,Main Course,1,240.00,36.00,10.20,20.00,234.20,0.00,Cash,Cancelled
2026-05-01,SWG104689,Chicken Biryani,Biryani,1,220.00,33.00,9.35,20.00,216.35,187.00,Cash,Delivered
2026-05-02,SWG104690,Fried Rice,Rice & Noodles,2,340.00,0.00,17.00,0.00,357.00,340.00,Debit Card,Delivered
2026-05-02,SWG104691,Butter Naan,Breads,1,60.00,0.00,3.00,0.00,63.00,60.00,Debit Card,Delivered
2026-05-02,SWG104692,Paneer Tikka,Starters,3,690.00,0.00,34.50,20.00,744.50,690.00,Credit Card,Delivered
2026-05-02,SWG104693,Masala Dosa,South Indian,3,420.00,21.00,19.95,40.00,458.95,399.00,Credit Card,Delivered
2026-05-02,SWG104694,Paneer Butter Masala,Main Course,1,240.00,36.00,10.20,20.00,234.20,204.00,Cash,Delivered
2026-05-02,SWG104695,Veg Biryani,Biryani,1,180.00,18.00,8.10,30.00,200.10,162.00,Credit Card,Delivered
2026-05-02,SWG104696,Butter Naan,Breads,1,60.00,3.00,2.85,0.00,59.85,57.00,Cash,Delivered
2026-05-02,SWG104697,Chicken Biryani,Biryani,1,220.00,11.00,10.45,40.00,259.45,209.00,UPI,Delivered
2026-05-02,SWG104698,Paneer Tikka,Starters,1,230.00,11.50,10.93,40.00,269.43,218.50,Cash,Delivered
2026-05-02,SWG104699,Veg Biryani,Biryani,1,180.00,18.00,8.10,0.00,170.10,162.00,Debit Card,Delivered
2026-05-02,SWG104700,Chicken Tikka,Starters,1,260.00,0.00,13.00,0.00,273.00,260.00,UPI,Delivered
2026-05-02,SWG104701,Chicken Biryani,Biryani,1,220.00,22.00,9.90,30.00,237.90,198.00,Credit Card,Delivered
2026-05-02,SWG104702,Paneer Tikka,Starters,2,460.00,23.00,21.85,0.00,458.85,437.00,Cash,Delivered
2026-05-02,SWG104703,Chicken Biryani,Biryani,3,660.00,33.00,31.35,20.00,678.35,627.00,UPI,Delivered
2026-05-02,SWG104704,Butter Naan,Breads,1,60.00,3.00,2.85,0.00,59.85,57.00,Credit Card,Delivered
2026-05-02,SWG104705,Masala Dosa,South Indian,1,140.00,14.00,6.30,20.00,152.30,0.00,Debit Card,Cancelled
2026-05-02,SWG104706,Veg Biryani,Biryani,1,180.00,27.00,7.65,20.00,180.65,153.00,UPI,Delivered
2026-05-02,SWG104707,Gulab Jamun,Desserts,1,90.00,13.50,3.83,40.00,120.33,76.50,Cash,Delivered
2026-05-02,SWG104708,Paneer Tikka,Starters,1,230.00,34.50,9.78,30.00,235.28,195.50,Credit Card,Delivered
2026-05-02,SWG104709,Chicken Biryani,Biryani,1,220.00,22.00,9.90,30.00,237.90,198.00,UPI,Delivered
2026-05-02,SWG104710,Paneer Tikka,Starters,1,230.00,34.50,9.78,30.00,235.28,195.50,UPI,Delivered
2026-05-02,SWG104711,Chicken Biryani,Biryani,1,220.00,22.00,9.90,30.00,237.90,198.00,Debit Card,Delivered
2026-05-03,SWG104712,Paneer Butter Masala,Main Course,1,240.00,24.00,10.80,20.00,246.80,216.00,Cash,Delivered
2026-05-03,SWG104713,Butter Naan,Breads,1,60.00,3.00,2.85,30.00,89.85,57.00,Debit Card,Delivered
2026-05-03,SWG104714,Chicken Biryani,Biryani,1,220.00,0.00,11.00,40.00,271.00,220.00,Cash,Delivered
2026-05-03,SWG104715,Paneer Butter Masala,Main Course,1,240.00,12.00,11.40,0.00,239.40,228.00,Credit Card,Delivered
2026-05-03,SWG104716,Chicken Tikka,Starters,1,260.00,13.00,12.35,20.00,279.35,247.00,UPI,Delivered
2026-05-03,SWG104717,Chicken Tikka,Starters,1,260.00,13.00,12.35,40.00,299.35,247.00,Debit Card,Delivered
2026-05-03,SWG104718,Veg Biryani,Biryani,1,180.00,18.00,8.10,0.00,170.10,162.00,Debit Card,Delivered
2026-05-03,SWG104719,Fried Rice,Rice & Noodles,3,510.00,25.50,24.23,30.00,538.73,484.50,Credit Card,Delivered
2026-05-03,SWG104720,Gulab Jamun,Desserts,1,90.00,0.00,4.50,0.00,94.50,90.00,Debit Card,Delivered
2026-05-03,SWG104721,Butter Naan,Breads,2,120.00,12.00,5.40,40.00,153.40,108.00,Cash,Delivered
2026-05-03,SWG104722,Fried Rice,Rice & Noodles,1,170.00,8.50,8.08,40.00,209.58,161.50,UPI,Delivered
2026-05-03,SWG104723,Fried Rice,Rice & Noodles,1,170.00,0.00,8.50,20.00,198.50,170.00,Debit Card,Delivered
2026-05-03,SWG104724,Hakka Noodles,Rice & Noodles,2,360.00,0.00,18.00,40.00,418.00,360.00,Cash,Delivered
2026-05-03,SWG104725,Paneer Butter Masala,Main Course,2,480.00,48.00,21.60,20.00,473.60,432.00,Credit Card,Delivered
2026-05-03,SWG104726,Chicken Tikka,Starters,3,780.00,78.00,35.10,30.00,767.10,702.00,Debit Card,Delivered
2026-05-03,SWG104727,Gulab Jamun,Desserts,2,180.00,0.00,9.00,30.00,219.00,180.00,Debit Card,Delivered
2026-05-03,SWG104728,Gulab Jamun,Desserts,1,90.00,9.00,4.05,40.00,125.05,81.00,UPI,Delivered
2026-05-03,SWG104729,Paneer Butter Masala,Main Course,1,240.00,36.00,10.20,20.00,234.20,204.00,Debit Card,Delivered
2026-05-03,SWG104730,Chicken Tikka,Starters,1,260.00,13.00,12.35,40.00,299.35,247.00,Debit Card,Delivered
2026-05-03,SWG104731,Paneer Butter Masala,Main Course,1,240.00,36.00,10.20,0.00,214.20,204.00,Debit Card,Delivered
2026-05-04,SWG104732,Hakka Noodles,Rice & Noodles,1,180.00,0.00,9.00,0.00,189.00,180.00,Credit Card,Delivered
2026-05-04,SWG104733,Butter Naan,Breads,1,60.00,3.00,2.85,20.00,79.85,57.00,Cash,Delivered
2026-05-04,SWG104734,Chicken Biryani,Biryani,1,220.00,11.00,10.45,30.00,249.45,209.00,UPI,Delivered
2026-05-04,SWG104735,Butter Naan,Breads,1,60.00,3.00,2.85,0.00,59.85,57.00,Cash,Delivered
2026-05-04,SWG104736,Masala Dosa,South Indian,1,140.00,0.00,7.00,0.00,147.00,140.00,Cash,Delivered
2026-05-04,SWG104737,Gulab Jamun,Desserts,2,180.00,9.00,8.55,40.00,219.55,171.00,Debit Card,Delivered
2026-05-04,SWG104738,Paneer Tikka,Starters,2,460.00,23.00,21.85,20.00,478.85,437.00,Cash,Delivered
2026-05-04,SWG104739,Hakka Noodles,Rice & Noodles,2,360.00,36.00,16.20,20.00,360.20,324.00,Cash,Delivered
2026-05-04,SWG104740,Hakka Noodles,Rice & Noodles,1,180.00,18.00,8.10,20.00,190.10,162.00,Cash,Delivered
2026-05-04,SWG104741,Paneer Tikka,Starters,1,230.00,0.00,11.50,0.00,241.50,230.00,Cash,Delivered
2026-05-04,SWG104742,Veg Biryani,Biryani,1,180.00,18.00,8.10,30.00,200.10,162.00,Debit Card,Delivered
2026-05-04,SWG104743,Fried Rice,Rice & Noodles,1,170.00,17.00,7.65,30.00,190.65,153.00,UPI,Delivered
2026-05-04,SWG104744,Fried Rice,Rice & Noodles,1,170.00,8.50,8.08,40.00,209.58,161.50,Debit Card,Delivered
2026-05-04,SWG104745,Masala Dosa,South Indian,1,140.00,14.00,6.30,40.00,172.30,126.00,UPI,Delivered
2026-05-04,SWG104746,Paneer Tikka,Starters,1,230.00,23.00,10.35,20.00,237.35,207.00,Credit Card,Delivered
2026-05-04,SWG104747,Gulab Jamun,Desserts,1,90.00,0.00,4.50,40.00,134.50,90.00,Cash,Delivered
2026-05-04,SWG104748,Chicken Tikka,Starters,1,260.00,26.00,11.70,40.00,285.70,234.00,Credit Card,Delivered
2026-05-05,SWG104749,Paneer Tikka,Starters,1,230.00,0.00,11.50,40.00,281.50,230.00,Debit Card,Delivered
2026-05-05,SWG104750,Veg Biryani,Biryani,3,540.00,0.00,27.00,40.00,607.00,540.00,Credit Card,Delivered
2026-05-05,SWG104751,Chicken Biryani,Biryani,3,660.00,0.00,33.00,40.00,733.00,660.00,Cash,Delivered
2026-05-05,SWG104752,Paneer Butter Masala,Main Course,2,480.00,24.00,22.80,30.00,508.80,456.00,UPI,Delivered
2026-05-05,SWG104753,Fried Rice,Rice & Noodles,1,170.00,8.50,8.08,40.00,209.58,161.50,Credit Card,Delivered
2026-05-05,SWG104754,Veg Biryani,Biryani,1,180.00,18.00,8.10,30.00,200.10,162.00,Credit Card,Delivered
2026-05-05,SWG104755,Paneer Tikka,Starters,1,230.00,23.00,10.35,20.00,237.35,207.00,Debit Card,Delivered
2026-05-05,SWG104756,Chicken Biryani,Biryani,1,220.00,11.00,10.45,0.00,219.45,209.00,Credit Card,Delivered
2026-05-05,SWG104757,Paneer Tikka,Starters,1,230.00,11.50,10.93,40.00,269.43,218.50,Debit Card,Delivered
2026-05-05,SWG104758,Paneer Butter Masala,Main Course,1,240.00,36.00,10.20,20.00,234.20,204.00,UPI,Delivered
2026-05-05,SWG104759,Veg Biryani,Biryani,1,180.00,9.00,8.55,20.00,199.55,171.00,Cash,Delivered
2026-05-05,SWG104760,Paneer Butter Masala,Main Course,1,240.00,24.00,10.80,0.00,226.80,216.00,Debit Card,Delivered
2026-05-05,SWG104761,Chicken Tikka,Starters,1,260.00,39.00,11.05,0.00,232.05,221.00,Credit Card,Delivered
2026-05-05,SWG104762,Chicken Biryani,Biryani,1,220.00,0.00,11.00,40.00,271.00,220.00,Credit Card,Delivered
2026-05-05,SWG104763,Paneer Tikka,Starters,3,690.00,69.00,31.05,30.00,682.05,621.00,Cash,Delivered
2026-05-05,SWG104764,Paneer Tikka,Starters,1,230.00,11.50,10.93,0.00,229.43,218.50,Credit Card,Delivered
2026-05-05,SWG104765,Gulab Jamun,Desserts,1,90.00,4.50,4.28,40.00,129.78,85.50,UPI,Delivered
2026-05-05,SWG104766,Paneer Tikka,Starters,1,230.00,34.50,9.78,40.00,245.28,195.50,Credit Card,Delivered
2026-05-05,SWG104767,Butter Naan,Breads,2,120.00,6.00,5.70,0.00,119.70,114.00,Debit Card,Delivered
2026-05-05,SWG104768,Masala Dosa,South Indian,1,140.00,14.00,6.30,20.00,152.30,126.00,Debit Card,Delivered
2026-05-05,SWG104769,Chicken Tikka,Starters,1,260.00,26.00,11.70,30.00,275.70,234.00,Cash,Delivered
2026-05-05,SWG104770,Veg Biryani,Biryani,1,180.00,27.00,7.65,0.00,160.65,153.00,Cash,Delivered
2026-05-06,SWG104771,Hakka Noodles,Rice & Noodles,1,180.00,18.00,8.10,20.00,190.10,162.00,Credit Card,Delivered
2026-05-06,SWG104772,Fried Rice,Rice & Noodles,1,170.00,8.50,8.08,0.00,169.58,161.50,Cash,Delivered
2026-05-06,SWG104773,Chicken Biryani,Biryani,1,220.00,11.00,10.45,20.00,239.45,209.00,Cash,Delivered
2026-05-06,SWG104774,Butter Naan,Breads,2,120.00,18.00,5.10,0.00,107.10,102.00,Credit Card,Delivered
2026-05-06,SWG104775,Butter Naan,Breads,1,60.00,9.00,2.55,30.00,83.55,51.00,UPI,Delivered
2026-05-06,SWG104776,Paneer Tikka,Starters,1,230.00,0.00,11.50,40.00,281.50,230.00,Cash,Delivered
2026-05-06,SWG104777,Chicken Biryani,Biryani,2,440.00,0.00,22.00,30.00,492.00,440.00,Credit Card,Delivered
2026-05-06,SWG104778,Chicken Biryani,Biryani,1,220.00,11.00,10.45,30.00,249.45,209.00,UPI,Delivered
2026-05-06,SWG104779,Fried Rice,Rice & Noodles,1,170.00,25.50,7.23,20.00,171.73,144.50,Cash,Delivered
2026-05-06,SWG104780,Butter Naan,Breads,1,60.00,3.00,2.85,20.00,79.85,57.00,Credit Card,Delivered
2026-05-06,SWG104781,Gulab Jamun,Desserts,1,90.00,0.00,4.50,20.00,114.50,90.00,Cash,Delivered
2026-05-06,SWG104782,Gulab Jamun,Desserts,1,90.00,0.00,4.50,30.00,124.50,90.00,Cash,Delivered
2026-05-06,SWG104783,Paneer Butter Masala,Main Course,1,240.00,36.00,10.20,0.00,214.20,204.00,Credit Card,Delivered
2026-05-06,SWG104784,Butter Naan,Breads,1,60.00,9.00,2.55,40.00,93.55,51.00,Credit Card,Delivered
2026-05-06,SWG104785,Fried Rice,Rice & Noodles,2,340.00,34.00,15.30,30.00,351.30,306.00,Debit Card,Delivered
2026-05-07,SWG104786,Fried Rice,Rice & Noodles,2,340.00,17.00,16.15,0.00,339.15,323.00,Credit Card,Delivered
2026-05-07,SWG104787,Butter Naan,Breads,1,60.00,0.00,3.00,0.00,63.00,0.00,Credit Card,Cancelled
2026-05-07,SWG104788,Paneer Tikka,Starters,3,690.00,0.00,34.50,30.00,754.50,690.00,Cash,Delivered
2026-05-07,SWG104789,Chicken Tikka,Starters,1,260.00,26.00,11.70,20.00,265.70,234.00,Debit Card,Delivered
2026-05-07,SWG104790,Fried Rice,Rice & Noodles,1,170.00,25.50,7.23,0.00,151.73,144.50,Debit Card,Delivered
2026-05-07,SWG104791,Fried Rice,Rice & Noodles,1,170.00,17.00,7.65,30.00,190.65,153.00,Cash,Delivered
2026-05-07,SWG104792,Veg Biryani,Biryani,1,180.00,27.00,7.65,30.00,190.65,153.00,Debit Card,Delivered
2026-05-07,SWG104793,Chicken Biryani,Biryani,1,220.00,22.00,9.90,40.00,247.90,198.00,Cash,Delivered
2026-05-07,SWG104794,Fried Rice,Rice & Noodles,2,340.00,0.00,17.00,40.00,397.00,340.00,Cash,Delivered
2026-05-07,SWG104795,Butter Naan,Breads,1,60.00,3.00,2.85,40.00,99.85,57.00,Credit Card,Delivered
2026-05-07,SWG104796,Hakka Noodles,Rice & Noodles,2,360.00,18.00,17.10,40.00,399.10,342.00,UPI,Delivered
2026-05-07,SWG104797,Paneer Tikka,Starters,1,230.00,34.50,9.78,0.00,205.28,195.50,Credit Card,Delivered
2026-05-07,SWG104798,Fried Rice,Rice & Noodles,1,170.00,25.50,7.23,0.00,151.73,144.50,Cash,Delivered
2026-05-08,SWG104799,Hakka Noodles,Rice & Noodles,1,180.00,9.00,8.55,0.00,179.55,171.00,Cash,Delivered
2026-05-08,SWG104800,Paneer Tikka,Starters,1,230.00,34.50,9.78,30.00,235.28,195.50,Credit Card,Delivered
2026-05-08,SWG104801,Fried Rice,Rice & Noodles,1,170.00,8.50,8.08,0.00,169.58,161.50,Debit Card,Delivered
2026-05-08,SWG104802,Butter Naan,Breads,1,60.00,6.00,2.70,20.00,76.70,0.00,Debit Card,Cancelled
2026-05-08,SWG104803,Paneer Butter Masala,Main Course,2,480.00,0.00,24.00,0.00,504.00,480.00,UPI,Delivered
2026-05-08,SWG104804,Gulab Jamun,Desserts,1,90.00,9.00,4.05,0.00,85.05,81.00,UPI,Delivered
2026-05-08,SWG104805,Paneer Butter Masala,Main Course,1,240.00,36.00,10.20,40.00,254.20,204.00,UPI,Delivered
2026-05-08,SWG104806,Chicken Tikka,Starters,1,260.00,39.00,11.05,40.00,272.05,221.00,UPI,Delivered
2026-05-08,SWG104807,Fried Rice,Rice & Noodles,2,340.00,0.00,17.00,30.00,387.00,340.00,Cash,Delivered
2026-05-08,SWG104808,Hakka Noodles,Rice & Noodles,1,180.00,27.00,7.65,40.00,200.65,153.00,Credit Card,Delivered
2026-05-08,SWG104809,Masala Dosa,South Indian,1,140.00,0.00,7.00,30.00,177.00,0.00,UPI,Cancelled
2026-05-08,SWG104810,Chicken Biryani,Biryani,2,440.00,0.00,22.00,0.00,462.00,440.00,UPI,Delivered
2026-05-08,SWG104811,Paneer Butter Masala,Main Course,1,240.00,24.00,10.80,0.00,226.80,216.00,UPI,Delivered
2026-05-08,SWG104812,Chicken Tikka,Starters,1,260.00,26.00,11.70,30.00,275.70,234.00,Credit Card,Delivered
2026-05-08,SWG104813,Veg Biryani,Biryani,1,180.00,9.00,8.55,0.00,179.55,171.00,Credit Card,Delivered
2026-05-08,SWG104814,Gulab Jamun,Desserts,2,180.00,27.00,7.65,30.00,190.65,153.00,Cash,Delivered
2026-05-08,SWG104815,Masala Dosa,South Indian,1,140.00,14.00,6.30,20.00,152.30,126.00,Cash,Delivered
2026-05-08,SWG104816,Chicken Tikka,Starters,1,260.00,39.00,11.05,30.00,262.05,221.00,Credit Card,Delivered
2026-05-08,SWG104817,Chicken Tikka,Starters,1,260.00,26.00,11.70,20.00,265.70,234.00,UPI,Delivered
2026-05-08,SWG104818,Paneer Tikka,Starters,1,230.00,23.00,10.35,20.00,237.35,207.00,UPI,Delivered
2026-05-08,SWG104819,Chicken Tikka,Starters,1,260.00,13.00,12.35,20.00,279.35,247.00,Credit Card,Delivered
2026-05-08,SWG104820,Fried Rice,Rice & Noodles,2,340.00,51.00,14.45,40.00,343.45,289.00,UPI,Delivered
2026-05-09,SWG104821,Chicken Biryani,Biryani,2,440.00,44.00,19.80,30.00,445.80,396.00,UPI,Delivered
2026-05-09,SWG104822,Fried Rice,Rice & Noodles,1,170.00,0.00,8.50,30.00,208.50,170.00,Cash,Delivered
2026-05-09,SWG104823,Hakka Noodles,Rice & Noodles,1,180.00,18.00,8.10,30.00,200.10,162.00,UPI,Delivered
2026-05-09,SWG104824,Hakka Noodles,Rice & Noodles,1,180.00,18.00,8.10,40.00,210.10,162.00,UPI,Delivered
2026-05-09,SWG104825,Chicken Tikka,Starters,1,260.00,26.00,11.70,30.00,275.70,234.00,Cash,Delivered
2026-05-09,SWG104826,Veg Biryani,Biryani,1,180.00,18.00,8.10,20.00,190.10,162.00,Cash,Delivered
2026-05-09,SWG104827,Gulab Jamun,Desserts,1,90.00,0.00,4.50,0.00,94.50,90.00,UPI,Delivered
2026-05-09,SWG104828,Hakka Noodles,Rice & Noodles,1,180.00,0.00,9.00,30.00,219.00,180.00,Cash,Delivered
2026-05-09,SWG104829,Hakka Noodles,Rice & Noodles,1,180.00,18.00,8.10,20.00,190.10,162.00,UPI,Delivered
2026-05-09,SWG104830,Veg Biryani,Biryani,1,180.00,27.00,7.65,0.00,160.65,153.00,Credit Card,Delivered
2026-05-09,SWG104831,Chicken Biryani,Biryani,2,440.00,66.00,18.70,20.00,412.70,374.00,UPI,Delivered
2026-05-09,SWG104832,Chicken Biryani,Biryani,2,440.00,22.00,20.90,40.00,478.90,418.00,Debit Card,Delivered
2026-05-09,SWG104833,Gulab Jamun,Desserts,3,270.00,40.50,11.48,20.00,260.98,229.50,Debit Card,Delivered
2026-05-09,SWG104834,Masala Dosa,South Indian,1,140.00,7.00,6.65,40.00,179.65,133.00,UPI,Delivered
2026-05-09,SWG104835,Gulab Jamun,Desserts,1,90.00,0.00,4.50,30.00,124.50,90.00,Debit Card,Delivered
2026-05-09,SWG104836,Gulab Jamun,Desserts,1,90.00,9.00,4.05,40.00,125.05,81.00,UPI,Delivered
2026-05-09,SWG104837,Masala Dosa,South Indian,1,140.00,7.00,6.65,40.00,179.65,133.00,Cash,Delivered
2026-05-09,SWG104838,Hakka Noodles,Rice & Noodles,2,360.00,54.00,15.30,20.00,341.30,306.00,Cash,Delivered
2026-05-09,SWG104839,Paneer Butter Masala,Main Course,1,240.00,36.00,10.20,30.00,244.20,204.00,Debit Card,Delivered
2026-05-09,SWG104840,Chicken Tikka,Starters,2,520.00,26.00,24.70,40.00,558.70,494.00,Cash,Delivered
2026-05-09,SWG104841,Gulab Jamun,Desserts,2,180.00,27.00,7.65,40.00,200.65,153.00,Debit Card,Delivered
2026-05-09,SWG104842,Masala Dosa,South Indian,1,140.00,14.00,6.30,40.00,172.30,126.00,UPI,Delivered
2026-05-10,SWG104843,Veg Biryani,Biryani,1,180.00,0.00,9.00,20.00,209.00,180.00,Credit Card,Delivered
2026-05-10,SWG104844,Paneer Tikka,Starters,3,690.00,0.00,34.50,30.00,754.50,690.00,Cash,Delivered
2026-05-10,SWG104845,Butter Naan,Breads,1,60.00,6.00,2.70,0.00,56.70,0.00,Credit Card,Cancelled
2026-05-10,SWG104846,Masala Dosa,South Indian,1,140.00,7.00,6.65,0.00,139.65,133.00,Debit Card,Delivered
2026-05-10,SWG104847,Hakka Noodles,Rice & Noodles,1,180.00,18.00,8.10,40.00,210.10,162.00,Cash,Delivered
2026-05-10,SWG104848,Chicken Tikka,Starters,1,260.00,0.00,13.00,30.00,303.00,260.00,Cash,Delivered
2026-05-10,SWG104849,Butter Naan,Breads,1,60.00,3.00,2.85,0.00,59.85,57.00,Cash,Delivered
2026-05-10,SWG104850,Chicken Biryani,Biryani,1,220.00,22.00,9.90,30.00,237.90,198.00,Debit Card,Delivered
2026-05-10,SWG104851,Veg Biryani,Biryani,1,180.00,0.00,9.00,20.00,209.00,180.00,Cash,Delivered
2026-05-10,SWG104852,Masala Dosa,South Indian,1,140.00,0.00,7.00,20.00,167.00,140.00,Credit Card,Delivered
2026-05-10,SWG104853,Fried Rice,Rice & Noodles,1,170.00,25.50,7.23,20.00,171.73,144.50,Cash,Delivered
2026-05-10,SWG104854,Chicken Tikka,Starters,1,260.00,0.00,13.00,0.00,273.00,260.00,UPI,Delivered
2026-05-10,SWG104855,Veg Biryani,Biryani,1,180.00,0.00,9.00,40.00,229.00,180.00,Credit Card,Delivered
2026-05-11,SWG104856,Chicken Biryani,Biryani,2,440.00,66.00,18.70,0.00,392.70,374.00,Debit Card,Delivered
2026-05-11,SWG104857,Chicken Tikka,Starters,1,260.00,26.00,11.70,40.00,285.70,234.00,Debit Card,Delivered
2026-05-11,SWG104858,Paneer Tikka,Starters,1,230.00,23.00,10.35,0.00,217.35,207.00,UPI,Delivered
2026-05-11,SWG104859,Butter Naan,Breads,1,60.00,3.00,2.85,30.00,89.85,57.00,Credit Card,Delivered
2026-05-11,SWG104860,Hakka Noodles,Rice & Noodles,1,180.00,27.00,7.65,40.00,200.65,153.00,Debit Card,Delivered
2026-05-11,SWG104861,Gulab Jamun,Desserts,1,90.00,9.00,4.05,20.00,105.05,81.00,Credit Card,Delivered
2026-05-11,SWG104862,Hakka Noodles,Rice & Noodles,3,540.00,81.00,22.95,0.00,481.95,459.00,UPI,Delivered
2026-05-11,SWG104863,Veg Biryani,Biryani,1,180.00,9.00,8.55,20.00,199.55,171.00,Cash,Delivered
2026-05-11,SWG104864,Paneer Butter Masala,Main Course,2,480.00,24.00,22.80,20.00,498.80,456.00,UPI,Delivered
2026-05-11,SWG104865,Veg Biryani,Biryani,2,360.00,54.00,15.30,40.00,361.30,0.00,Credit Card,Cancelled
2026-05-11,SWG104866,Fried Rice,Rice & Noodles,2,340.00,51.00,14.45,40.00,343.45,289.00,Debit Card,Delivered
2026-05-11,SWG104867,Butter Naan,Breads,1,60.00,9.00,2.55,40.00,93.55,0.00,Credit Card,Cancelled
2026-05-11,SWG104868,Butter Naan,Breads,1,60.00,9.00,2.55,40.00,93.55,51.00,Debit Card,Delivered
2026-05-12,SWG104869,Fried Rice,Rice & Noodles,3,510.00,0.00,25.50,40.00,575.50,510.00,Credit Card,Delivered
2026-05-12,SWG104870,Veg Biryani,Biryani,1,180.00,18.00,8.10,30.00,200.10,162.00,Debit Card,Delivered
2026-05-12,SWG104871,Paneer Tikka,Starters,1,230.00,11.50,10.93,40.00,269.43,218.50,UPI,Delivered
2026-05-12,SWG104872,Chicken Biryani,Biryani,1,220.00,11.00,10.45,30.00,249.45,209.00,Cash,Delivered
2026-05-12,SWG104873,Veg Biryani,Biryani,1,180.00,9.00,8.55,40.00,219.55,171.00,Credit Card,Delivered
2026-05-12,SWG104874,Butter Naan,Breads,1,60.00,9.00,2.55,0.00,53.55,51.00,Credit Card,Delivered
2026-05-12,SWG104875,Masala Dosa,South Indian,1,140.00,7.00,6.65,30.00,169.65,133.00,Debit Card,Delivered
2026-05-12,SWG104876,Paneer Tikka,Starters,1,230.00,11.50,10.93,40.00,269.43,218.50,Cash,Delivered
2026-05-12,SWG104877,Chicken Biryani,Biryani,1,220.00,0.00,11.00,40.00,271.00,220.00,UPI,Delivered
2026-05-12,SWG104878,Chicken Tikka,Starters,2,520.00,78.00,22.10,30.00,494.10,442.00,Cash,Delivered
2026-05-12,SWG104879,Veg Biryani,Biryani,1,180.00,18.00,8.10,40.00,210.10,162.00,Debit Card,Delivered
2026-05-12,SWG104880,Masala Dosa,South Indian,1,140.00,14.00,6.30,40.00,172.30,126.00,Credit Card,Delivered
2026-05-12,SWG104881,Veg Biryani,Biryani,1,180.00,9.00,8.55,0.00,179.55,171.00,Credit Card,Delivered
2026-05-12,SWG104882,Masala Dosa,South Indian,1,140.00,14.00,6.30,30.00,162.30,126.00,Cash,Delivered
2026-05-12,SWG104883,Chicken Biryani,Biryani,1,220.00,33.00,9.35,20.00,216.35,187.00,Debit Card,Delivered
2026-05-12,SWG104884,Chicken Tikka,Starters,1,260.00,26.00,11.70,20.00,265.70,234.00,UPI,Delivered
2026-05-13,SWG104885,Hakka Noodles,Rice & Noodles,1,180.00,9.00,8.55,0.00,179.55,171.00,UPI,Delivered
2026-05-13,SWG104886,Veg Biryani,Biryani,2,360.00,18.00,17.10,0.00,359.10,342.00,Credit Card,Delivered
2026-05-13,SWG104887,Hakka Noodles,Rice & Noodles,1,180.00,27.00,7.65,20.00,180.65,153.00,Credit Card,Delivered
2026-05-13,SWG104888,Chicken Tikka,Starters,1,260.00,0.00,13.00,30.00,303.00,260.00,UPI,Delivered
2026-05-13,SWG104889,Chicken Biryani,Biryani,1,220.00,0.00,11.00,0.00,231.00,220.00,Credit Card,Delivered
2026-05-13,SWG104890,Veg Biryani,Biryani,1,180.00,9.00,8.55,30.00,209.55,171.00,UPI,Delivered
2026-05-13,SWG104891,Butter Naan,Breads,1,60.00,9.00,2.55,40.00,93.55,51.00,Cash,Delivered
2026-05-13,SWG104892,Paneer Butter Masala,Main Course,3,720.00,108.00,30.60,30.00,672.60,612.00,Debit Card,Delivered
2026-05-13,SWG104893,Fried Rice,Rice & Noodles,1,170.00,17.00,7.65,30.00,190.65,153.00,Debit Card,Delivered
2026-05-13,SWG104894,Gulab Jamun,Desserts,1,90.00,9.00,4.05,30.00,115.05,81.00,Debit Card,Delivered
2026-05-13,SWG104895,Chicken Tikka,Starters,2,520.00,26.00,24.70,40.00,558.70,494.00,UPI,Delivered
2026-05-13,SWG104896,Fried Rice,Rice & Noodles,1,170.00,17.00,7.65,30.00,190.65,153.00,Credit Card,Delivered
2026-05-13,SWG104897,Gulab Jamun,Desserts,1,90.00,4.50,4.28,30.00,119.78,85.50,Debit Card,Delivered
2026-05-13,SWG104898,Butter Naan,Breads,2,120.00,0.00,6.00,40.00,166.00,120.00,Credit Card,Delivered
2026-05-13,SWG104899,Paneer Butter Masala,Main Course,1,240.00,24.00,10.80,0.00,226.80,216.00,Credit Card,Delivered
2026-05-13,SWG104900,Paneer Butter Masala,Main Course,1,240.00,24.00,10.80,40.00,266.80,216.00,Debit Card,Delivered
2026-05-13,SWG104901,Chicken Tikka,Starters,1,260.00,13.00,12.35,0.00,259.35,247.00,Credit Card,Delivered
2026-05-14,SWG104902,Fried Rice,Rice & Noodles,1,170.00,17.00,7.65,40.00,200.65,153.00,Credit Card,Delivered
2026-05-14,SWG104903,Masala Dosa,South Indian,3,420.00,21.00,19.95,30.00,448.95,399.00,Credit Card,Delivered
2026-05-14,SWG104904,Butter Naan,Breads,1,60.00,0.00,3.00,20.00,83.00,60.00,Debit Card,Delivered
2026-05-14,SWG104905,Masala Dosa,South Indian,1,140.00,7.00,6.65,20.00,159.65,0.00,Cash,Cancelled
2026-05-14,SWG104906,Veg Biryani,Biryani,1,180.00,0.00,9.00,30.00,219.00,180.00,UPI,Delivered
2026-05-14,SWG104907,Hakka Noodles,Rice & Noodles,2,360.00,36.00,16.20,20.00,360.20,324.00,Debit Card,Delivered
2026-05-14,SWG104908,Gulab Jamun,Desserts,1,90.00,0.00,4.50,30.00,124.50,90.00,Cash,Delivered
2026-05-14,SWG104909,Gulab Jamun,Desserts,2,180.00,0.00,9.00,20.00,209.00,180.00,Credit Card,Delivered
2026-05-14,SWG104910,Butter Naan,Breads,1,60.00,9.00,2.55,0.00,53.55,51.00,UPI,Delivered
2026-05-14,SWG104911,Paneer Butter Masala,Main Course,1,240.00,24.00,10.80,20.00,246.80,216.00,Debit Card,Delivered
2026-05-14,SWG104912,Fried Rice,Rice & Noodles,1,170.00,8.50,8.08,40.00,209.58,161.50,Cash,Delivered
2026-05-14,SWG104913,Paneer Tikka,Starters,1,230.00,0.00,11.50,20.00,261.50,230.00,Debit Card,Delivered
2026-05-14,SWG104914,Butter Naan,Breads,1,60.00,0.00,3.00,20.00,83.00,60.00,Credit Card,Delivered
2026-05-14,SWG104915,Gulab Jamun,Desserts,1,90.00,4.50,4.28,0.00,89.78,0.00,UPI,Cancelled
2026-05-14,SWG104916,Paneer Butter Masala,Main Course,1,240.00,24.00,10.80,0.00,226.80,216.00,UPI,Delivered
2026-05-14,SWG104917,Hakka Noodles,Rice & Noodles,1,180.00,0.00,9.00,40.00,229.00,180.00,Debit Card,Delivered
2026-05-14,SWG104918,Chicken Tikka,Starters,1,260.00,0.00,13.00,0.00,273.00,260.00,UPI,Delivered
2026-05-14,SWG104919,Hakka Noodles,Rice & Noodles,1,180.00,9.00,8.55,20.00,199.55,171.00,Credit Card,Delivered
2026-05-15,SWG104920,Veg Biryani,Biryani,2,360.00,54.00,15.30,40.00,361.30,306.00,Debit Card,Delivered
2026-05-15,SWG104921,Paneer Butter Masala,Main Course,2,480.00,0.00,24.00,0.00,504.00,480.00,Credit Card,Delivered
2026-05-15,SWG104922,Hakka Noodles,Rice & Noodles,2,360.00,0.00,18.00,0.00,378.00,360.00,Cash,Delivered
2026-05-15,SWG104923,Masala Dosa,South Indian,1,140.00,0.00,7.00,0.00,147.00,140.00,Credit Card,Delivered
2026-05-15,SWG104924,Butter Naan,Breads,1,60.00,3.00,2.85,30.00,89.85,57.00,Debit Card,Delivered
2026-05-15,SWG104925,Gulab Jamun,Desserts,1,90.00,0.00,4.50,40.00,134.50,90.00,Cash,Delivered
2026-05-15,SWG104926,Paneer Tikka,Starters,1,230.00,34.50,9.78,40.00,245.28,195.50,Credit Card,Delivered
2026-05-15,SWG104927,Chicken Tikka,Starters,1,260.00,39.00,11.05,20.00,252.05,221.00,Cash,Delivered
2026-05-15,SWG104928,Veg Biryani,Biryani,1,180.00,0.00,9.00,20.00,209.00,180.00,UPI,Delivered
2026-05-15,SWG104929,Paneer Butter Masala,Main Course,1,240.00,0.00,12.00,30.00,282.00,240.00,Cash,Delivered
2026-05-15,SWG104930,Chicken Biryani,Biryani,3,660.00,99.00,28.05,20.00,609.05,561.00,Cash,Delivered
2026-05-15,SWG104931,Fried Rice,Rice & Noodles,1,170.00,17.00,7.65,30.00,190.65,153.00,Cash,Delivered
2026-05-15,SWG104932,Paneer Tikka,Starters,1,230.00,11.50,10.93,20.00,249.43,0.00,Credit Card,Cancelled
2026-05-15,SWG104933,Veg Biryani,Biryani,1,180.00,0.00,9.00,0.00,189.00,180.00,Debit Card,Delivered
2026-05-15,SWG104934,Hakka Noodles,Rice & Noodles,2,360.00,0.00,18.00,40.00,418.00,360.00,UPI,Delivered
2026-05-15,SWG104935,Masala Dosa,South Indian,1,140.00,21.00,5.95,20.00,144.95,119.00,Credit Card,Delivered
2026-05-15,SWG104936,Masala Dosa,South Indian,1,140.00,0.00,7.00,40.00,187.00,140.00,Cash,Delivered
2026-05-15,SWG104937,Masala Dosa,South Indian,1,140.00,7.00,6.65,20.00,159.65,133.00,Debit Card,Delivered
2026-05-15,SWG104938,Gulab Jamun,Desserts,1,90.00,13.50,3.83,20.00,100.33,76.50,Debit Card,Delivered
2026-05-15,SWG104939,Hakka Noodles,Rice & Noodles,2,360.00,18.00,17.10,30.00,389.10,342.00,Debit Card,Delivered
2026-05-15,SWG104940,Masala Dosa,South Indian,1,140.00,0.00,7.00,20.00,167.00,140.00,UPI,Delivered
2026-05-15,SWG104941,Gulab Jamun,Desserts,3,270.00,0.00,13.50,20.00,303.50,270.00,Credit Card,Delivered
2026-05-15,SWG104942,Veg Biryani,Biryani,1,180.00,9.00,8.55,40.00,219.55,171.00,Credit Card,Delivered
2026-05-15,SWG104943,Butter Naan,Breads,3,180.00,0.00,9.00,0.00,189.00,180.00,Credit Card,Delivered
2026-05-15,SWG104944,Paneer Tikka,Starters,1,230.00,23.00,10.35,30.00,247.35,207.00,Debit Card,Delivered
2026-05-15,SWG104945,Hakka Noodles,Rice & Noodles,1,180.00,27.00,7.65,30.00,190.65,153.00,Credit Card,Delivered
2026-05-15,SWG104946,Fried Rice,Rice & Noodles,2,340.00,17.00,16.15,0.00,339.15,323.00,UPI,Delivered
2026-05-15,SWG104947,Fried Rice,Rice & Noodles,1,170.00,8.50,8.08,40.00,209.58,161.50,UPI,Delivered
2026-05-15,SWG104948,Paneer Butter Masala,Main Course,1,240.00,24.00,10.80,0.00,226.80,216.00,UPI,Delivered
2026-05-15,SWG104949,Masala Dosa,South Indian,1,140.00,0.00,7.00,30.00,177.00,140.00,UPI,Delivered
2026-05-16,SWG104950,Masala Dosa,South Indian,1,140.00,21.00,5.95,0.00,124.95,119.00,Cash,Delivered
2026-05-16,SWG104951,Paneer Butter Masala,Main Course,1,240.00,36.00,10.20,0.00,214.20,204.00,Cash,Delivered
2026-05-16,SWG104952,Paneer Butter Masala,Main Course,1,240.00,12.00,11.40,40.00,279.40,228.00,UPI,Delivered
2026-05-16,SWG104953,Chicken Tikka,Starters,1,260.00,26.00,11.70,40.00,285.70,0.00,Debit Card,Cancelled
2026-05-16,SWG104954,Butter Naan,Breads,1,60.00,3.00,2.85,40.00,99.85,57.00,Debit Card,Delivered
2026-05-16,SWG104955,Veg Biryani,Biryani,1,180.00,0.00,9.00,30.00,219.00,180.00,Credit Card,Delivered
2026-05-16,SWG104956,Masala Dosa,South Indian,2,280.00,28.00,12.60,30.00,294.60,252.00,Debit Card,Delivered
2026-05-16,SWG104957,Gulab Jamun,Desserts,1,90.00,13.50,3.83,40.00,120.33,76.50,Credit Card,Delivered
2026-05-16,SWG104958,Chicken Biryani,Biryani,2,440.00,0.00,22.00,40.00,502.00,440.00,Credit Card,Delivered
2026-05-16,SWG104959,Butter Naan,Breads,1,60.00,3.00,2.85,20.00,79.85,57.00,Cash,Delivered
2026-05-16,SWG104960,Gulab Jamun,Desserts,1,90.00,9.00,4.05,20.00,105.05,81.00,Cash,Delivered
2026-05-16,SWG104961,Veg Biryani,Biryani,1,180.00,9.00,8.55,30.00,209.55,171.00,UPI,Delivered
2026-05-16,SWG104962,Gulab Jamun,Desserts,1,90.00,13.50,3.83,0.00,80.33,0.00,Credit Card,Cancelled
2026-05-16,SWG104963,Masala Dosa,South Indian,1,140.00,0.00,7.00,40.00,187.00,140.00,Debit Card,Delivered
2026-05-16,SWG104964,Chicken Biryani,Biryani,1,220.00,0.00,11.00,20.00,251.00,220.00,Debit Card,Delivered
2026-05-16,SWG104965,Chicken Biryani,Biryani,1,220.00,22.00,9.90,30.00,237.90,198.00,Cash,Delivered
2026-05-16,SWG104966,Fried Rice,Rice & Noodles,1,170.00,25.50,7.23,20.00,171.73,144.50,Debit Card,Delivered
2026-05-16,SWG104967,Gulab Jamun,Desserts,1,90.00,0.00,4.50,30.00,124.50,90.00,Debit Card,Delivered
2026-05-16,SWG104968,Masala Dosa,South Indian,1,140.00,21.00,5.95,40.00,164.95,119.00,Debit Card,Delivered
2026-05-16,SWG104969,Butter Naan,Breads,2,120.00,18.00,5.10,30.00,137.10,102.00,Credit Card,Delivered
2026-05-16,SWG104970,Fried Rice,Rice & Noodles,1,170.00,0.00,8.50,0.00,178.50,170.00,UPI,Delivered
2026-05-16,SWG104971,Fried Rice,Rice & Noodles,1,170.00,17.00,7.65,40.00,200.65,153.00,Debit Card,Delivered
2026-05-16,SWG104972,Chicken Tikka,Starters,1,260.00,13.00,12.35,30.00,289.35,247.00,Cash,Delivered
2026-05-16,SWG104973,Veg Biryani,Biryani,1,180.00,9.00,8.55,40.00,219.55,171.00,Cash,Delivered
2026-05-16,SWG104974,Paneer Butter Masala,Main Course,1,240.00,0.00,12.00,0.00,252.00,240.00,UPI,Delivered
2026-05-16,SWG104975,Fried Rice,Rice & Noodles,1,170.00,0.00,8.50,20.00,198.50,170.00,Debit Card,Delivered
2026-05-16,SWG104976,Chicken Tikka,Starters,1,260.00,0.00,13.00,20.00,293.00,260.00,Debit Card,Delivered
2026-05-16,SWG104977,Gulab Jamun,Desserts,1,90.00,9.00,4.05,0.00,85.05,81.00,Debit Card,Delivered
2026-05-17,SWG104978,Veg Biryani,Biryani,1,180.00,18.00,8.10,20.00,190.10,162.00,Credit Card,Delivered
2026-05-17,SWG104979,Veg Biryani,Biryani,1,180.00,27.00,7.65,30.00,190.65,153.00,Cash,Delivered
2026-05-17,SWG104980,Gulab Jamun,Desserts,3,270.00,0.00,13.50,20.00,303.50,270.00,Credit Card,Delivered
2026-05-17,SWG104981,Paneer Tikka,Starters,2,460.00,69.00,19.55,30.00,440.55,391.00,Cash,Delivered
2026-05-17,SWG104982,Paneer Butter Masala,Main Course,2,480.00,48.00,21.60,20.00,473.60,432.00,UPI,Delivered
2026-05-17,SWG104983,Hakka Noodles,Rice & Noodles,2,360.00,54.00,15.30,0.00,321.30,306.00,Debit Card,Delivered
2026-05-17,SWG104984,Paneer Butter Masala,Main Course,2,480.00,0.00,24.00,40.00,544.00,480.00,UPI,Delivered
2026-05-17,SWG104985,Paneer Butter Masala,Main Course,3,720.00,0.00,36.00,0.00,756.00,720.00,Cash,Delivered
2026-05-17,SWG104986,Masala Dosa,South Indian,1,140.00,0.00,7.00,0.00,147.00,0.00,Credit Card,Cancelled
2026-05-17,SWG104987,Chicken Biryani,Biryani,2,440.00,66.00,18.70,30.00,422.70,374.00,Credit Card,Delivered
2026-05-17,SWG104988,Masala Dosa,South Indian,2,280.00,42.00,11.90,20.00,269.90,238.00,Debit Card,Delivered
2026-05-17,SWG104989,Butter Naan,Breads,1,60.00,9.00,2.55,30.00,83.55,51.00,Cash,Delivered
2026-05-17,SWG104990,Fried Rice,Rice & Noodles,1,170.00,25.50,7.23,0.00,151.73,144.50,Debit Card,Delivered
2026-05-17,SWG104991,Veg Biryani,Biryani,1,180.00,0.00,9.00,20.00,209.00,180.00,UPI,Delivered
2026-05-17,SWG104992,Hakka Noodles,Rice & Noodles,3,540.00,27.00,25.65,40.00,578.65,513.00,UPI,Delivered
2026-05-17,SWG104993,Gulab Jamun,Desserts,1,90.00,13.50,3.83,40.00,120.33,76.50,Credit Card,Delivered
2026-05-17,SWG104994,Hakka Noodles,Rice & Noodles,1,180.00,9.00,8.55,20.00,199.55,171.00,Debit Card,Delivered
2026-05-17,SWG104995,Fried Rice,Rice & Noodles,1,170.00,17.00,7.65,40.00,200.65,153.00,Credit Card,Delivered
2026-05-17,SWG104996,Paneer Butter Masala,Main Course,2,480.00,0.00,24.00,0.00,504.00,480.00,Cash,Delivered
2026-05-17,SWG104997,Chicken Biryani,Biryani,2,440.00,0.00,22.00,40.00,502.00,440.00,Credit Card,Delivered
2026-05-17,SWG104998,Fried Rice,Rice & Noodles,1,170.00,0.00,8.50,40.00,218.50,170.00,Cash,Delivered
2026-05-17,SWG104999,Gulab Jamun,Desserts,1,90.00,0.00,4.50,40.00,134.50,90.00,UPI,Delivered
2026-05-17,SWG105000,Gulab Jamun,Desserts,3,270.00,13.50,12.83,30.00,299.33,256.50,Credit Card,Delivered
2026-05-17,SWG105001,Paneer Tikka,Starters,1,230.00,23.00,10.35,40.00,257.35,207.00,Credit Card,Delivered
2026-05-17,SWG105002,Gulab Jamun,Desserts,1,90.00,0.00,4.50,40.00,134.50,90.00,Debit Card,Delivered
2026-05-18,SWG105003,Chicken Tikka,Starters,1,260.00,39.00,11.05,20.00,252.05,221.00,Cash,Delivered
2026-05-18,SWG105004,Chicken Tikka,Starters,1,260.00,0.00,13.00,20.00,293.00,260.00,Cash,Delivered
2026-05-18,SWG105005,Gulab Jamun,Desserts,1,90.00,13.50,3.83,30.00,110.33,76.50,UPI,Delivered
2026-05-18,SWG105006,Veg Biryani,Biryani,1,180.00,9.00,8.55,20.00,199.55,171.00,Cash,Delivered
2026-05-18,SWG105007,Butter Naan,Breads,1,60.00,3.00,2.85,0.00,59.85,57.00,Cash,Delivered
2026-05-18,SWG105008,Masala Dosa,South Indian,1,140.00,14.00,6.30,40.00,172.30,126.00,UPI,Delivered
2026-05-18,SWG105009,Gulab Jamun,Desserts,2,180.00,0.00,9.00,40.00,229.00,180.00,Debit Card,Delivered
2026-05-18,SWG105010,Chicken Biryani,Biryani,1,220.00,11.00,10.45,30.00,249.45,209.00,Debit Card,Delivered
2026-05-18,SWG105011,Butter Naan,Breads,1,60.00,6.00,2.70,40.00,96.70,54.00,Cash,Delivered
2026-05-18,SWG105012,Chicken Tikka,Starters,1,260.00,26.00,11.70,20.00,265.70,234.00,UPI,Delivered
2026-05-18,SWG105013,Chicken Biryani,Biryani,1,220.00,22.00,9.90,20.00,227.90,198.00,Cash,Delivered
2026-05-18,SWG105014,Gulab Jamun,Desserts,2,180.00,9.00,8.55,20.00,199.55,171.00,Credit Card,Delivered
2026-05-18,SWG105015,Veg Biryani,Biryani,3,540.00,27.00,25.65,20.00,558.65,513.00,Debit Card,Delivered
2026-05-18,SWG105016,Paneer Tikka,Starters,1,230.00,11.50,10.93,40.00,269.43,218.50,Credit Card,Delivered
2026-05-18,SWG105017,Fried Rice,Rice & Noodles,1,170.00,8.50,8.08,30.00,199.58,161.50,Credit Card,Delivered
2026-05-18,SWG105018,Paneer Butter Masala,Main Course,1,240.00,12.00,11.40,40.00,279.40,228.00,UPI,Delivered
2026-05-18,SWG105019,Chicken Biryani,Biryani,1,220.00,22.00,9.90,20.00,227.90,198.00,Debit Card,Delivered
2026-05-18,SWG105020,Chicken Biryani,Biryani,1,220.00,33.00,9.35,0.00,196.35,187.00,Credit Card,Delivered
2026-05-18,SWG105021,Veg Biryani,Biryani,2,360.00,18.00,17.10,0.00,359.10,342.00,Credit Card,Delivered
2026-05-18,SWG105022,Hakka Noodles,Rice & Noodles,1,180.00,27.00,7.65,0.00,160.65,153.00,Cash,Delivered
2026-05-18,SWG105023,Hakka Noodles,Rice & Noodles,1,180.00,0.00,9.00,30.00,219.00,180.00,Cash,Delivered
2026-05-18,SWG105024,Paneer Butter Masala,Main Course,1,240.00,24.00,10.80,0.00,226.80,216.00,Cash,Delivered
2026-05-18,SWG105025,Gulab Jamun,Desserts,1,90.00,0.00,4.50,40.00,134.50,90.00,Debit Card,Delivered
2026-05-19,SWG105026,Butter Naan,Breads,1,60.00,9.00,2.55,20.00,73.55,51.00,Credit Card,Delivered
2026-05-19,SWG105027,Paneer Tikka,Starters,1,230.00,23.00,10.35,20.00,237.35,207.00,Cash,Delivered
2026-05-19,SWG105028,Veg Biryani,Biryani,1,180.00,27.00,7.65,30.00,190.65,153.00,Debit Card,Delivered
2026-05-19,SWG105029,Butter Naan,Breads,1,60.00,3.00,2.85,0.00,59.85,57.00,Cash,Delivered
2026-05-19,SWG105030,Gulab Jamun,Desserts,2,180.00,27.00,7.65,20.00,180.65,153.00,UPI,Delivered
2026-05-19,SWG105031,Chicken Tikka,Starters,1,260.00,13.00,12.35,0.00,259.35,247.00,Debit Card,Delivered
2026-05-19,SWG105032,Gulab Jamun,Desserts,2,180.00,27.00,7.65,30.00,190.65,153.00,UPI,Delivered
2026-05-19,SWG105033,Chicken Biryani,Biryani,1,220.00,0.00,11.00,40.00,271.00,220.00,Cash,Delivered
2026-05-19,SWG105034,Chicken Biryani,Biryani,1,220.00,33.00,9.35,20.00,216.35,0.00,Cash,Cancelled
2026-05-19,SWG105035,Paneer Tikka,Starters,1,230.00,23.00,10.35,40.00,257.35,207.00,Debit Card,Delivered
2026-05-19,SWG105036,Gulab Jamun,Desserts,1,90.00,0.00,4.50,20.00,114.50,90.00,Credit Card,Delivered
2026-05-19,SWG105037,Masala Dosa,South Indian,1,140.00,21.00,5.95,40.00,164.95,119.00,UPI,Delivered
2026-05-19,SWG105038,Chicken Tikka,Starters,1,260.00,39.00,11.05,20.00,252.05,221.00,Cash,Delivered
2026-05-19,SWG105039,Masala Dosa,South Indian,1,140.00,21.00,5.95,20.00,144.95,119.00,Debit Card,Delivered
2026-05-19,SWG105040,Gulab Jamun,Desserts,1,90.00,9.00,4.05,0.00,85.05,81.00,Debit Card,Delivered
2026-05-20,SWG105041,Chicken Tikka,Starters,2,520.00,52.00,23.40,40.00,531.40,468.00,Debit Card,Delivered
2026-05-20,SWG105042,Veg Biryani,Biryani,1,180.00,0.00,9.00,40.00,229.00,180.00,UPI,Delivered
2026-05-20,SWG105043,Butter Naan,Breads,1,60.00,0.00,3.00,0.00,63.00,60.00,Cash,Delivered
2026-05-20,SWG105044,Veg Biryani,Biryani,1,180.00,27.00,7.65,20.00,180.65,153.00,Credit Card,Delivered
2026-05-20,SWG105045,Chicken Tikka,Starters,1,260.00,39.00,11.05,20.00,252.05,221.00,Credit Card,Delivered
2026-05-20,SWG105046,Butter Naan,Breads,2,120.00,6.00,5.70,30.00,149.70,114.00,Cash,Delivered
2026-05-20,SWG105047,Masala Dosa,South Indian,1,140.00,0.00,7.00,40.00,187.00,140.00,UPI,Delivered
2026-05-20,SWG105048,Paneer Butter Masala,Main Course,1,240.00,0.00,12.00,0.00,252.00,240.00,Cash,Delivered
2026-05-20,SWG105049,Paneer Tikka,Starters,1,230.00,0.00,11.50,40.00,281.50,230.00,Credit Card,Delivered
2026-05-20,SWG105050,Paneer Tikka,Starters,1,230.00,34.50,9.78,20.00,225.28,195.50,Debit Card,Delivered
2026-05-20,SWG105051,Gulab Jamun,Desserts,1,90.00,9.00,4.05,0.00,85.05,81.00,Cash,Delivered
2026-05-20,SWG105052,Chicken Biryani,Biryani,2,440.00,0.00,22.00,20.00,482.00,440.00,Cash,Delivered
2026-05-20,SWG105053,Masala Dosa,South Indian,2,280.00,28.00,12.60,0.00,264.60,252.00,Debit Card,Delivered
2026-05-20,SWG105054,Fried Rice,Rice & Noodles,2,340.00,34.00,15.30,40.00,361.30,306.00,Debit Card,Delivered
2026-05-20,SWG105055,Masala Dosa,South Indian,2,280.00,14.00,13.30,20.00,299.30,266.00,UPI,Delivered
2026-05-20,SWG105056,Chicken Tikka,Starters,1,260.00,0.00,13.00,30.00,303.00,260.00,Debit Card,Delivered
2026-05-20,SWG105057,Paneer Butter Masala,Main Course,1,240.00,36.00,10.20,30.00,244.20,204.00,Cash,Delivered
2026-05-20,SWG105058,Paneer Butter Masala,Main Course,1,240.00,12.00,11.40,40.00,279.40,228.00,Debit Card,Delivered
2026-05-20,SWG105059,Chicken Tikka,Starters,1,260.00,39.00,11.05,30.00,262.05,221.00,UPI,Delivered
2026-05-20,SWG105060,Paneer Tikka,Starters,1,230.00,23.00,10.35,0.00,217.35,207.00,UPI,Delivered
2026-05-20,SWG105061,Hakka Noodles,Rice & Noodles,2,360.00,54.00,15.30,30.00,351.30,306.00,Credit Card,Delivered
2026-05-20,SWG105062,Masala Dosa,South Indian,2,280.00,28.00,12.60,20.00,284.60,252.00,Cash,Delivered
2026-05-20,SWG105063,Gulab Jamun,Desserts,1,90.00,0.00,4.50,20.00,114.50,90.00,Debit Card,Delivered
2026-05-20,SWG105064,Paneer Tikka,Starters,1,230.00,11.50,10.93,40.00,269.43,218.50,UPI,Delivered
2026-05-21,SWG105065,Paneer Tikka,Starters,1,230.00,34.50,9.78,40.00,245.28,195.50,Debit Card,Delivered
2026-05-21,SWG105066,Gulab Jamun,Desserts,2,180.00,9.00,8.55,40.00,219.55,171.00,Cash,Delivered
2026-05-21,SWG105067,Masala Dosa,South Indian,1,140.00,0.00,7.00,0.00,147.00,140.00,Credit Card,Delivered
2026-05-21,SWG105068,Butter Naan,Breads,1,60.00,6.00,2.70,0.00,56.70,0.00,Credit Card,Cancelled
2026-05-21,SWG105069,Gulab Jamun,Desserts,2,180.00,27.00,7.65,30.00,190.65,0.00,Cash,Cancelled
2026-05-21,SWG105070,Hakka Noodles,Rice & Noodles,1,180.00,0.00,9.00,0.00,189.00,180.00,Debit Card,Delivered
2026-05-21,SWG105071,Paneer Butter Masala,Main Course,1,240.00,12.00,11.40,20.00,259.40,228.00,Credit Card,Delivered
2026-05-21,SWG105072,Hakka Noodles,Rice & Noodles,1,180.00,27.00,7.65,0.00,160.65,153.00,Credit Card,Delivered
2026-05-21,SWG105073,Hakka Noodles,Rice & Noodles,1,180.00,0.00,9.00,0.00,189.00,180.00,Debit Card,Delivered
2026-05-21,SWG105074,Fried Rice,Rice & Noodles,1,170.00,0.00,8.50,0.00,178.50,0.00,UPI,Cancelled
2026-05-21,SWG105075,Paneer Butter Masala,Main Course,1,240.00,24.00,10.80,30.00,256.80,216.00,UPI,Delivered
2026-05-21,SWG105076,Hakka Noodles,Rice & Noodles,1,180.00,18.00,8.10,0.00,170.10,162.00,UPI,Delivered
2026-05-21,SWG105077,Gulab Jamun,Desserts,1,90.00,0.00,4.50,20.00,114.50,90.00,Debit Card,Delivered
2026-05-21,SWG105078,Chicken Biryani,Biryani,2,440.00,44.00,19.80,0.00,415.80,396.00,Credit Card,Delivered
2026-05-21,SWG105079,Gulab Jamun,Desserts,1,90.00,13.50,3.83,0.00,80.33,76.50,Cash,Delivered
2026-05-21,SWG105080,Paneer Butter Masala,Main Course,1,240.00,0.00,12.00,30.00,282.00,240.00,Credit Card,Delivered
2026-05-21,SWG105081,Gulab Jamun,Desserts,2,180.00,9.00,8.55,30.00,209.55,171.00,UPI,Delivered
2026-05-21,SWG105082,Gulab Jamun,Desserts,1,90.00,4.50,4.28,20.00,109.78,85.50,Credit Card,Delivered
2026-05-21,SWG105083,Paneer Butter Masala,Main Course,2,480.00,48.00,21.60,30.00,483.60,432.00,Credit Card,Delivered
2026-05-21,SWG105084,Chicken Biryani,Biryani,1,220.00,22.00,9.90,0.00,207.90,198.00,Credit Card,Delivered
2026-05-22,SWG105085,Fried Rice,Rice & Noodles,2,340.00,0.00,17.00,40.00,397.00,340.00,Debit Card,Delivered
2026-05-22,SWG105086,Paneer Tikka,Starters,1,230.00,34.50,9.78,30.00,235.28,195.50,Cash,Delivered
2026-05-22,SWG105087,Paneer Tikka,Starters,1,230.00,11.50,10.93,40.00,269.43,218.50,Credit Card,Delivered
2026-05-22,SWG105088,Chicken Biryani,Biryani,1,220.00,0.00,11.00,40.00,271.00,220.00,Debit Card,Delivered
2026-05-22,SWG105089,Paneer Butter Masala,Main Course,1,240.00,36.00,10.20,0.00,214.20,204.00,UPI,Delivered
2026-05-22,SWG105090,Hakka Noodles,Rice & Noodles,1,180.00,0.00,9.00,0.00,189.00,180.00,Credit Card,Delivered
2026-05-22,SWG105091,Veg Biryani,Biryani,2,360.00,18.00,17.10,20.00,379.10,342.00,Debit Card,Delivered
2026-05-22,SWG105092,Chicken Tikka,Starters,1,260.00,39.00,11.05,20.00,252.05,221.00,Credit Card,Delivered
2026-05-22,SWG105093,Veg Biryani,Biryani,1,180.00,18.00,8.10,30.00,200.10,162.00,UPI,Delivered
2026-05-22,SWG105094,Chicken Biryani,Biryani,2,440.00,66.00,18.70,0.00,392.70,374.00,Cash,Delivered
2026-05-22,SWG105095,Hakka Noodles,Rice & Noodles,1,180.00,18.00,8.10,30.00,200.10,162.00,Credit Card,Delivered
2026-05-22,SWG105096,Paneer Butter Masala,Main Course,1,240.00,0.00,12.00,20.00,272.00,240.00,UPI,Delivered
2026-05-22,SWG105097,Hakka Noodles,Rice & Noodles,1,180.00,18.00,8.10,0.00,170.10,162.00,UPI,Delivered
2026-05-22,SWG105098,Masala Dosa,South Indian,1,140.00,21.00,5.95,0.00,124.95,119.00,UPI,Delivered
2026-05-22,SWG105099,Gulab Jamun,Desserts,1,90.00,0.00,4.50,30.00,124.50,90.00,Credit Card,Delivered
2026-05-22,SWG105100,Masala Dosa,South Indian,1,140.00,14.00,6.30,30.00,162.30,126.00,Debit Card,Delivered
2026-05-22,SWG105101,Chicken Biryani,Biryani,2,440.00,0.00,22.00,30.00,492.00,440.00,UPI,Delivered
2026-05-22,SWG105102,Paneer Tikka,Starters,2,460.00,69.00,19.55,30.00,440.55,391.00,Cash,Delivered
2026-05-22,SWG105103,Gulab Jamun,Desserts,1,90.00,9.00,4.05,0.00,85.05,81.00,Credit Card,Delivered
2026-05-22,SWG105104,Gulab Jamun,Desserts,3,270.00,0.00,13.50,30.00,313.50,270.00,UPI,Delivered
2026-05-22,SWG105105,Masala Dosa,South Indian,1,140.00,21.00,5.95,40.00,164.95,119.00,Credit Card,Delivered
2026-05-22,SWG105106,Chicken Tikka,Starters,2,520.00,52.00,23.40,40.00,531.40,468.00,Cash,Delivered
2026-05-22,SWG105107,Gulab Jamun,Desserts,1,90.00,9.00,4.05,20.00,105.05,81.00,Cash,Delivered
2026-05-22,SWG105108,Masala Dosa,South Indian,1,140.00,21.00,5.95,0.00,124.95,119.00,Debit Card,Delivered
2026-05-22,SWG105109,Paneer Tikka,Starters,2,460.00,46.00,20.70,0.00,434.70,414.00,Cash,Delivered
2026-05-22,SWG105110,Butter Naan,Breads,1,60.00,9.00,2.55,40.00,93.55,51.00,Cash,Delivered
2026-05-22,SWG105111,Paneer Tikka,Starters,1,230.00,34.50,9.78,40.00,245.28,195.50,Credit Card,Delivered
2026-05-22,SWG105112,Masala Dosa,South Indian,1,140.00,7.00,6.65,30.00,169.65,133.00,Cash,Delivered
2026-05-22,SWG105113,Hakka Noodles,Rice & Noodles,1,180.00,27.00,7.65,40.00,200.65,153.00,UPI,Delivered
2026-05-22,SWG105114,Paneer Tikka,Starters,1,230.00,11.50,10.93,40.00,269.43,218.50,Debit Card,Delivered
2026-05-23,SWG105115,Chicken Tikka,Starters,2,520.00,78.00,22.10,20.00,484.10,442.00,Credit Card,Delivered
2026-05-23,SWG105116,Chicken Tikka,Starters,1,260.00,13.00,12.35,20.00,279.35,247.00,Debit Card,Delivered
2026-05-23,SWG105117,Paneer Tikka,Starters,2,460.00,0.00,23.00,30.00,513.00,460.00,Debit Card,Delivered
2026-05-23,SWG105118,Gulab Jamun,Desserts,1,90.00,0.00,4.50,40.00,134.50,90.00,Debit Card,Delivered
2026-05-23,SWG105119,Chicken Biryani,Biryani,1,220.00,11.00,10.45,0.00,219.45,209.00,Credit Card,Delivered
2026-05-23,SWG105120,Chicken Tikka,Starters,1,260.00,0.00,13.00,20.00,293.00,260.00,Debit Card,Delivered
2026-05-23,SWG105121,Chicken Tikka,Starters,2,520.00,0.00,26.00,30.00,576.00,520.00,Credit Card,Delivered
2026-05-23,SWG105122,Masala Dosa,South Indian,1,140.00,7.00,6.65,20.00,159.65,133.00,UPI,Delivered
2026-05-23,SWG105123,Chicken Biryani,Biryani,1,220.00,11.00,10.45,30.00,249.45,209.00,Credit Card,Delivered
2026-05-23,SWG105124,Paneer Butter Masala,Main Course,2,480.00,48.00,21.60,0.00,453.60,432.00,UPI,Delivered
2026-05-23,SWG105125,Hakka Noodles,Rice & Noodles,2,360.00,54.00,15.30,20.00,341.30,306.00,Credit Card,Delivered
2026-05-23,SWG105126,Fried Rice,Rice & Noodles,2,340.00,51.00,14.45,20.00,323.45,289.00,Debit Card,Delivered
2026-05-23,SWG105127,Chicken Biryani,Biryani,2,440.00,0.00,22.00,0.00,462.00,440.00,Credit Card,Delivered
2026-05-23,SWG105128,Veg Biryani,Biryani,1,180.00,27.00,7.65,0.00,160.65,153.00,UPI,Delivered
2026-05-23,SWG105129,Chicken Biryani,Biryani,2,440.00,66.00,18.70,20.00,412.70,374.00,Credit Card,Delivered
2026-05-23,SWG105130,Paneer Tikka,Starters,1,230.00,34.50,9.78,40.00,245.28,195.50,Debit Card,Delivered
2026-05-23,SWG105131,Chicken Tikka,Starters,1,260.00,39.00,11.05,30.00,262.05,221.00,Debit Card,Delivered
2026-05-23,SWG105132,Butter Naan,Breads,1,60.00,6.00,2.70,20.00,76.70,54.00,Cash,Delivered
2026-05-23,SWG105133,Butter Naan,Breads,1,60.00,6.00,2.70,20.00,76.70,54.00,Debit Card,Delivered
2026-05-23,SWG105134,Veg Biryani,Biryani,1,180.00,0.00,9.00,40.00,229.00,180.00,Credit Card,Delivered
2026-05-23,SWG105135,Hakka Noodles,Rice & Noodles,1,180.00,0.00,9.00,20.00,209.00,180.00,Debit Card,Delivered
2026-05-23,SWG105136,Veg Biryani,Biryani,1,180.00,9.00,8.55,40.00,219.55,171.00,Debit Card,Delivered
2026-05-23,SWG105137,Fried Rice,Rice & Noodles,1,170.00,25.50,7.23,40.00,191.73,144.50,UPI,Delivered
2026-05-24,SWG105138,Hakka Noodles,Rice & Noodles,1,180.00,27.00,7.65,30.00,190.65,153.00,Cash,Delivered
2026-05-24,SWG105139,Paneer Butter Masala,Main Course,1,240.00,12.00,11.40,0.00,239.40,228.00,Debit Card,Delivered
2026-05-24,SWG105140,Veg Biryani,Biryani,1,180.00,9.00,8.55,40.00,219.55,171.00,Credit Card,Delivered
2026-05-24,SWG105141,Paneer Butter Masala,Main Course,1,240.00,12.00,11.40,40.00,279.40,228.00,UPI,Delivered
2026-05-24,SWG105142,Fried Rice,Rice & Noodles,2,340.00,0.00,17.00,30.00,387.00,340.00,Debit Card,Delivered
2026-05-24,SWG105143,Veg Biryani,Biryani,1,180.00,0.00,9.00,0.00,189.00,180.00,UPI,Delivered
2026-05-24,SWG105144,Masala Dosa,South Indian,2,280.00,28.00,12.60,20.00,284.60,252.00,Cash,Delivered
2026-05-24,SWG105145,Masala Dosa,South Indian,1,140.00,21.00,5.95,30.00,154.95,119.00,Credit Card,Delivered
2026-05-24,SWG105146,Veg Biryani,Biryani,1,180.00,27.00,7.65,0.00,160.65,153.00,Debit Card,Delivered
2026-05-24,SWG105147,Veg Biryani,Biryani,1,180.00,9.00,8.55,30.00,209.55,171.00,Cash,Delivered
2026-05-24,SWG105148,Butter Naan,Breads,1,60.00,9.00,2.55,0.00,53.55,51.00,UPI,Delivered
2026-05-24,SWG105149,Veg Biryani,Biryani,2,360.00,36.00,16.20,20.00,360.20,324.00,Cash,Delivered
2026-05-24,SWG105150,Chicken Tikka,Starters,1,260.00,26.00,11.70,40.00,285.70,234.00,UPI,Delivered
2026-05-24,SWG105151,Fried Rice,Rice & Noodles,1,170.00,0.00,8.50,20.00,198.50,170.00,Credit Card,Delivered
2026-05-24,SWG105152,Fried Rice,Rice & Noodles,1,170.00,8.50,8.08,40.00,209.58,161.50,Credit Card,Delivered
2026-05-24,SWG105153,Hakka Noodles,Rice & Noodles,1,180.00,18.00,8.10,0.00,170.10,162.00,Credit Card,Delivered
2026-05-24,SWG105154,Veg Biryani,Biryani,1,180.00,9.00,8.55,20.00,199.55,171.00,Debit Card,Delivered
2026-05-24,SWG105155,Masala Dosa,South Indian,1,140.00,21.00,5.95,0.00,124.95,119.00,Credit Card,Delivered
2026-05-24,SWG105156,Paneer Butter Masala,Main Course,3,720.00,36.00,34.20,40.00,758.20,684.00,Debit Card,Delivered
2026-05-24,SWG105157,Fried Rice,Rice & Noodles,1,170.00,25.50,7.23,30.00,181.73,144.50,UPI,Delivered
2026-05-24,SWG105158,Veg Biryani,Biryani,1,180.00,27.00,7.65,30.00,190.65,153.00,UPI,Delivered
2026-05-24,SWG105159,Fried Rice,Rice & Noodles,1,170.00,8.50,8.08,20.00,189.58,161.50,Credit Card,Delivered
2026-05-25,SWG105160,Hakka Noodles,Rice & Noodles,1,180.00,9.00,8.55,40.00,219.55,171.00,Credit Card,Delivered
2026-05-25,SWG105161,Fried Rice,Rice & Noodles,1,170.00,17.00,7.65,40.00,200.65,153.00,Debit Card,Delivered
2026-05-25,SWG105162,Veg Biryani,Biryani,1,180.00,9.00,8.55,0.00,179.55,171.00,Debit Card,Delivered
2026-05-25,SWG105163,Gulab Jamun,Desserts,3,270.00,40.50,11.48,20.00,260.98,229.50,UPI,Delivered
2026-05-25,SWG105164,Paneer Tikka,Starters,1,230.00,34.50,9.78,0.00,205.28,195.50,Debit Card,Delivered
2026-05-25,SWG105165,Veg Biryani,Biryani,1,180.00,9.00,8.55,30.00,209.55,171.00,Debit Card,Delivered
2026-05-25,SWG105166,Veg Biryani,Biryani,3,540.00,54.00,24.30,0.00,510.30,486.00,Debit Card,Delivered
2026-05-25,SWG105167,Paneer Tikka,Starters,1,230.00,11.50,10.93,30.00,259.43,218.50,UPI,Delivered
2026-05-25,SWG105168,Paneer Tikka,Starters,1,230.00,34.50,9.78,0.00,205.28,195.50,UPI,Delivered
2026-05-25,SWG105169,Masala Dosa,South Indian,1,140.00,7.00,6.65,40.00,179.65,133.00,UPI,Delivered
2026-05-25,SWG105170,Paneer Butter Masala,Main Course,1,240.00,24.00,10.80,30.00,256.80,216.00,Debit Card,Delivered
2026-05-25,SWG105171,Gulab Jamun,Desserts,2,180.00,9.00,8.55,0.00,179.55,171.00,Cash,Delivered
2026-05-25,SWG105172,Gulab Jamun,Desserts,2,180.00,0.00,9.00,20.00,209.00,180.00,Cash,Delivered
2026-05-25,SWG105173,Veg Biryani,Biryani,2,360.00,54.00,15.30,30.00,351.30,306.00,Credit Card,Delivered
2026-05-25,SWG105174,Fried Rice,Rice & Noodles,1,170.00,25.50,7.23,40.00,191.73,144.50,Debit Card,Delivered
2026-05-25,SWG105175,Gulab Jamun,Desserts,1,90.00,13.50,3.83,0.00,80.33,76.50,Debit Card,Delivered
2026-05-25,SWG105176,Paneer Butter Masala,Main Course,1,240.00,0.00,12.00,30.00,282.00,240.00,UPI,Delivered
2026-05-25,SWG105177,Hakka Noodles,Rice & Noodles,1,180.00,18.00,8.10,20.00,190.10,162.00,Cash,Delivered
2026-05-25,SWG105178,Butter Naan,Breads,1,60.00,0.00,3.00,40.00,103.00,60.00,UPI,Delivered
2026-05-25,SWG105179,Chicken Tikka,Starters,2,520.00,0.00,26.00,0.00,546.00,520.00,Credit Card,Delivered
2026-05-25,SWG105180,Gulab Jamun,Desserts,1,90.00,9.00,4.05,0.00,85.05,81.00,Credit Card,Delivered
2026-05-25,SWG105181,Veg Biryani,Biryani,1,180.00,18.00,8.10,40.00,210.10,162.00,UPI,Delivered
2026-05-25,SWG105182,Masala Dosa,South Indian,3,420.00,0.00,21.00,0.00,441.00,420.00,Cash,Delivered
2026-05-25,SWG105183,Paneer Butter Masala,Main Course,2,480.00,72.00,20.40,30.00,458.40,408.00,UPI,Delivered
2026-05-25,SWG105184,Masala Dosa,South Indian,2,280.00,0.00,14.00,30.00,324.00,0.00,Cash,Cancelled
2026-05-26,SWG105185,Veg Biryani,Biryani,1,180.00,0.00,9.00,40.00,229.00,180.00,Cash,Delivered
2026-05-26,SWG105186,Fried Rice,Rice & Noodles,1,170.00,25.50,7.23,40.00,191.73,144.50,UPI,Delivered
2026-05-26,SWG105187,Gulab Jamun,Desserts,1,90.00,0.00,4.50,0.00,94.50,90.00,Credit Card,Delivered
2026-05-26,SWG105188,Fried Rice,Rice & Noodles,1,170.00,17.00,7.65,20.00,180.65,153.00,UPI,Delivered
2026-05-26,SWG105189,Chicken Tikka,Starters,1,260.00,39.00,11.05,40.00,272.05,0.00,Debit Card,Cancelled
2026-05-26,SWG105190,Chicken Tikka,Starters,1,260.00,39.00,11.05,0.00,232.05,221.00,Debit Card,Delivered
2026-05-26,SWG105191,Chicken Tikka,Starters,2,520.00,78.00,22.10,20.00,484.10,442.00,Cash,Delivered
2026-05-26,SWG105192,Fried Rice,Rice & Noodles,1,170.00,0.00,8.50,30.00,208.50,170.00,UPI,Delivered
2026-05-26,SWG105193,Fried Rice,Rice & Noodles,1,170.00,8.50,8.08,20.00,189.58,161.50,Cash,Delivered
2026-05-26,SWG105194,Chicken Biryani,Biryani,2,440.00,66.00,18.70,30.00,422.70,374.00,Cash,Delivered
2026-05-26,SWG105195,Paneer Butter Masala,Main Course,1,240.00,24.00,10.80,40.00,266.80,216.00,Debit Card,Delivered
2026-05-26,SWG105196,Hakka Noodles,Rice & Noodles,1,180.00,27.00,7.65,30.00,190.65,153.00,Credit Card,Delivered
2026-05-26,SWG105197,Paneer Tikka,Starters,1,230.00,34.50,9.78,0.00,205.28,195.50,Credit Card,Delivered
2026-05-26,SWG105198,Butter Naan,Breads,1,60.00,9.00,2.55,40.00,93.55,51.00,Debit Card,Delivered
2026-05-26,SWG105199,Gulab Jamun,Desserts,1,90.00,9.00,4.05,30.00,115.05,81.00,Cash,Delivered
2026-05-26,SWG105200,Paneer Tikka,Starters,1,230.00,23.00,10.35,40.00,257.35,207.00,Debit Card,Delivered
2026-05-26,SWG105201,Chicken Tikka,Starters,2,520.00,26.00,24.70,30.00,548.70,494.00,Debit Card,Delivered
2026-05-26,SWG105202,Chicken Tikka,Starters,1,260.00,13.00,12.35,30.00,289.35,247.00,Debit Card,Delivered
2026-05-26,SWG105203,Veg Biryani,Biryani,1,180.00,9.00,8.55,0.00,179.55,171.00,Debit Card,Delivered
2026-05-26,SWG105204,Hakka Noodles,Rice & Noodles,1,180.00,18.00,8.10,20.00,190.10,162.00,Debit Card,Delivered
2026-05-26,SWG105205,Chicken Tikka,Starters,2,520.00,26.00,24.70,40.00,558.70,494.00,Debit Card,Delivered
2026-05-26,SWG105206,Masala Dosa,South Indian,1,140.00,0.00,7.00,40.00,187.00,140.00,Debit Card,Delivered
2026-05-26,SWG105207,Veg Biryani,Biryani,1,180.00,9.00,8.55,30.00,209.55,171.00,Credit Card,Delivered
2026-05-26,SWG105208,Butter Naan,Breads,1,60.00,0.00,3.00,20.00,83.00,60.00,Cash,Delivered
2026-05-26,SWG105209,Masala Dosa,South Indian,3,420.00,0.00,21.00,30.00,471.00,420.00,UPI,Delivered
2026-05-27,SWG105210,Chicken Biryani,Biryani,3,660.00,66.00,29.70,0.00,623.70,594.00,Cash,Delivered
2026-05-27,SWG105211,Veg Biryani,Biryani,1,180.00,18.00,8.10,0.00,170.10,162.00,UPI,Delivered
2026-05-27,SWG105212,Butter Naan,Breads,1,60.00,3.00,2.85,40.00,99.85,57.00,Cash,Delivered
2026-05-27,SWG105213,Veg Biryani,Biryani,1,180.00,18.00,8.10,40.00,210.10,162.00,Cash,Delivered
2026-05-27,SWG105214,Masala Dosa,South Indian,1,140.00,21.00,5.95,40.00,164.95,119.00,Credit Card,Delivered
2026-05-27,SWG105215,Veg Biryani,Biryani,2,360.00,18.00,17.10,40.00,399.10,342.00,Cash,Delivered
2026-05-27,SWG105216,Masala Dosa,South Indian,1,140.00,7.00,6.65,0.00,139.65,133.00,Debit Card,Delivered
2026-05-27,SWG105217,Paneer Butter Masala,Main Course,1,240.00,0.00,12.00,0.00,252.00,240.00,Cash,Delivered
2026-05-27,SWG105218,Paneer Tikka,Starters,1,230.00,0.00,11.50,30.00,271.50,230.00,Debit Card,Delivered
2026-05-27,SWG105219,Hakka Noodles,Rice & Noodles,1,180.00,27.00,7.65,40.00,200.65,153.00,Cash,Delivered
2026-05-27,SWG105220,Veg Biryani,Biryani,1,180.00,9.00,8.55,0.00,179.55,171.00,Debit Card,Delivered
2026-05-27,SWG105221,Masala Dosa,South Indian,1,140.00,14.00,6.30,40.00,172.30,126.00,Debit Card,Delivered
2026-05-27,SWG105222,Masala Dosa,South Indian,1,140.00,21.00,5.95,20.00,144.95,119.00,UPI,Delivered
2026-05-28,SWG105223,Chicken Tikka,Starters,1,260.00,13.00,12.35,40.00,299.35,247.00,Cash,Delivered
2026-05-28,SWG105224,Chicken Biryani,Biryani,1,220.00,33.00,9.35,30.00,226.35,187.00,Cash,Delivered
2026-05-28,SWG105225,Chicken Biryani,Biryani,1,220.00,0.00,11.00,20.00,251.00,220.00,Credit Card,Delivered
2026-05-28,SWG105226,Paneer Tikka,Starters,2,460.00,23.00,21.85,0.00,458.85,437.00,Cash,Delivered
2026-05-28,SWG105227,Fried Rice,Rice & Noodles,1,170.00,17.00,7.65,0.00,160.65,153.00,Credit Card,Delivered
2026-05-28,SWG105228,Veg Biryani,Biryani,1,180.00,27.00,7.65,0.00,160.65,153.00,UPI,Delivered
2026-05-28,SWG105229,Fried Rice,Rice & Noodles,1,170.00,0.00,8.50,40.00,218.50,170.00,Debit Card,Delivered
2026-05-28,SWG105230,Paneer Butter Masala,Main Course,2,480.00,72.00,20.40,30.00,458.40,408.00,UPI,Delivered
2026-05-28,SWG105231,Fried Rice,Rice & Noodles,1,170.00,17.00,7.65,40.00,200.65,153.00,Debit Card,Delivered
2026-05-28,SWG105232,Hakka Noodles,Rice & Noodles,3,540.00,0.00,27.00,20.00,587.00,540.00,Debit Card,Delivered
2026-05-28,SWG105233,Fried Rice,Rice & Noodles,1,170.00,17.00,7.65,30.00,190.65,153.00,UPI,Delivered
2026-05-28,SWG105234,Masala Dosa,South Indian,2,280.00,14.00,13.30,40.00,319.30,266.00,UPI,Delivered
2026-05-28,SWG105235,Gulab Jamun,Desserts,1,90.00,0.00,4.50,40.00,134.50,90.00,Credit Card,Delivered
2026-05-28,SWG105236,Paneer Tikka,Starters,2,460.00,46.00,20.70,20.00,454.70,414.00,UPI,Delivered
2026-05-28,SWG105237,Paneer Tikka,Starters,1,230.00,23.00,10.35,30.00,247.35,207.00,Debit Card,Delivered
2026-05-28,SWG105238,Chicken Biryani,Biryani,1,220.00,22.00,9.90,20.00,227.90,198.00,Credit Card,Delivered
2026-05-28,SWG105239,Chicken Biryani,Biryani,1,220.00,22.00,9.90,40.00,247.90,198.00,Debit Card,Delivered
2026-05-28,SWG105240,Butter Naan,Breads,1,60.00,0.00,3.00,0.00,63.00,60.00,Credit Card,Delivered
2026-05-29,SWG105241,Chicken Biryani,Biryani,2,440.00,66.00,18.70,40.00,432.70,374.00,UPI,Delivered
2026-05-29,SWG105242,Gulab Jamun,Desserts,2,180.00,9.00,8.55,20.00,199.55,171.00,Cash,Delivered
2026-05-29,SWG105243,Chicken Tikka,Starters,1,260.00,0.00,13.00,20.00,293.00,260.00,UPI,Delivered
2026-05-29,SWG105244,Chicken Tikka,Starters,1,260.00,0.00,13.00,20.00,293.00,260.00,Credit Card,Delivered
2026-05-29,SWG105245,Butter Naan,Breads,1,60.00,3.00,2.85,30.00,89.85,57.00,Debit Card,Delivered
2026-05-29,SWG105246,Chicken Biryani,Biryani,1,220.00,11.00,10.45,20.00,239.45,209.00,Credit Card,Delivered
2026-05-29,SWG105247,Chicken Biryani,Biryani,2,440.00,66.00,18.70,20.00,412.70,374.00,UPI,Delivered
2026-05-29,SWG105248,Masala Dosa,South Indian,1,140.00,0.00,7.00,0.00,147.00,140.00,UPI,Delivered
2026-05-29,SWG105249,Chicken Tikka,Starters,1,260.00,26.00,11.70,40.00,285.70,234.00,Debit Card,Delivered
2026-05-29,SWG105250,Fried Rice,Rice & Noodles,2,340.00,51.00,14.45,40.00,343.45,289.00,Credit Card,Delivered
2026-05-29,SWG105251,Masala Dosa,South Indian,2,280.00,28.00,12.60,30.00,294.60,252.00,UPI,Delivered
2026-05-29,SWG105252,Chicken Tikka,Starters,2,520.00,26.00,24.70,40.00,558.70,494.00,Credit Card,Delivered
2026-05-29,SWG105253,Hakka Noodles,Rice & Noodles,2,360.00,54.00,15.30,30.00,351.30,306.00,Debit Card,Delivered
2026-05-29,SWG105254,Paneer Butter Masala,Main Course,1,240.00,12.00,11.40,30.00,269.40,228.00,Cash,Delivered
2026-05-29,SWG105255,Paneer Tikka,Starters,2,460.00,0.00,23.00,30.00,513.00,460.00,UPI,Delivered
2026-05-29,SWG105256,Veg Biryani,Biryani,1,180.00,0.00,9.00,40.00,229.00,180.00,Debit Card,Delivered
2026-05-29,SWG105257,Masala Dosa,South Indian,1,140.00,21.00,5.95,40.00,164.95,119.00,Debit Card,Delivered
2026-05-29,SWG105258,Chicken Biryani,Biryani,2,440.00,44.00,19.80,30.00,445.80,396.00,UPI,Delivered
2026-05-29,SWG105259,Chicken Tikka,Starters,1,260.00,13.00,12.35,30.00,289.35,247.00,Debit Card,Delivered
2026-05-29,SWG105260,Chicken Biryani,Biryani,1,220.00,22.00,9.90,0.00,207.90,198.00,Cash,Delivered
2026-05-29,SWG105261,Gulab Jamun,Desserts,2,180.00,18.00,8.10,30.00,200.10,162.00,Credit Card,Delivered
2026-05-29,SWG105262,Chicken Tikka,Starters,2,520.00,0.00,26.00,0.00,546.00,520.00,Credit Card,Delivered
2026-05-29,SWG105263,Butter Naan,Breads,1,60.00,6.00,2.70,30.00,86.70,54.00,Cash,Delivered
2026-05-29,SWG105264,Fried Rice,Rice & Noodles,2,340.00,34.00,15.30,30.00,351.30,306.00,Credit Card,Delivered
2026-05-30,SWG105265,Chicken Tikka,Starters,1,260.00,0.00,13.00,20.00,293.00,260.00,Cash,Delivered
2026-05-30,SWG105266,Butter Naan,Breads,2,120.00,6.00,5.70,40.00,159.70,114.00,UPI,Delivered
2026-05-30,SWG105267,Chicken Biryani,Biryani,1,220.00,22.00,9.90,30.00,237.90,198.00,Debit Card,Delivered
2026-05-30,SWG105268,Hakka Noodles,Rice & Noodles,2,360.00,54.00,15.30,40.00,361.30,306.00,UPI,Delivered
2026-05-30,SWG105269,Paneer Tikka,Starters,1,230.00,11.50,10.93,30.00,259.43,218.50,Cash,Delivered
2026-05-30,SWG105270,Paneer Butter Masala,Main Course,1,240.00,24.00,10.80,20.00,246.80,216.00,UPI,Delivered
2026-05-30,SWG105271,Butter Naan,Breads,2,120.00,18.00,5.10,40.00,147.10,102.00,UPI,Delivered
2026-05-30,SWG105272,Paneer Tikka,Starters,1,230.00,11.50,10.93,20.00,249.43,218.50,Cash,Delivered
2026-05-30,SWG105273,Paneer Tikka,Starters,1,230.00,0.00,11.50,30.00,271.50,230.00,UPI,Delivered
2026-05-30,SWG105274,Veg Biryani,Biryani,1,180.00,27.00,7.65,0.00,160.65,153.00,Debit Card,Delivered
2026-05-30,SWG105275,Chicken Tikka,Starters,1,260.00,13.00,12.35,30.00,289.35,247.00,Debit Card,Delivered
2026-05-30,SWG105276,Chicken Tikka,Starters,2,520.00,26.00,24.70,0.00,518.70,494.00,Credit Card,Delivered
2026-05-30,SWG105277,Veg Biryani,Biryani,1,180.00,27.00,7.65,40.00,200.65,153.00,UPI,Delivered
2026-05-30,SWG105278,Hakka Noodles,Rice & Noodles,2,360.00,36.00,16.20,0.00,340.20,324.00,UPI,Delivered
2026-05-30,SWG105279,Chicken Biryani,Biryani,1,220.00,0.00,11.00,30.00,261.00,220.00,Cash,Delivered
2026-05-30,SWG105280,Paneer Butter Masala,Main Course,1,240.00,24.00,10.80,40.00,266.80,216.00,Credit Card,Delivered
2026-05-30,SWG105281,Paneer Butter Masala,Main Course,1,240.00,36.00,10.20,20.00,234.20,204.00,Cash,Delivered
2026-05-30,SWG105282,Chicken Biryani,Biryani,2,440.00,22.00,20.90,0.00,438.90,418.00,Cash,Delivered
2026-05-30,SWG105283,Chicken Biryani,Biryani,1,220.00,22.00,9.90,0.00,207.90,0.00,UPI,Cancelled
2026-05-30,SWG105284,Chicken Tikka,Starters,1,260.00,13.00,12.35,0.00,259.35,247.00,Debit Card,Delivered
2026-05-30,SWG105285,Veg Biryani,Biryani,1,180.00,9.00,8.55,40.00,219.55,171.00,UPI,Delivered
2026-05-30,SWG105286,Gulab Jamun,Desserts,1,90.00,4.50,4.28,20.00,109.78,85.50,Cash,Delivered
2026-05-30,SWG105287,Veg Biryani,Biryani,1,180.00,0.00,9.00,20.00,209.00,180.00,Credit Card,Delivered
2026-05-30,SWG105288,Hakka Noodles,Rice & Noodles,1,180.00,27.00,7.65,20.00,180.65,153.00,UPI,Delivered
2026-05-30,SWG105289,Hakka Noodles,Rice & Noodles,1,180.00,9.00,8.55,30.00,209.55,171.00,Cash,Delivered
2026-05-30,SWG105290,Hakka Noodles,Rice & Noodles,1,180.00,27.00,7.65,40.00,200.65,153.00,Credit Card,Delivered
2026-05-30,SWG105291,Masala Dosa,South Indian,2,280.00,14.00,13.30,0.00,279.30,266.00,Debit Card,Delivered
2026-05-30,SWG105292,Hakka Noodles,Rice & Noodles,1,180.00,9.00,8.55,30.00,209.55,171.00,Cash,Delivered
2026-05-30,SWG105293,Paneer Tikka,Starters,1,230.00,23.00,10.35,20.00,237.35,207.00,Cash,Delivered
2026-05-30,SWG105294,Masala Dosa,South Indian,1,140.00,0.00,7.00,30.00,177.00,140.00,Credit Card,Delivered
2026-05-31,SWG105295,Fried Rice,Rice & Noodles,1,170.00,25.50,7.23,40.00,191.73,144.50,Debit Card,Delivered
2026-05-31,SWG105296,Hakka Noodles,Rice & Noodles,1,180.00,27.00,7.65,40.00,200.65,153.00,Debit Card,Delivered
2026-05-31,SWG105297,Masala Dosa,South Indian,1,140.00,7.00,6.65,30.00,169.65,133.00,Cash,Delivered
2026-05-31,SWG105298,Paneer Butter Masala,Main Course,1,240.00,24.00,10.80,40.00,266.80,216.00,Credit Card,Delivered
2026-05-31,SWG105299,Gulab Jamun,Desserts,1,90.00,9.00,4.05,20.00,105.05,81.00,Debit Card,Delivered
2026-05-31,SWG105300,Chicken Tikka,Starters,2,520.00,78.00,22.10,30.00,494.10,442.00,Credit Card,Delivered
2026-05-31,SWG105301,Gulab Jamun,Desserts,1,90.00,4.50,4.28,40.00,129.78,85.50,UPI,Delivered
2026-05-31,SWG105302,Hakka Noodles,Rice & Noodles,2,360.00,54.00,15.30,30.00,351.30,306.00,Cash,Delivered
2026-05-31,SWG105303,Paneer Tikka,Starters,1,230.00,0.00,11.50,0.00,241.50,230.00,Credit Card,Delivered
2026-05-31,SWG105304,Butter Naan,Breads,1,60.00,3.00,2.85,20.00,79.85,57.00,Credit Card,Delivered
2026-05-31,SWG105305,Masala Dosa,South Indian,1,140.00,21.00,5.95,20.00,144.95,119.00,UPI,Delivered
2026-05-31,SWG105306,Veg Biryani,Biryani,1,180.00,9.00,8.55,40.00,219.55,171.00,Debit Card,Delivered
2026-05-31,SWG105307,Chicken Biryani,Biryani,3,660.00,0.00,33.00,20.00,713.00,660.00,Cash,Delivered
2026-05-31,SWG105308,Masala Dosa,South Indian,1,140.00,14.00,6.30,40.00,172.30,126.00,UPI,Delivered
2026-05-31,SWG105309,Masala Dosa,South Indian,2,280.00,28.00,12.60,40.00,304.60,252.00,Debit Card,Delivered
2026-05-31,SWG105310,Fried Rice,Rice & Noodles,1,170.00,17.00,7.65,40.00,200.65,153.00,UPI,Delivered
2026-05-31,SWG105311,Chicken Biryani,Biryani,2,440.00,44.00,19.80,0.00,415.80,396.00,Credit Card,Delivered
2026-05-31,SWG105312,Paneer Tikka,Starters,1,230.00,34.50,9.78,40.00,245.28,195.50,Debit Card,Delivered
2026-05-31,SWG105313,Gulab Jamun,Desserts,1,90.00,13.50,3.83,20.00,100.33,76.50,UPI,Delivered
2026-05-31,SWG105314,Chicken Tikka,Starters,1,260.00,26.00,11.70,40.00,285.70,234.00,Debit Card,Delivered
2026-05-31,SWG105315,Masala Dosa,South Indian,1,140.00,0.00,7.00,30.00,177.00,140.00,Cash,Delivered
2026-05-31,SWG105316,Fried Rice,Rice & Noodles,1,170.00,0.00,8.50,30.00,208.50,170.00,Credit Card,Delivered
2026-05-31,SWG105317,Chicken Tikka,Starters,1,260.00,0.00,13.00,30.00,303.00,260.00,UPI,Delivered
2026-06-01,SWG105318,Chicken Tikka,Starters,1,260.00,0.00,13.00,20.00,293.00,260.00,Debit Card,Delivered
2026-06-01,SWG105319,Chicken Biryani,Biryani,1,220.00,22.00,9.90,20.00,227.90,198.00,Credit Card,Delivered
2026-06-01,SWG105320,Gulab Jamun,Desserts,1,90.00,13.50,3.83,40.00,120.33,76.50,Credit Card,Delivered
2026-06-01,SWG105321,Butter Naan,Breads,2,120.00,0.00,6.00,30.00,156.00,120.00,Credit Card,Delivered
2026-06-01,SWG105322,Hakka Noodles,Rice & Noodles,1,180.00,27.00,7.65,0.00,160.65,153.00,UPI,Delivered
2026-06-01,SWG105323,Fried Rice,Rice & Noodles,1,170.00,17.00,7.65,20.00,180.65,153.00,UPI,Delivered
2026-06-01,SWG105324,Hakka Noodles,Rice & Noodles,1,180.00,27.00,7.65,30.00,190.65,153.00,Cash,Delivered
2026-06-01,SWG105325,Chicken Tikka,Starters,1,260.00,0.00,13.00,30.00,303.00,260.00,Cash,Delivered
2026-06-01,SWG105326,Chicken Biryani,Biryani,1,220.00,22.00,9.90,40.00,247.90,198.00,UPI,Delivered
2026-06-01,SWG105327,Masala Dosa,South Indian,1,140.00,7.00,6.65,0.00,139.65,133.00,UPI,Delivered
2026-06-01,SWG105328,Fried Rice,Rice & Noodles,1,170.00,17.00,7.65,0.00,160.65,153.00,Cash,Delivered
2026-06-02,SWG105329,Butter Naan,Breads,2,120.00,6.00,5.70,0.00,119.70,114.00,Cash,Delivered
2026-06-02,SWG105330,Masala Dosa,South Indian,1,140.00,7.00,6.65,40.00,179.65,133.00,Cash,Delivered
2026-06-02,SWG105331,Veg Biryani,Biryani,3,540.00,27.00,25.65,0.00,538.65,513.00,UPI,Delivered
2026-06-02,SWG105332,Gulab Jamun,Desserts,1,90.00,9.00,4.05,20.00,105.05,81.00,Credit Card,Delivered
2026-06-02,SWG105333,Paneer Tikka,Starters,1,230.00,23.00,10.35,40.00,257.35,207.00,Credit Card,Delivered
2026-06-02,SWG105334,Veg Biryani,Biryani,1,180.00,0.00,9.00,40.00,229.00,180.00,Debit Card,Delivered
2026-06-02,SWG105335,Hakka Noodles,Rice & Noodles,1,180.00,9.00,8.55,30.00,209.55,171.00,Debit Card,Delivered
2026-06-02,SWG105336,Chicken Tikka,Starters,1,260.00,39.00,11.05,20.00,252.05,221.00,Credit Card,Delivered
2026-06-02,SWG105337,Paneer Tikka,Starters,1,230.00,34.50,9.78,0.00,205.28,195.50,Debit Card,Delivered
2026-06-02,SWG105338,Paneer Butter Masala,Main Course,1,240.00,24.00,10.80,40.00,266.80,216.00,UPI,Delivered
2026-06-02,SWG105339,Paneer Tikka,Starters,1,230.00,23.00,10.35,40.00,257.35,207.00,UPI,Delivered
2026-06-02,SWG105340,Butter Naan,Breads,1,60.00,0.00,3.00,40.00,103.00,60.00,Credit Card,Delivered
2026-06-02,SWG105341,Butter Naan,Breads,3,180.00,18.00,8.10,20.00,190.10,162.00,Credit Card,Delivered
2026-06-02,SWG105342,Veg Biryani,Biryani,1,180.00,18.00,8.10,30.00,200.10,162.00,Debit Card,Delivered
2026-06-02,SWG105343,Paneer Butter Masala,Main Course,2,480.00,72.00,20.40,30.00,458.40,408.00,UPI,Delivered
2026-06-02,SWG105344,Fried Rice,Rice & Noodles,1,170.00,8.50,8.08,20.00,189.58,161.50,Credit Card,Delivered
2026-06-02,SWG105345,Chicken Biryani,Biryani,1,220.00,11.00,10.45,40.00,259.45,209.00,Cash,Delivered
2026-06-02,SWG105346,Hakka Noodles,Rice & Noodles,2,360.00,36.00,16.20,0.00,340.20,324.00,Credit Card,Delivered
2026-06-02,SWG105347,Chicken Biryani,Biryani,1,220.00,0.00,11.00,30.00,261.00,220.00,UPI,Delivered
2026-06-02,SWG105348,Chicken Tikka,Starters,1,260.00,13.00,12.35,20.00,279.35,247.00,Debit Card,Delivered
2026-06-02,SWG105349,Veg Biryani,Biryani,1,180.00,27.00,7.65,20.00,180.65,153.00,UPI,Delivered
2026-06-02,SWG105350,Chicken Tikka,Starters,1,260.00,26.00,11.70,30.00,275.70,234.00,UPI,Delivered
2026-06-03,SWG105351,Chicken Biryani,Biryani,1,220.00,22.00,9.90,0.00,207.90,198.00,Debit Card,Delivered
2026-06-03,SWG105352,Veg Biryani,Biryani,1,180.00,27.00,7.65,0.00,160.65,153.00,Credit Card,Delivered
2026-06-03,SWG105353,Paneer Butter Masala,Main Course,2,480.00,0.00,24.00,30.00,534.00,480.00,UPI,Delivered
2026-06-03,SWG105354,Butter Naan,Breads,1,60.00,3.00,2.85,20.00,79.85,57.00,Cash,Delivered
2026-06-03,SWG105355,Paneer Butter Masala,Main Course,1,240.00,24.00,10.80,40.00,266.80,216.00,Cash,Delivered
2026-06-03,SWG105356,Paneer Tikka,Starters,1,230.00,23.00,10.35,0.00,217.35,207.00,UPI,Delivered
2026-06-03,SWG105357,Fried Rice,Rice & Noodles,3,510.00,25.50,24.23,20.00,528.73,484.50,UPI,Delivered
2026-06-03,SWG105358,Chicken Biryani,Biryani,1,220.00,22.00,9.90,0.00,207.90,198.00,Credit Card,Delivered
2026-06-03,SWG105359,Veg Biryani,Biryani,1,180.00,0.00,9.00,40.00,229.00,180.00,Cash,Delivered
2026-06-03,SWG105360,Masala Dosa,South Indian,1,140.00,0.00,7.00,30.00,177.00,140.00,UPI,Delivered
2026-06-03,SWG105361,Paneer Tikka,Starters,1,230.00,23.00,10.35,30.00,247.35,207.00,Debit Card,Delivered
2026-06-03,SWG105362,Gulab Jamun,Desserts,1,90.00,9.00,4.05,40.00,125.05,81.00,Cash,Delivered
2026-06-03,SWG105363,Paneer Tikka,Starters,2,460.00,0.00,23.00,30.00,513.00,460.00,UPI,Delivered
2026-06-03,SWG105364,Fried Rice,Rice & Noodles,1,170.00,17.00,7.65,40.00,200.65,153.00,Credit Card,Delivered
2026-06-03,SWG105365,Fried Rice,Rice & Noodles,1,170.00,8.50,8.08,40.00,209.58,161.50,Credit Card,Delivered
2026-06-03,SWG105366,Paneer Tikka,Starters,2,460.00,0.00,23.00,0.00,483.00,460.00,UPI,Delivered
2026-06-03,SWG105367,Paneer Butter Masala,Main Course,1,240.00,12.00,11.40,40.00,279.40,228.00,UPI,Delivered
2026-06-03,SWG105368,Gulab Jamun,Desserts,1,90.00,0.00,4.50,0.00,94.50,90.00,UPI,Delivered
2026-06-03,SWG105369,Chicken Biryani,Biryani,2,440.00,22.00,20.90,40.00,478.90,418.00,Credit Card,Delivered
2026-06-03,SWG105370,Hakka Noodles,Rice & Noodles,1,180.00,27.00,7.65,40.00,200.65,153.00,Cash,Delivered
2026-06-04,SWG105371,Gulab Jamun,Desserts,1,90.00,13.50,3.83,20.00,100.33,76.50,UPI,Delivered
2026-06-04,SWG105372,Paneer Butter Masala,Main Course,1,240.00,36.00,10.20,40.00,254.20,204.00,UPI,Delivered
2026-06-04,SWG105373,Fried Rice,Rice & Noodles,1,170.00,17.00,7.65,30.00,190.65,153.00,UPI,Delivered
2026-06-04,SWG105374,Gulab Jamun,Desserts,2,180.00,9.00,8.55,0.00,179.55,171.00,UPI,Delivered
2026-06-04,SWG105375,Veg Biryani,Biryani,1,180.00,9.00,8.55,40.00,219.55,171.00,Credit Card,Delivered
2026-06-04,SWG105376,Chicken Tikka,Starters,1,260.00,39.00,11.05,30.00,262.05,221.00,Cash,Delivered
2026-06-04,SWG105377,Masala Dosa,South Indian,2,280.00,42.00,11.90,40.00,289.90,238.00,UPI,Delivered
2026-06-04,SWG105378,Hakka Noodles,Rice & Noodles,1,180.00,0.00,9.00,40.00,229.00,180.00,Debit Card,Delivered
2026-06-04,SWG105379,Hakka Noodles,Rice & Noodles,1,180.00,18.00,8.10,40.00,210.10,162.00,Credit Card,Delivered
2026-06-04,SWG105380,Chicken Tikka,Starters,2,520.00,52.00,23.40,30.00,521.40,468.00,Credit Card,Delivered
2026-06-04,SWG105381,Chicken Tikka,Starters,1,260.00,39.00,11.05,0.00,232.05,221.00,Credit Card,Delivered
2026-06-04,SWG105382,Chicken Biryani,Biryani,2,440.00,22.00,20.90,0.00,438.90,418.00,Debit Card,Delivered
2026-06-04,SWG105383,Paneer Tikka,Starters,1,230.00,0.00,11.50,20.00,261.50,230.00,Cash,Delivered
2026-06-04,SWG105384,Paneer Butter Masala,Main Course,1,240.00,36.00,10.20,20.00,234.20,204.00,Credit Card,Delivered
2026-06-04,SWG105385,Chicken Biryani,Biryani,1,220.00,0.00,11.00,20.00,251.00,220.00,Cash,Delivered
2026-06-04,SWG105386,Hakka Noodles,Rice & Noodles,1,180.00,18.00,8.10,40.00,210.10,162.00,Cash,Delivered
2026-06-04,SWG105387,Chicken Tikka,Starters,1,260.00,26.00,11.70,30.00,275.70,234.00,Credit Card,Delivered
2026-06-04,SWG105388,Chicken Biryani,Biryani,1,220.00,22.00,9.90,40.00,247.90,198.00,UPI,Delivered
2026-06-05,SWG105389,Paneer Butter Masala,Main Course,1,240.00,12.00,11.40,40.00,279.40,228.00,Credit Card,Delivered
2026-06-05,SWG105390,Masala Dosa,South Indian,1,140.00,0.00,7.00,40.00,187.00,140.00,Credit Card,Delivered
2026-06-05,SWG105391,Butter Naan,Breads,1,60.00,3.00,2.85,0.00,59.85,57.00,Cash,Delivered
2026-06-05,SWG105392,Hakka Noodles,Rice & Noodles,1,180.00,0.00,9.00,20.00,209.00,180.00,Debit Card,Delivered
2026-06-05,SWG105393,Fried Rice,Rice & Noodles,1,170.00,0.00,8.50,30.00,208.50,170.00,Cash,Delivered
2026-06-05,SWG105394,Fried Rice,Rice & Noodles,1,170.00,0.00,8.50,40.00,218.50,170.00,UPI,Delivered
2026-06-05,SWG105395,Butter Naan,Breads,1,60.00,3.00,2.85,30.00,89.85,57.00,Credit Card,Delivered
2026-06-05,SWG105396,Chicken Tikka,Starters,1,260.00,0.00,13.00,0.00,273.00,260.00,Cash,Delivered
2026-06-05,SWG105397,Chicken Tikka,Starters,1,260.00,13.00,12.35,40.00,299.35,247.00,Debit Card,Delivered
2026-06-05,SWG105398,Hakka Noodles,Rice & Noodles,1,180.00,9.00,8.55,40.00,219.55,171.00,Debit Card,Delivered
2026-06-05,SWG105399,Fried Rice,Rice & Noodles,1,170.00,25.50,7.23,20.00,171.73,144.50,Debit Card,Delivered
2026-06-05,SWG105400,Veg Biryani,Biryani,1,180.00,0.00,9.00,40.00,229.00,180.00,Cash,Delivered
2026-06-05,SWG105401,Chicken Biryani,Biryani,2,440.00,44.00,19.80,30.00,445.80,396.00,Debit Card,Delivered
2026-06-05,SWG105402,Veg Biryani,Biryani,2,360.00,36.00,16.20,30.00,370.20,324.00,UPI,Delivered
2026-06-05,SWG105403,Paneer Butter Masala,Main Course,1,240.00,12.00,11.40,40.00,279.40,228.00,Cash,Delivered
2026-06-05,SWG105404,Masala Dosa,South Indian,1,140.00,14.00,6.30,30.00,162.30,126.00,Credit Card,Delivered
2026-06-05,SWG105405,Paneer Butter Masala,Main Course,2,480.00,0.00,24.00,0.00,504.00,480.00,UPI,Delivered
2026-06-05,SWG105406,Hakka Noodles,Rice & Noodles,1,180.00,27.00,7.65,0.00,160.65,153.00,Credit Card,Delivered
2026-06-05,SWG105407,Gulab Jamun,Desserts,1,90.00,13.50,3.83,30.00,110.33,76.50,Debit Card,Delivered
2026-06-05,SWG105408,Hakka Noodles,Rice & Noodles,2,360.00,0.00,18.00,0.00,378.00,360.00,Cash,Delivered
2026-06-06,SWG105409,Fried Rice,Rice & Noodles,1,170.00,0.00,8.50,0.00,178.50,170.00,Cash,Delivered
2026-06-06,SWG105410,Masala Dosa,South Indian,2,280.00,14.00,13.30,40.00,319.30,266.00,Debit Card,Delivered
2026-06-06,SWG105411,Chicken Tikka,Starters,1,260.00,13.00,12.35,0.00,259.35,247.00,UPI,Delivered
2026-06-06,SWG105412,Veg Biryani,Biryani,1,180.00,18.00,8.10,40.00,210.10,162.00,Credit Card,Delivered
2026-06-06,SWG105413,Butter Naan,Breads,1,60.00,6.00,2.70,0.00,56.70,54.00,UPI,Delivered
2026-06-06,SWG105414,Fried Rice,Rice & Noodles,1,170.00,17.00,7.65,20.00,180.65,153.00,Cash,Delivered
2026-06-06,SWG105415,Chicken Biryani,Biryani,2,440.00,44.00,19.80,30.00,445.80,396.00,UPI,Delivered
2026-06-06,SWG105416,Chicken Biryani,Biryani,1,220.00,11.00,10.45,0.00,219.45,209.00,Debit Card,Delivered
2026-06-06,SWG105417,Paneer Butter Masala,Main Course,1,240.00,24.00,10.80,20.00,246.80,216.00,UPI,Delivered
2026-06-06,SWG105418,Butter Naan,Breads,1,60.00,3.00,2.85,20.00,79.85,57.00,UPI,Delivered
2026-06-06,SWG105419,Fried Rice,Rice & Noodles,1,170.00,0.00,8.50,40.00,218.50,170.00,Debit Card,Delivered
2026-06-06,SWG105420,Paneer Tikka,Starters,1,230.00,0.00,11.50,30.00,271.50,230.00,Credit Card,Delivered
2026-06-06,SWG105421,Veg Biryani,Biryani,1,180.00,27.00,7.65,40.00,200.65,153.00,UPI,Delivered
2026-06-06,SWG105422,Butter Naan,Breads,1,60.00,0.00,3.00,30.00,93.00,60.00,Debit Card,Delivered
2026-06-06,SWG105423,Hakka Noodles,Rice & Noodles,1,180.00,0.00,9.00,30.00,219.00,180.00,Credit Card,Delivered
2026-06-06,SWG105424,Gulab Jamun,Desserts,1,90.00,9.00,4.05,20.00,105.05,81.00,Debit Card,Delivered
2026-06-06,SWG105425,Gulab Jamun,Desserts,1,90.00,0.00,4.50,0.00,94.50,90.00,UPI,Delivered
2026-06-06,SWG105426,Masala Dosa,South Indian,1,140.00,14.00,6.30,0.00,132.30,126.00,Debit Card,Delivered
2026-06-06,SWG105427,Chicken Biryani,Biryani,2,440.00,22.00,20.90,30.00,468.90,418.00,Cash,Delivered
2026-06-06,SWG105428,Gulab Jamun,Desserts,1,90.00,0.00,4.50,30.00,124.50,90.00,Cash,Delivered
2026-06-06,SWG105429,Chicken Tikka,Starters,1,260.00,0.00,13.00,20.00,293.00,260.00,UPI,Delivered
2026-06-06,SWG105430,Paneer Butter Masala,Main Course,1,240.00,0.00,12.00,20.00,272.00,240.00,Debit Card,Delivered
2026-06-06,SWG105431,Masala Dosa,South Indian,1,140.00,21.00,5.95,40.00,164.95,119.00,Debit Card,Delivered
2026-06-06,SWG105432,Hakka Noodles,Rice & Noodles,1,180.00,9.00,8.55,40.00,219.55,171.00,UPI,Delivered
2026-06-06,SWG105433,Veg Biryani,Biryani,1,180.00,27.00,7.65,30.00,190.65,153.00,UPI,Delivered
2026-06-07,SWG105434,Paneer Tikka,Starters,1,230.00,23.00,10.35,0.00,217.35,0.00,Debit Card,Cancelled
2026-06-07,SWG105435,Veg Biryani,Biryani,2,360.00,0.00,18.00,0.00,378.00,360.00,UPI,Delivered
2026-06-07,SWG105436,Veg Biryani,Biryani,1,180.00,18.00,8.10,20.00,190.10,162.00,Debit Card,Delivered
2026-06-07,SWG105437,Paneer Tikka,Starters,2,460.00,23.00,21.85,20.00,478.85,437.00,Debit Card,Delivered
2026-06-07,SWG105438,Chicken Biryani,Biryani,1,220.00,11.00,10.45,30.00,249.45,209.00,Cash,Delivered
2026-06-07,SWG105439,Fried Rice,Rice & Noodles,2,340.00,17.00,16.15,20.00,359.15,323.00,Credit Card,Delivered
2026-06-07,SWG105440,Chicken Tikka,Starters,1,260.00,26.00,11.70,20.00,265.70,234.00,Cash,Delivered
2026-06-07,SWG105441,Fried Rice,Rice & Noodles,2,340.00,51.00,14.45,40.00,343.45,289.00,Debit Card,Delivered
2026-06-07,SWG105442,Butter Naan,Breads,1,60.00,3.00,2.85,40.00,99.85,57.00,Cash,Delivered
2026-06-07,SWG105443,Paneer Tikka,Starters,2,460.00,46.00,20.70,0.00,434.70,0.00,Cash,Cancelled
2026-06-07,SWG105444,Fried Rice,Rice & Noodles,2,340.00,0.00,17.00,0.00,357.00,340.00,Debit Card,Delivered
2026-06-07,SWG105445,Butter Naan,Breads,2,120.00,0.00,6.00,0.00,126.00,120.00,Credit Card,Delivered
2026-06-07,SWG105446,Chicken Biryani,Biryani,2,440.00,44.00,19.80,0.00,415.80,396.00,Cash,Delivered
2026-06-07,SWG105447,Butter Naan,Breads,1,60.00,9.00,2.55,20.00,73.55,51.00,Credit Card,Delivered
2026-06-07,SWG105448,Paneer Tikka,Starters,1,230.00,0.00,11.50,40.00,281.50,230.00,Credit Card,Delivered
2026-06-07,SWG105449,Gulab Jamun,Desserts,1,90.00,13.50,3.83,20.00,100.33,76.50,Debit Card,Delivered
2026-06-07,SWG105450,Butter Naan,Breads,1,60.00,0.00,3.00,20.00,83.00,60.00,Credit Card,Delivered
2026-06-07,SWG105451,Paneer Tikka,Starters,1,230.00,11.50,10.93,40.00,269.43,218.50,Cash,Delivered
2026-06-07,SWG105452,Hakka Noodles,Rice & Noodles,1,180.00,0.00,9.00,30.00,219.00,180.00,Credit Card,Delivered
2026-06-07,SWG105453,Chicken Tikka,Starters,2,520.00,78.00,22.10,20.00,484.10,442.00,Debit Card,Delivered
2026-06-07,SWG105454,Gulab Jamun,Desserts,1,90.00,0.00,4.50,40.00,134.50,90.00,Credit Card,Delivered
2026-06-07,SWG105455,Paneer Butter Masala,Main Course,1,240.00,24.00,10.80,20.00,246.80,216.00,Cash,Delivered
2026-06-07,SWG105456,Chicken Biryani,Biryani,1,220.00,33.00,9.35,0.00,196.35,187.00,Debit Card,Delivered
2026-06-08,SWG105457,Masala Dosa,South Indian,1,140.00,21.00,5.95,20.00,144.95,119.00,Cash,Delivered
2026-06-08,SWG105458,Paneer Tikka,Starters,1,230.00,34.50,9.78,20.00,225.28,195.50,Credit Card,Delivered
2026-06-08,SWG105459,Hakka Noodles,Rice & Noodles,2,360.00,36.00,16.20,30.00,370.20,324.00,Debit Card,Delivered
2026-06-08,SWG105460,Hakka Noodles,Rice & Noodles,1,180.00,18.00,8.10,30.00,200.10,162.00,Credit Card,Delivered
2026-06-08,SWG105461,Chicken Tikka,Starters,1,260.00,26.00,11.70,0.00,245.70,234.00,Credit Card,Delivered
2026-06-08,SWG105462,Chicken Biryani,Biryani,1,220.00,0.00,11.00,30.00,261.00,220.00,Cash,Delivered
2026-06-08,SWG105463,Veg Biryani,Biryani,1,180.00,18.00,8.10,0.00,170.10,162.00,UPI,Delivered
2026-06-08,SWG105464,Chicken Biryani,Biryani,1,220.00,33.00,9.35,30.00,226.35,187.00,Credit Card,Delivered
2026-06-08,SWG105465,Paneer Tikka,Starters,1,230.00,23.00,10.35,0.00,217.35,207.00,Debit Card,Delivered
2026-06-08,SWG105466,Chicken Biryani,Biryani,1,220.00,33.00,9.35,20.00,216.35,187.00,Credit Card,Delivered
2026-06-08,SWG105467,Butter Naan,Breads,1,60.00,3.00,2.85,40.00,99.85,57.00,Cash,Delivered
2026-06-08,SWG105468,Hakka Noodles,Rice & Noodles,2,360.00,54.00,15.30,0.00,321.30,0.00,Credit Card,Cancelled
2026-06-08,SWG105469,Butter Naan,Breads,1,60.00,0.00,3.00,20.00,83.00,60.00,Cash,Delivered
2026-06-08,SWG105470,Paneer Butter Masala,Main Course,2,480.00,24.00,22.80,30.00,508.80,456.00,Debit Card,Delivered
2026-06-08,SWG105471,Fried Rice,Rice & Noodles,1,170.00,17.00,7.65,20.00,180.65,153.00,UPI,Delivered
2026-06-08,SWG105472,Paneer Butter Masala,Main Course,2,480.00,72.00,20.40,30.00,458.40,408.00,Cash,Delivered
2026-06-08,SWG105473,Veg Biryani,Biryani,2,360.00,54.00,15.30,20.00,341.30,306.00,Debit Card,Delivered
2026-06-08,SWG105474,Gulab Jamun,Desserts,2,180.00,9.00,8.55,20.00,199.55,0.00,UPI,Cancelled
2026-06-08,SWG105475,Chicken Biryani,Biryani,3,660.00,99.00,28.05,20.00,609.05,0.00,UPI,Cancelled
2026-06-08,SWG105476,Paneer Tikka,Starters,1,230.00,23.00,10.35,30.00,247.35,207.00,UPI,Delivered
2026-06-08,SWG105477,Chicken Biryani,Biryani,1,220.00,0.00,11.00,0.00,231.00,220.00,Cash,Delivered
2026-06-08,SWG105478,Masala Dosa,South Indian,1,140.00,14.00,6.30,0.00,132.30,126.00,UPI,Delivered
2026-06-08,SWG105479,Butter Naan,Breads,1,60.00,3.00,2.85,30.00,89.85,57.00,Debit Card,Delivered
2026-06-09,SWG105480,Chicken Biryani,Biryani,1,220.00,33.00,9.35,0.00,196.35,187.00,Debit Card,Delivered
2026-06-09,SWG105481,Paneer Tikka,Starters,1,230.00,34.50,9.78,40.00,245.28,195.50,Credit Card,Delivered
2026-06-09,SWG105482,Butter Naan,Breads,2,120.00,12.00,5.40,40.00,153.40,108.00,UPI,Delivered
2026-06-09,SWG105483,Veg Biryani,Biryani,1,180.00,0.00,9.00,30.00,219.00,180.00,Debit Card,Delivered
2026-06-09,SWG105484,Fried Rice,Rice & Noodles,1,170.00,8.50,8.08,30.00,199.58,161.50,UPI,Delivered
2026-06-09,SWG105485,Chicken Biryani,Biryani,1,220.00,0.00,11.00,0.00,231.00,220.00,Debit Card,Delivered
2026-06-09,SWG105486,Paneer Tikka,Starters,1,230.00,0.00,11.50,30.00,271.50,230.00,UPI,Delivered
2026-06-09,SWG105487,Veg Biryani,Biryani,1,180.00,18.00,8.10,40.00,210.10,162.00,Credit Card,Delivered
2026-06-09,SWG105488,Chicken Biryani,Biryani,1,220.00,11.00,10.45,20.00,239.45,209.00,Debit Card,Delivered
2026-06-09,SWG105489,Paneer Tikka,Starters,2,460.00,69.00,19.55,20.00,430.55,391.00,Cash,Delivered
2026-06-09,SWG105490,Paneer Tikka,Starters,2,460.00,0.00,23.00,40.00,523.00,460.00,Cash,Delivered
2026-06-09,SWG105491,Fried Rice,Rice & Noodles,1,170.00,25.50,7.23,30.00,181.73,144.50,Credit Card,Delivered
2026-06-09,SWG105492,Hakka Noodles,Rice & Noodles,1,180.00,0.00,9.00,20.00,209.00,180.00,UPI,Delivered
2026-06-09,SWG105493,Hakka Noodles,Rice & Noodles,3,540.00,27.00,25.65,40.00,578.65,513.00,Credit Card,Delivered
2026-06-09,SWG105494,Chicken Biryani,Biryani,1,220.00,33.00,9.35,20.00,216.35,187.00,Debit Card,Delivered
2026-06-09,SWG105495,Paneer Butter Masala,Main Course,1,240.00,24.00,10.80,30.00,256.80,216.00,Cash,Delivered
2026-06-09,SWG105496,Hakka Noodles,Rice & Noodles,2,360.00,0.00,18.00,40.00,418.00,360.00,Credit Card,Delivered
2026-06-09,SWG105497,Masala Dosa,South Indian,1,140.00,0.00,7.00,40.00,187.00,140.00,Cash,Delivered
2026-06-10,SWG105498,Chicken Biryani,Biryani,1,220.00,0.00,11.00,30.00,261.00,220.00,Debit Card,Delivered
2026-06-10,SWG105499,Hakka Noodles,Rice & Noodles,1,180.00,9.00,8.55,0.00,179.55,171.00,Debit Card,Delivered
2026-06-10,SWG105500,Veg Biryani,Biryani,1,180.00,9.00,8.55,0.00,179.55,171.00,Debit Card,Delivered
2026-06-10,SWG105501,Masala Dosa,South Indian,1,140.00,7.00,6.65,20.00,159.65,133.00,Debit Card,Delivered
2026-06-10,SWG105502,Masala Dosa,South Indian,1,140.00,21.00,5.95,20.00,144.95,119.00,Cash,Delivered
2026-06-10,SWG105503,Fried Rice,Rice & Noodles,1,170.00,0.00,8.50,40.00,218.50,170.00,UPI,Delivered
2026-06-10,SWG105504,Chicken Tikka,Starters,1,260.00,26.00,11.70,20.00,265.70,234.00,Debit Card,Delivered
2026-06-10,SWG105505,Chicken Tikka,Starters,1,260.00,26.00,11.70,30.00,275.70,234.00,Debit Card,Delivered
2026-06-10,SWG105506,Masala Dosa,South Indian,1,140.00,0.00,7.00,40.00,187.00,140.00,Cash,Delivered
2026-06-10,SWG105507,Fried Rice,Rice & Noodles,1,170.00,8.50,8.08,20.00,189.58,0.00,UPI,Cancelled
2026-06-10,SWG105508,Chicken Biryani,Biryani,1,220.00,33.00,9.35,20.00,216.35,187.00,UPI,Delivered
2026-06-10,SWG105509,Masala Dosa,South Indian,1,140.00,14.00,6.30,40.00,172.30,126.00,UPI,Delivered
2026-06-10,SWG105510,Paneer Butter Masala,Main Course,2,480.00,48.00,21.60,40.00,493.60,432.00,Cash,Delivered
2026-06-10,SWG105511,Chicken Tikka,Starters,1,260.00,0.00,13.00,30.00,303.00,260.00,UPI,Delivered
2026-06-10,SWG105512,Masala Dosa,South Indian,1,140.00,21.00,5.95,40.00,164.95,119.00,Cash,Delivered
2026-06-10,SWG105513,Masala Dosa,South Indian,3,420.00,21.00,19.95,40.00,458.95,399.00,Debit Card,Delivered
2026-06-10,SWG105514,Masala Dosa,South Indian,2,280.00,42.00,11.90,0.00,249.90,238.00,Cash,Delivered
2026-06-10,SWG105515,Fried Rice,Rice & Noodles,1,170.00,0.00,8.50,0.00,178.50,170.00,Cash,Delivered
2026-06-10,SWG105516,Chicken Biryani,Biryani,1,220.00,11.00,10.45,30.00,249.45,209.00,UPI,Delivered
2026-06-11,SWG105517,Masala Dosa,South Indian,1,140.00,7.00,6.65,0.00,139.65,133.00,Credit Card,Delivered
2026-06-11,SWG105518,Masala Dosa,South Indian,2,280.00,42.00,11.90,40.00,289.90,238.00,Debit Card,Delivered
2026-06-11,SWG105519,Gulab Jamun,Desserts,2,180.00,0.00,9.00,20.00,209.00,180.00,UPI,Delivered
2026-06-11,SWG105520,Masala Dosa,South Indian,2,280.00,14.00,13.30,0.00,279.30,266.00,Cash,Delivered
2026-06-11,SWG105521,Gulab Jamun,Desserts,1,90.00,4.50,4.28,30.00,119.78,85.50,Credit Card,Delivered
2026-06-11,SWG105522,Masala Dosa,South Indian,1,140.00,14.00,6.30,0.00,132.30,126.00,Credit Card,Delivered
2026-06-11,SWG105523,Chicken Biryani,Biryani,1,220.00,33.00,9.35,30.00,226.35,187.00,Credit Card,Delivered
2026-06-11,SWG105524,Paneer Butter Masala,Main Course,2,480.00,48.00,21.60,40.00,493.60,432.00,UPI,Delivered
2026-06-11,SWG105525,Hakka Noodles,Rice & Noodles,2,360.00,18.00,17.10,40.00,399.10,342.00,UPI,Delivered
2026-06-11,SWG105526,Fried Rice,Rice & Noodles,1,170.00,8.50,8.08,30.00,199.58,161.50,Cash,Delivered
2026-06-11,SWG105527,Masala Dosa,South Indian,1,140.00,7.00,6.65,30.00,169.65,133.00,Cash,Delivered
2026-06-12,SWG105528,Chicken Tikka,Starters,1,260.00,13.00,12.35,30.00,289.35,247.00,Credit Card,Delivered
2026-06-12,SWG105529,Veg Biryani,Biryani,1,180.00,18.00,8.10,30.00,200.10,162.00,UPI,Delivered
2026-06-12,SWG105530,Paneer Butter Masala,Main Course,1,240.00,0.00,12.00,20.00,272.00,240.00,UPI,Delivered
2026-06-12,SWG105531,Fried Rice,Rice & Noodles,1,170.00,25.50,7.23,20.00,171.73,144.50,UPI,Delivered
2026-06-12,SWG105532,Chicken Tikka,Starters,2,520.00,26.00,24.70,0.00,518.70,0.00,Debit Card,Cancelled
2026-06-12,SWG105533,Masala Dosa,South Indian,1,140.00,21.00,5.95,40.00,164.95,119.00,Credit Card,Delivered
2026-06-12,SWG105534,Chicken Tikka,Starters,2,520.00,52.00,23.40,20.00,511.40,468.00,Cash,Delivered
2026-06-12,SWG105535,Paneer Butter Masala,Main Course,1,240.00,36.00,10.20,0.00,214.20,204.00,Debit Card,Delivered
2026-06-12,SWG105536,Gulab Jamun,Desserts,1,90.00,9.00,4.05,30.00,115.05,81.00,Cash,Delivered
2026-06-12,SWG105537,Paneer Butter Masala,Main Course,1,240.00,24.00,10.80,30.00,256.80,216.00,Debit Card,Delivered
2026-06-12,SWG105538,Hakka Noodles,Rice & Noodles,3,540.00,81.00,22.95,20.00,501.95,459.00,Debit Card,Delivered
2026-06-12,SWG105539,Chicken Biryani,Biryani,1,220.00,22.00,9.90,30.00,237.90,198.00,Credit Card,Delivered
2026-06-12,SWG105540,Veg Biryani,Biryani,1,180.00,18.00,8.10,30.00,200.10,162.00,Debit Card,Delivered
2026-06-12,SWG105541,Hakka Noodles,Rice & Noodles,1,180.00,9.00,8.55,30.00,209.55,171.00,Credit Card,Delivered
2026-06-12,SWG105542,Hakka Noodles,Rice & Noodles,1,180.00,18.00,8.10,0.00,170.10,162.00,Cash,Delivered
2026-06-12,SWG105543,Chicken Tikka,Starters,1,260.00,39.00,11.05,0.00,232.05,221.00,Cash,Delivered
2026-06-12,SWG105544,Veg Biryani,Biryani,1,180.00,18.00,8.10,20.00,190.10,162.00,Debit Card,Delivered
2026-06-12,SWG105545,Fried Rice,Rice & Noodles,1,170.00,25.50,7.23,30.00,181.73,144.50,Debit Card,Delivered
2026-06-12,SWG105546,Gulab Jamun,Desserts,1,90.00,4.50,4.28,0.00,89.78,85.50,Debit Card,Delivered
2026-06-13,SWG105547,Chicken Biryani,Biryani,1,220.00,0.00,11.00,40.00,271.00,220.00,Credit Card,Delivered
2026-06-13,SWG105548,Paneer Tikka,Starters,1,230.00,34.50,9.78,20.00,225.28,195.50,Cash,Delivered
2026-06-13,SWG105549,Chicken Tikka,Starters,2,520.00,26.00,24.70,40.00,558.70,494.00,Credit Card,Delivered
2026-06-13,SWG105550,Hakka Noodles,Rice & Noodles,1,180.00,18.00,8.10,40.00,210.10,162.00,UPI,Delivered
2026-06-13,SWG105551,Butter Naan,Breads,1,60.00,6.00,2.70,0.00,56.70,54.00,Debit Card,Delivered
2026-06-13,SWG105552,Masala Dosa,South Indian,2,280.00,28.00,12.60,20.00,284.60,252.00,UPI,Delivered
2026-06-13,SWG105553,Paneer Butter Masala,Main Course,2,480.00,0.00,24.00,20.00,524.00,480.00,Debit Card,Delivered
2026-06-13,SWG105554,Fried Rice,Rice & Noodles,1,170.00,8.50,8.08,40.00,209.58,161.50,Debit Card,Delivered
2026-06-13,SWG105555,Paneer Butter Masala,Main Course,1,240.00,24.00,10.80,20.00,246.80,216.00,Cash,Delivered
2026-06-13,SWG105556,Chicken Biryani,Biryani,1,220.00,22.00,9.90,0.00,207.90,198.00,Credit Card,Delivered
2026-06-13,SWG105557,Gulab Jamun,Desserts,1,90.00,9.00,4.05,30.00,115.05,81.00,Cash,Delivered
2026-06-13,SWG105558,Hakka Noodles,Rice & Noodles,1,180.00,9.00,8.55,20.00,199.55,171.00,Cash,Delivered
2026-06-13,SWG105559,Gulab Jamun,Desserts,2,180.00,27.00,7.65,30.00,190.65,153.00,Debit Card,Delivered
2026-06-13,SWG105560,Gulab Jamun,Desserts,1,90.00,9.00,4.05,30.00,115.05,81.00,UPI,Delivered
2026-06-13,SWG105561,Butter Naan,Breads,1,60.00,3.00,2.85,0.00,59.85,57.00,Debit Card,Delivered
2026-06-13,SWG105562,Butter Naan,Breads,1,60.00,0.00,3.00,20.00,83.00,60.00,Credit Card,Delivered
2026-06-13,SWG105563,Masala Dosa,South Indian,2,280.00,14.00,13.30,20.00,299.30,266.00,Credit Card,Delivered
2026-06-13,SWG105564,Paneer Tikka,Starters,2,460.00,23.00,21.85,40.00,498.85,437.00,Cash,Delivered
2026-06-13,SWG105565,Paneer Tikka,Starters,2,460.00,46.00,20.70,0.00,434.70,414.00,Debit Card,Delivered
2026-06-13,SWG105566,Chicken Biryani,Biryani,1,220.00,33.00,9.35,30.00,226.35,187.00,UPI,Delivered
2026-06-13,SWG105567,Paneer Butter Masala,Main Course,1,240.00,36.00,10.20,20.00,234.20,204.00,UPI,Delivered
2026-06-13,SWG105568,Chicken Biryani,Biryani,1,220.00,11.00,10.45,20.00,239.45,209.00,Credit Card,Delivered
2026-06-13,SWG105569,Chicken Biryani,Biryani,1,220.00,22.00,9.90,30.00,237.90,198.00,Credit Card,Delivered
2026-06-13,SWG105570,Hakka Noodles,Rice & Noodles,3,540.00,27.00,25.65,40.00,578.65,513.00,Cash,Delivered
2026-06-13,SWG105571,Fried Rice,Rice & Noodles,1,170.00,17.00,7.65,20.00,180.65,153.00,Credit Card,Delivered
2026-06-13,SWG105572,Chicken Tikka,Starters,1,260.00,13.00,12.35,20.00,279.35,247.00,Cash,Delivered
2026-06-13,SWG105573,Veg Biryani,Biryani,1,180.00,9.00,8.55,40.00,219.55,171.00,Credit Card,Delivered
2026-06-13,SWG105574,Gulab Jamun,Desserts,1,90.00,4.50,4.28,0.00,89.78,85.50,Debit Card,Delivered
2026-06-13,SWG105575,Paneer Butter Masala,Main Course,1,240.00,12.00,11.40,40.00,279.40,228.00,Cash,Delivered
2026-06-13,SWG105576,Butter Naan,Breads,1,60.00,3.00,2.85,30.00,89.85,57.00,Cash,Delivered
2026-06-13,SWG105577,Gulab Jamun,Desserts,1,90.00,13.50,3.83,30.00,110.33,76.50,Cash,Delivered
2026-06-13,SWG105578,Paneer Butter Masala,Main Course,1,240.00,24.00,10.80,40.00,266.80,216.00,UPI,Delivered
2026-06-14,SWG105579,Gulab Jamun,Desserts,1,90.00,0.00,4.50,40.00,134.50,90.00,Debit Card,Delivered
2026-06-14,SWG105580,Chicken Biryani,Biryani,1,220.00,11.00,10.45,20.00,239.45,209.00,Credit Card,Delivered
2026-06-14,SWG105581,Paneer Butter Masala,Main Course,3,720.00,108.00,30.60,20.00,662.60,612.00,Debit Card,Delivered
2026-06-14,SWG105582,Paneer Butter Masala,Main Course,1,240.00,24.00,10.80,0.00,226.80,216.00,Credit Card,Delivered
2026-06-14,SWG105583,Fried Rice,Rice & Noodles,1,170.00,17.00,7.65,0.00,160.65,153.00,Cash,Delivered
2026-06-14,SWG105584,Hakka Noodles,Rice & Noodles,1,180.00,0.00,9.00,0.00,189.00,180.00,Credit Card,Delivered
2026-06-14,SWG105585,Chicken Biryani,Biryani,1,220.00,33.00,9.35,0.00,196.35,187.00,UPI,Delivered
2026-06-14,SWG105586,Hakka Noodles,Rice & Noodles,1,180.00,18.00,8.10,30.00,200.10,162.00,Debit Card,Delivered
2026-06-14,SWG105587,Gulab Jamun,Desserts,1,90.00,0.00,4.50,20.00,114.50,90.00,UPI,Delivered
2026-06-14,SWG105588,Chicken Tikka,Starters,2,520.00,78.00,22.10,30.00,494.10,442.00,Debit Card,Delivered
2026-06-14,SWG105589,Fried Rice,Rice & Noodles,2,340.00,0.00,17.00,20.00,377.00,340.00,UPI,Delivered
2026-06-14,SWG105590,Hakka Noodles,Rice & Noodles,1,180.00,0.00,9.00,40.00,229.00,180.00,Debit Card,Delivered
2026-06-14,SWG105591,Paneer Butter Masala,Main Course,1,240.00,0.00,12.00,20.00,272.00,240.00,Debit Card,Delivered
2026-06-14,SWG105592,Paneer Butter Masala,Main Course,2,480.00,0.00,24.00,0.00,504.00,480.00,Cash,Delivered
2026-06-14,SWG105593,Fried Rice,Rice & Noodles,1,170.00,25.50,7.23,30.00,181.73,144.50,Debit Card,Delivered
2026-06-14,SWG105594,Chicken Biryani,Biryani,1,220.00,0.00,11.00,30.00,261.00,220.00,Debit Card,Delivered
2026-06-14,SWG105595,Gulab Jamun,Desserts,2,180.00,27.00,7.65,20.00,180.65,153.00,Cash,Delivered
2026-06-14,SWG105596,Paneer Tikka,Starters,1,230.00,34.50,9.78,20.00,225.28,195.50,Cash,Delivered
2026-06-14,SWG105597,Chicken Tikka,Starters,1,260.00,0.00,13.00,30.00,303.00,260.00,Credit Card,Delivered
2026-06-14,SWG105598,Chicken Biryani,Biryani,1,220.00,11.00,10.45,30.00,249.45,209.00,Debit Card,Delivered
2026-06-14,SWG105599,Chicken Biryani,Biryani,1,220.00,22.00,9.90,40.00,247.90,198.00,Cash,Delivered
2026-06-14,SWG105600,Paneer Tikka,Starters,1,230.00,11.50,10.93,30.00,259.43,218.50,Credit Card,Delivered
2026-06-15,SWG105601,Gulab Jamun,Desserts,2,180.00,0.00,9.00,40.00,229.00,180.00,Cash,Delivered
2026-06-15,SWG105602,Fried Rice,Rice & Noodles,1,170.00,0.00,8.50,40.00,218.50,170.00,Cash,Delivered
2026-06-15,SWG105603,Gulab Jamun,Desserts,1,90.00,9.00,4.05,30.00,115.05,81.00,UPI,Delivered
2026-06-15,SWG105604,Paneer Butter Masala,Main Course,1,240.00,36.00,10.20,40.00,254.20,204.00,Cash,Delivered
2026-06-15,SWG105605,Masala Dosa,South Indian,2,280.00,42.00,11.90,20.00,269.90,238.00,Cash,Delivered
2026-06-15,SWG105606,Hakka Noodles,Rice & Noodles,1,180.00,18.00,8.10,20.00,190.10,162.00,UPI,Delivered
2026-06-15,SWG105607,Paneer Butter Masala,Main Course,3,720.00,72.00,32.40,20.00,700.40,648.00,UPI,Delivered
2026-06-15,SWG105608,Paneer Tikka,Starters,1,230.00,23.00,10.35,20.00,237.35,207.00,Debit Card,Delivered
2026-06-15,SWG105609,Veg Biryani,Biryani,3,540.00,81.00,22.95,0.00,481.95,459.00,UPI,Delivered
2026-06-15,SWG105610,Masala Dosa,South Indian,1,140.00,7.00,6.65,40.00,179.65,133.00,Cash,Delivered
2026-06-15,SWG105611,Chicken Tikka,Starters,1,260.00,13.00,12.35,40.00,299.35,247.00,Credit Card,Delivered
2026-06-15,SWG105612,Chicken Biryani,Biryani,2,440.00,22.00,20.90,20.00,458.90,418.00,Credit Card,Delivered
2026-06-15,SWG105613,Chicken Tikka,Starters,2,520.00,0.00,26.00,20.00,566.00,520.00,Cash,Delivered
2026-06-15,SWG105614,Butter Naan,Breads,3,180.00,9.00,8.55,20.00,199.55,171.00,Debit Card,Delivered
2026-06-15,SWG105615,Fried Rice,Rice & Noodles,1,170.00,17.00,7.65,0.00,160.65,153.00,Credit Card,Delivered
2026-06-15,SWG105616,Masala Dosa,South Indian,1,140.00,21.00,5.95,40.00,164.95,119.00,UPI,Delivered
2026-06-15,SWG105617,Chicken Tikka,Starters,2,520.00,26.00,24.70,40.00,558.70,494.00,UPI,Delivered
2026-06-15,SWG105618,Veg Biryani,Biryani,1,180.00,18.00,8.10,0.00,170.10,162.00,Credit Card,Delivered
2026-06-16,SWG105619,Veg Biryani,Biryani,1,180.00,18.00,8.10,40.00,210.10,162.00,Debit Card,Delivered
2026-06-16,SWG105620,Gulab Jamun,Desserts,2,180.00,27.00,7.65,40.00,200.65,153.00,UPI,Delivered
2026-06-16,SWG105621,Fried Rice,Rice & Noodles,2,340.00,51.00,14.45,0.00,303.45,289.00,Debit Card,Delivered
2026-06-16,SWG105622,Paneer Tikka,Starters,1,230.00,23.00,10.35,20.00,237.35,207.00,Cash,Delivered
2026-06-16,SWG105623,Chicken Biryani,Biryani,3,660.00,66.00,29.70,0.00,623.70,594.00,Cash,Delivered
2026-06-16,SWG105624,Masala Dosa,South Indian,2,280.00,28.00,12.60,20.00,284.60,252.00,Cash,Delivered
2026-06-16,SWG105625,Paneer Butter Masala,Main Course,1,240.00,36.00,10.20,20.00,234.20,204.00,Cash,Delivered
2026-06-16,SWG105626,Paneer Tikka,Starters,1,230.00,0.00,11.50,30.00,271.50,230.00,Cash,Delivered
2026-06-16,SWG105627,Masala Dosa,South Indian,2,280.00,28.00,12.60,30.00,294.60,0.00,Cash,Cancelled
2026-06-16,SWG105628,Paneer Tikka,Starters,1,230.00,11.50,10.93,30.00,259.43,218.50,Cash,Delivered
2026-06-16,SWG105629,Masala Dosa,South Indian,1,140.00,7.00,6.65,40.00,179.65,133.00,Credit Card,Delivered
2026-06-16,SWG105630,Paneer Butter Masala,Main Course,1,240.00,36.00,10.20,20.00,234.20,204.00,Debit Card,Delivered
2026-06-16,SWG105631,Gulab Jamun,Desserts,1,90.00,4.50,4.28,20.00,109.78,85.50,Credit Card,Delivered
2026-06-16,SWG105632,Gulab Jamun,Desserts,2,180.00,9.00,8.55,0.00,179.55,171.00,UPI,Delivered
2026-06-16,SWG105633,Chicken Biryani,Biryani,1,220.00,0.00,11.00,20.00,251.00,220.00,Credit Card,Delivered
2026-06-16,SWG105634,Chicken Biryani,Biryani,1,220.00,22.00,9.90,30.00,237.90,198.00,Debit Card,Delivered
2026-06-16,SWG105635,Paneer Tikka,Starters,1,230.00,34.50,9.78,0.00,205.28,195.50,Debit Card,Delivered
2026-06-16,SWG105636,Paneer Butter Masala,Main Course,1,240.00,36.00,10.20,40.00,254.20,204.00,Debit Card,Delivered
2026-06-16,SWG105637,Chicken Tikka,Starters,1,260.00,13.00,12.35,0.00,259.35,247.00,Cash,Delivered
2026-06-17,SWG105638,Masala Dosa,South Indian,1,140.00,21.00,5.95,40.00,164.95,119.00,Cash,Delivered
2026-06-17,SWG105639,Paneer Tikka,Starters,2,460.00,69.00,19.55,40.00,450.55,391.00,Debit Card,Delivered
2026-06-17,SWG105640,Fried Rice,Rice & Noodles,3,510.00,0.00,25.50,30.00,565.50,510.00,Debit Card,Delivered
2026-06-17,SWG105641,Butter Naan,Breads,1,60.00,6.00,2.70,30.00,86.70,54.00,Credit Card,Delivered
2026-06-17,SWG105642,Paneer Butter Masala,Main Course,1,240.00,0.00,12.00,30.00,282.00,240.00,Cash,Delivered
2026-06-17,SWG105643,Hakka Noodles,Rice & Noodles,1,180.00,27.00,7.65,20.00,180.65,153.00,Debit Card,Delivered
2026-06-17,SWG105644,Masala Dosa,South Indian,1,140.00,0.00,7.00,40.00,187.00,140.00,Debit Card,Delivered
2026-06-17,SWG105645,Chicken Biryani,Biryani,1,220.00,11.00,10.45,40.00,259.45,209.00,Credit Card,Delivered
2026-06-17,SWG105646,Hakka Noodles,Rice & Noodles,1,180.00,18.00,8.10,0.00,170.10,162.00,Cash,Delivered
2026-06-17,SWG105647,Butter Naan,Breads,1,60.00,9.00,2.55,20.00,73.55,51.00,Credit Card,Delivered
2026-06-17,SWG105648,Butter Naan,Breads,2,120.00,0.00,6.00,30.00,156.00,120.00,Credit Card,Delivered
2026-06-17,SWG105649,Paneer Butter Masala,Main Course,1,240.00,12.00,11.40,20.00,259.40,228.00,UPI,Delivered
2026-06-17,SWG105650,Paneer Butter Masala,Main Course,1,240.00,0.00,12.00,30.00,282.00,240.00,Cash,Delivered
2026-06-17,SWG105651,Chicken Tikka,Starters,1,260.00,26.00,11.70,30.00,275.70,234.00,Debit Card,Delivered
2026-06-18,SWG105652,Chicken Tikka,Starters,1,260.00,39.00,11.05,0.00,232.05,221.00,Debit Card,Delivered
2026-06-18,SWG105653,Veg Biryani,Biryani,1,180.00,27.00,7.65,30.00,190.65,153.00,Credit Card,Delivered
2026-06-18,SWG105654,Chicken Tikka,Starters,1,260.00,39.00,11.05,20.00,252.05,221.00,Cash,Delivered
2026-06-18,SWG105655,Paneer Butter Masala,Main Course,1,240.00,24.00,10.80,30.00,256.80,216.00,Cash,Delivered
2026-06-18,SWG105656,Gulab Jamun,Desserts,1,90.00,4.50,4.28,20.00,109.78,85.50,Debit Card,Delivered
2026-06-18,SWG105657,Hakka Noodles,Rice & Noodles,1,180.00,18.00,8.10,0.00,170.10,162.00,Credit Card,Delivered
2026-06-18,SWG105658,Chicken Tikka,Starters,2,520.00,78.00,22.10,0.00,464.10,442.00,UPI,Delivered
2026-06-18,SWG105659,Paneer Tikka,Starters,1,230.00,34.50,9.78,30.00,235.28,195.50,Cash,Delivered
2026-06-18,SWG105660,Butter Naan,Breads,1,60.00,9.00,2.55,30.00,83.55,51.00,Debit Card,Delivered
2026-06-18,SWG105661,Paneer Butter Masala,Main Course,1,240.00,36.00,10.20,20.00,234.20,204.00,UPI,Delivered
2026-06-18,SWG105662,Paneer Butter Masala,Main Course,2,480.00,0.00,24.00,20.00,524.00,480.00,Cash,Delivered
2026-06-18,SWG105663,Paneer Butter Masala,Main Course,1,240.00,0.00,12.00,30.00,282.00,240.00,Credit Card,Delivered
2026-06-18,SWG105664,Chicken Biryani,Biryani,1,220.00,33.00,9.35,20.00,216.35,187.00,Credit Card,Delivered
2026-06-19,SWG105665,Paneer Butter Masala,Main Course,2,480.00,48.00,21.60,0.00,453.60,432.00,Debit Card,Delivered
2026-06-19,SWG105666,Chicken Tikka,Starters,1,260.00,39.00,11.05,20.00,252.05,221.00,Debit Card,Delivered
2026-06-19,SWG105667,Paneer Tikka,Starters,1,230.00,11.50,10.93,0.00,229.43,218.50,Debit Card,Delivered
2026-06-19,SWG105668,Paneer Tikka,Starters,1,230.00,11.50,10.93,20.00,249.43,0.00,Debit Card,Cancelled
2026-06-19,SWG105669,Chicken Biryani,Biryani,1,220.00,22.00,9.90,20.00,227.90,198.00,Cash,Delivered
2026-06-19,SWG105670,Butter Naan,Breads,1,60.00,0.00,3.00,30.00,93.00,60.00,UPI,Delivered
2026-06-19,SWG105671,Fried Rice,Rice & Noodles,1,170.00,17.00,7.65,0.00,160.65,153.00,Credit Card,Delivered
2026-06-19,SWG105672,Chicken Biryani,Biryani,1,220.00,22.00,9.90,30.00,237.90,198.00,Debit Card,Delivered
2026-06-19,SWG105673,Chicken Biryani,Biryani,1,220.00,22.00,9.90,0.00,207.90,198.00,Credit Card,Delivered
2026-06-19,SWG105674,Veg Biryani,Biryani,2,360.00,0.00,18.00,40.00,418.00,360.00,Debit Card,Delivered
2026-06-19,SWG105675,Masala Dosa,South Indian,1,140.00,7.00,6.65,0.00,139.65,133.00,UPI,Delivered
2026-06-19,SWG105676,Fried Rice,Rice & Noodles,1,170.00,8.50,8.08,20.00,189.58,161.50,Credit Card,Delivered
2026-06-19,SWG105677,Butter Naan,Breads,2,120.00,18.00,5.10,40.00,147.10,102.00,Credit Card,Delivered
2026-06-19,SWG105678,Fried Rice,Rice & Noodles,1,170.00,17.00,7.65,30.00,190.65,153.00,UPI,Delivered
2026-06-19,SWG105679,Fried Rice,Rice & Noodles,1,170.00,17.00,7.65,40.00,200.65,153.00,Debit Card,Delivered
2026-06-19,SWG105680,Chicken Tikka,Starters,1,260.00,0.00,13.00,30.00,303.00,260.00,UPI,Delivered
2026-06-19,SWG105681,Butter Naan,Breads,2,120.00,18.00,5.10,40.00,147.10,102.00,Credit Card,Delivered
2026-06-19,SWG105682,Gulab Jamun,Desserts,1,90.00,4.50,4.28,30.00,119.78,85.50,UPI,Delivered
2026-06-19,SWG105683,Butter Naan,Breads,3,180.00,18.00,8.10,0.00,170.10,162.00,UPI,Delivered
2026-06-19,SWG105684,Veg Biryani,Biryani,2,360.00,18.00,17.10,20.00,379.10,342.00,Cash,Delivered
2026-06-19,SWG105685,Butter Naan,Breads,1,60.00,6.00,2.70,20.00,76.70,54.00,Cash,Delivered
2026-06-19,SWG105686,Fried Rice,Rice & Noodles,1,170.00,0.00,8.50,20.00,198.50,170.00,UPI,Delivered
2026-06-19,SWG105687,Veg Biryani,Biryani,1,180.00,0.00,9.00,0.00,189.00,180.00,Cash,Delivered
2026-06-19,SWG105688,Chicken Tikka,Starters,1,260.00,26.00,11.70,30.00,275.70,234.00,UPI,Delivered
2026-06-19,SWG105689,Masala Dosa,South Indian,2,280.00,0.00,14.00,0.00,294.00,280.00,Credit Card,Delivered
2026-06-19,SWG105690,Butter Naan,Breads,1,60.00,9.00,2.55,30.00,83.55,51.00,UPI,Delivered
2026-06-20,SWG105691,Masala Dosa,South Indian,1,140.00,14.00,6.30,20.00,152.30,126.00,Debit Card,Delivered
2026-06-20,SWG105692,Masala Dosa,South Indian,1,140.00,7.00,6.65,40.00,179.65,133.00,Debit Card,Delivered
2026-06-20,SWG105693,Butter Naan,Breads,1,60.00,0.00,3.00,0.00,63.00,60.00,Credit Card,Delivered
2026-06-20,SWG105694,Butter Naan,Breads,2,120.00,18.00,5.10,40.00,147.10,102.00,Credit Card,Delivered
2026-06-20,SWG105695,Chicken Tikka,Starters,1,260.00,0.00,13.00,40.00,313.00,260.00,Debit Card,Delivered
2026-06-20,SWG105696,Fried Rice,Rice & Noodles,1,170.00,8.50,8.08,20.00,189.58,161.50,Debit Card,Delivered
2026-06-20,SWG105697,Veg Biryani,Biryani,1,180.00,0.00,9.00,0.00,189.00,180.00,Cash,Delivered
2026-06-20,SWG105698,Veg Biryani,Biryani,1,180.00,9.00,8.55,30.00,209.55,171.00,Cash,Delivered
2026-06-20,SWG105699,Fried Rice,Rice & Noodles,2,340.00,34.00,15.30,30.00,351.30,306.00,Cash,Delivered
2026-06-20,SWG105700,Paneer Butter Masala,Main Course,1,240.00,24.00,10.80,40.00,266.80,216.00,Credit Card,Delivered
2026-06-20,SWG105701,Masala Dosa,South Indian,1,140.00,21.00,5.95,20.00,144.95,119.00,Debit Card,Delivered
2026-06-20,SWG105702,Paneer Tikka,Starters,1,230.00,34.50,9.78,30.00,235.28,195.50,UPI,Delivered
2026-06-20,SWG105703,Chicken Tikka,Starters,1,260.00,39.00,11.05,20.00,252.05,221.00,Cash,Delivered
2026-06-20,SWG105704,Chicken Tikka,Starters,1,260.00,26.00,11.70,0.00,245.70,234.00,Debit Card,Delivered
2026-06-20,SWG105705,Paneer Butter Masala,Main Course,2,480.00,72.00,20.40,40.00,468.40,408.00,Cash,Delivered
2026-06-20,SWG105706,Chicken Tikka,Starters,1,260.00,26.00,11.70,40.00,285.70,234.00,Cash,Delivered
2026-06-20,SWG105707,Chicken Biryani,Biryani,1,220.00,11.00,10.45,20.00,239.45,209.00,Debit Card,Delivered
2026-06-20,SWG105708,Butter Naan,Breads,1,60.00,9.00,2.55,30.00,83.55,51.00,Credit Card,Delivered
2026-06-20,SWG105709,Paneer Butter Masala,Main Course,1,240.00,12.00,11.40,20.00,259.40,0.00,Credit Card,Cancelled
2026-06-20,SWG105710,Chicken Tikka,Starters,1,260.00,26.00,11.70,30.00,275.70,234.00,Debit Card,Delivered
2026-06-20,SWG105711,Veg Biryani,Biryani,1,180.00,9.00,8.55,20.00,199.55,171.00,Cash,Delivered
2026-06-20,SWG105712,Chicken Biryani,Biryani,1,220.00,22.00,9.90,20.00,227.90,198.00,Debit Card,Delivered
2026-06-20,SWG105713,Veg Biryani,Biryani,1,180.00,27.00,7.65,0.00,160.65,153.00,Credit Card,Delivered
2026-06-20,SWG105714,Fried Rice,Rice & Noodles,1,170.00,8.50,8.08,0.00,169.58,161.50,Credit Card,Delivered
2026-06-20,SWG105715,Chicken Tikka,Starters,1,260.00,13.00,12.35,30.00,289.35,247.00,Credit Card,Delivered
2026-06-21,SWG105716,Gulab Jamun,Desserts,1,90.00,9.00,4.05,0.00,85.05,81.00,Debit Card,Delivered
2026-06-21,SWG105717,Gulab Jamun,Desserts,1,90.00,4.50,4.28,30.00,119.78,85.50,Cash,Delivered
2026-06-21,SWG105718,Gulab Jamun,Desserts,2,180.00,9.00,8.55,0.00,179.55,171.00,Cash,Delivered
2026-06-21,SWG105719,Hakka Noodles,Rice & Noodles,2,360.00,36.00,16.20,40.00,380.20,324.00,UPI,Delivered
2026-06-21,SWG105720,Chicken Biryani,Biryani,3,660.00,99.00,28.05,20.00,609.05,561.00,Cash,Delivered
2026-06-21,SWG105721,Paneer Tikka,Starters,3,690.00,103.50,29.33,30.00,645.83,586.50,Credit Card,Delivered
2026-06-21,SWG105722,Paneer Tikka,Starters,2,460.00,0.00,23.00,30.00,513.00,460.00,Cash,Delivered
2026-06-21,SWG105723,Hakka Noodles,Rice & Noodles,1,180.00,18.00,8.10,0.00,170.10,162.00,Debit Card,Delivered
2026-06-21,SWG105724,Gulab Jamun,Desserts,1,90.00,13.50,3.83,20.00,100.33,76.50,Credit Card,Delivered
2026-06-21,SWG105725,Paneer Tikka,Starters,1,230.00,11.50,10.93,20.00,249.43,218.50,Credit Card,Delivered
2026-06-21,SWG105726,Chicken Tikka,Starters,1,260.00,13.00,12.35,40.00,299.35,247.00,Debit Card,Delivered
2026-06-21,SWG105727,Paneer Tikka,Starters,2,460.00,23.00,21.85,40.00,498.85,437.00,Debit Card,Delivered
2026-06-21,SWG105728,Fried Rice,Rice & Noodles,1,170.00,8.50,8.08,30.00,199.58,161.50,Cash,Delivered
2026-06-21,SWG105729,Paneer Tikka,Starters,1,230.00,0.00,11.50,30.00,271.50,230.00,Debit Card,Delivered
2026-06-21,SWG105730,Gulab Jamun,Desserts,1,90.00,13.50,3.83,0.00,80.33,76.50,Cash,Delivered
2026-06-21,SWG105731,Hakka Noodles,Rice & Noodles,1,180.00,27.00,7.65,40.00,200.65,153.00,Credit Card,Delivered
2026-06-21,SWG105732,Masala Dosa,South Indian,3,420.00,42.00,18.90,0.00,396.90,378.00,Debit Card,Delivered
2026-06-21,SWG105733,Paneer Butter Masala,Main Course,1,240.00,36.00,10.20,30.00,244.20,204.00,UPI,Delivered
2026-06-21,SWG105734,Veg Biryani,Biryani,1,180.00,18.00,8.10,0.00,170.10,162.00,Credit Card,Delivered
2026-06-21,SWG105735,Veg Biryani,Biryani,2,360.00,18.00,17.10,0.00,359.10,342.00,Credit Card,Delivered
2026-06-21,SWG105736,Masala Dosa,South Indian,1,140.00,0.00,7.00,20.00,167.00,140.00,Credit Card,Delivered
2026-06-21,SWG105737,Fried Rice,Rice & Noodles,3,510.00,25.50,24.23,0.00,508.73,484.50,Credit Card,Delivered
2026-06-22,SWG105738,Paneer Butter Masala,Main Course,1,240.00,0.00,12.00,30.00,282.00,240.00,UPI,Delivered
2026-06-22,SWG105739,Butter Naan,Breads,1,60.00,0.00,3.00,30.00,93.00,60.00,UPI,Delivered
2026-06-22,SWG105740,Veg Biryani,Biryani,1,180.00,27.00,7.65,20.00,180.65,153.00,Debit Card,Delivered
2026-06-22,SWG105741,Chicken Biryani,Biryani,1,220.00,11.00,10.45,0.00,219.45,209.00,UPI,Delivered
2026-06-22,SWG105742,Butter Naan,Breads,1,60.00,9.00,2.55,40.00,93.55,51.00,UPI,Delivered
2026-06-22,SWG105743,Butter Naan,Breads,1,60.00,0.00,3.00,20.00,83.00,60.00,Cash,Delivered
2026-06-22,SWG105744,Fried Rice,Rice & Noodles,1,170.00,25.50,7.23,0.00,151.73,144.50,UPI,Delivered
2026-06-22,SWG105745,Paneer Butter Masala,Main Course,1,240.00,0.00,12.00,40.00,292.00,240.00,Debit Card,Delivered
2026-06-22,SWG105746,Veg Biryani,Biryani,2,360.00,18.00,17.10,30.00,389.10,342.00,Credit Card,Delivered
2026-06-22,SWG105747,Masala Dosa,South Indian,3,420.00,63.00,17.85,0.00,374.85,357.00,UPI,Delivered
2026-06-22,SWG105748,Chicken Tikka,Starters,1,260.00,39.00,11.05,30.00,262.05,221.00,UPI,Delivered
2026-06-22,SWG105749,Paneer Butter Masala,Main Course,1,240.00,0.00,12.00,40.00,292.00,240.00,Cash,Delivered
2026-06-22,SWG105750,Butter Naan,Breads,1,60.00,3.00,2.85,0.00,59.85,57.00,UPI,Delivered
2026-06-22,SWG105751,Chicken Biryani,Biryani,1,220.00,0.00,11.00,20.00,251.00,220.00,UPI,Delivered
2026-06-22,SWG105752,Butter Naan,Breads,2,120.00,6.00,5.70,0.00,119.70,114.00,UPI,Delivered
2026-06-22,SWG105753,Chicken Biryani,Biryani,1,220.00,11.00,10.45,20.00,239.45,209.00,UPI,Delivered
2026-06-22,SWG105754,Hakka Noodles,Rice & Noodles,1,180.00,18.00,8.10,20.00,190.10,162.00,Cash,Delivered
2026-06-22,SWG105755,Butter Naan,Breads,1,60.00,0.00,3.00,20.00,83.00,60.00,UPI,Delivered
2026-06-22,SWG105756,Paneer Butter Masala,Main Course,1,240.00,24.00,10.80,30.00,256.80,216.00,Credit Card,Delivered
2026-06-22,SWG105757,Butter Naan,Breads,2,120.00,18.00,5.10,0.00,107.10,102.00,UPI,Delivered
2026-06-22,SWG105758,Paneer Tikka,Starters,1,230.00,0.00,11.50,0.00,241.50,230.00,Cash,Delivered
2026-06-23,SWG105759,Hakka Noodles,Rice & Noodles,1,180.00,9.00,8.55,0.00,179.55,171.00,UPI,Delivered
2026-06-23,SWG105760,Chicken Tikka,Starters,1,260.00,39.00,11.05,30.00,262.05,221.00,Cash,Delivered
2026-06-23,SWG105761,Fried Rice,Rice & Noodles,1,170.00,0.00,8.50,20.00,198.50,170.00,Debit Card,Delivered
2026-06-23,SWG105762,Paneer Butter Masala,Main Course,1,240.00,24.00,10.80,20.00,246.80,216.00,UPI,Delivered
2026-06-23,SWG105763,Masala Dosa,South Indian,2,280.00,0.00,14.00,30.00,324.00,280.00,UPI,Delivered
2026-06-23,SWG105764,Gulab Jamun,Desserts,1,90.00,0.00,4.50,0.00,94.50,90.00,UPI,Delivered
2026-06-23,SWG105765,Fried Rice,Rice & Noodles,1,170.00,17.00,7.65,0.00,160.65,153.00,Debit Card,Delivered
2026-06-23,SWG105766,Butter Naan,Breads,1,60.00,9.00,2.55,40.00,93.55,51.00,Credit Card,Delivered
2026-06-23,SWG105767,Fried Rice,Rice & Noodles,1,170.00,25.50,7.23,40.00,191.73,144.50,UPI,Delivered
2026-06-23,SWG105768,Chicken Biryani,Biryani,1,220.00,11.00,10.45,0.00,219.45,209.00,Cash,Delivered
2026-06-23,SWG105769,Masala Dosa,South Indian,1,140.00,0.00,7.00,30.00,177.00,140.00,Credit Card,Delivered
2026-06-23,SWG105770,Chicken Tikka,Starters,1,260.00,0.00,13.00,0.00,273.00,260.00,Credit Card,Delivered
2026-06-23,SWG105771,Fried Rice,Rice & Noodles,1,170.00,25.50,7.23,20.00,171.73,144.50,Credit Card,Delivered
2026-06-23,SWG105772,Hakka Noodles,Rice & Noodles,1,180.00,0.00,9.00,0.00,189.00,180.00,Credit Card,Delivered
2026-06-23,SWG105773,Butter Naan,Breads,1,60.00,0.00,3.00,0.00,63.00,60.00,UPI,Delivered
2026-06-23,SWG105774,Veg Biryani,Biryani,1,180.00,27.00,7.65,20.00,180.65,153.00,UPI,Delivered
2026-06-23,SWG105775,Paneer Butter Masala,Main Course,2,480.00,0.00,24.00,30.00,534.00,480.00,Debit Card,Delivered
2026-06-23,SWG105776,Chicken Biryani,Biryani,1,220.00,0.00,11.00,0.00,231.00,220.00,Debit Card,Delivered
2026-06-23,SWG105777,Fried Rice,Rice & Noodles,2,340.00,0.00,17.00,40.00,397.00,340.00,Cash,Delivered
2026-06-23,SWG105778,Masala Dosa,South Indian,1,140.00,21.00,5.95,40.00,164.95,119.00,Cash,Delivered
2026-06-23,SWG105779,Veg Biryani,Biryani,1,180.00,0.00,9.00,20.00,209.00,180.00,Debit Card,Delivered
2026-06-23,SWG105780,Chicken Biryani,Biryani,1,220.00,0.00,11.00,30.00,261.00,220.00,UPI,Delivered
2026-06-23,SWG105781,Veg Biryani,Biryani,1,180.00,0.00,9.00,0.00,189.00,180.00,UPI,Delivered
2026-06-23,SWG105782,Masala Dosa,South Indian,2,280.00,28.00,12.60,40.00,304.60,252.00,Cash,Delivered
2026-06-24,SWG105783,Paneer Butter Masala,Main Course,1,240.00,24.00,10.80,20.00,246.80,216.00,Cash,Delivered
2026-06-24,SWG105784,Chicken Biryani,Biryani,1,220.00,0.00,11.00,20.00,251.00,220.00,Cash,Delivered
2026-06-24,SWG105785,Paneer Tikka,Starters,1,230.00,0.00,11.50,40.00,281.50,230.00,Cash,Delivered
2026-06-24,SWG105786,Chicken Biryani,Biryani,1,220.00,11.00,10.45,20.00,239.45,209.00,Debit Card,Delivered
2026-06-24,SWG105787,Chicken Tikka,Starters,3,780.00,78.00,35.10,40.00,777.10,702.00,Credit Card,Delivered
2026-06-24,SWG105788,Fried Rice,Rice & Noodles,1,170.00,8.50,8.08,30.00,199.58,161.50,Credit Card,Delivered
2026-06-24,SWG105789,Chicken Biryani,Biryani,1,220.00,22.00,9.90,20.00,227.90,198.00,Cash,Delivered
2026-06-24,SWG105790,Veg Biryani,Biryani,1,180.00,27.00,7.65,20.00,180.65,0.00,Credit Card,Cancelled
2026-06-24,SWG105791,Gulab Jamun,Desserts,1,90.00,4.50,4.28,20.00,109.78,85.50,Debit Card,Delivered
2026-06-24,SWG105792,Fried Rice,Rice & Noodles,2,340.00,0.00,17.00,20.00,377.00,340.00,Debit Card,Delivered
2026-06-24,SWG105793,Chicken Biryani,Biryani,2,440.00,22.00,20.90,40.00,478.90,418.00,Credit Card,Delivered
2026-06-24,SWG105794,Gulab Jamun,Desserts,2,180.00,18.00,8.10,40.00,210.10,162.00,Debit Card,Delivered
2026-06-24,SWG105795,Masala Dosa,South Indian,1,140.00,21.00,5.95,20.00,144.95,119.00,Credit Card,Delivered
2026-06-25,SWG105796,Chicken Tikka,Starters,1,260.00,39.00,11.05,30.00,262.05,221.00,Credit Card,Delivered
2026-06-25,SWG105797,Gulab Jamun,Desserts,1,90.00,13.50,3.83,40.00,120.33,76.50,Credit Card,Delivered
2026-06-25,SWG105798,Fried Rice,Rice & Noodles,1,170.00,8.50,8.08,20.00,189.58,161.50,UPI,Delivered
2026-06-25,SWG105799,Paneer Tikka,Starters,1,230.00,0.00,11.50,0.00,241.50,230.00,Credit Card,Delivered
2026-06-25,SWG105800,Veg Biryani,Biryani,1,180.00,0.00,9.00,0.00,189.00,180.00,Credit Card,Delivered
2026-06-25,SWG105801,Paneer Butter Masala,Main Course,1,240.00,12.00,11.40,30.00,269.40,228.00,Debit Card,Delivered
2026-06-25,SWG105802,Butter Naan,Breads,3,180.00,27.00,7.65,20.00,180.65,153.00,Cash,Delivered
2026-06-25,SWG105803,Butter Naan,Breads,2,120.00,6.00,5.70,30.00,149.70,114.00,Debit Card,Delivered
2026-06-25,SWG105804,Masala Dosa,South Indian,1,140.00,14.00,6.30,0.00,132.30,126.00,Debit Card,Delivered
2026-06-25,SWG105805,Veg Biryani,Biryani,1,180.00,18.00,8.10,20.00,190.10,162.00,UPI,Delivered
2026-06-25,SWG105806,Fried Rice,Rice & Noodles,1,170.00,17.00,7.65,30.00,190.65,0.00,Debit Card,Cancelled
2026-06-25,SWG105807,Fried Rice,Rice & Noodles,1,170.00,8.50,8.08,0.00,169.58,161.50,Debit Card,Delivered
2026-06-25,SWG105808,Butter Naan,Breads,2,120.00,12.00,5.40,40.00,153.40,108.00,UPI,Delivered
2026-06-25,SWG105809,Chicken Tikka,Starters,1,260.00,0.00,13.00,0.00,273.00,0.00,Cash,Cancelled
2026-06-25,SWG105810,Masala Dosa,South Indian,2,280.00,14.00,13.30,30.00,309.30,266.00,Debit Card,Delivered
2026-06-25,SWG105811,Butter Naan,Breads,1,60.00,9.00,2.55,20.00,73.55,51.00,Credit Card,Delivered
2026-06-25,SWG105812,Chicken Tikka,Starters,1,260.00,39.00,11.05,30.00,262.05,221.00,UPI,Delivered
2026-06-25,SWG105813,Chicken Tikka,Starters,1,260.00,0.00,13.00,0.00,273.00,260.00,UPI,Delivered
2026-06-26,SWG105814,Paneer Butter Masala,Main Course,2,480.00,24.00,22.80,30.00,508.80,456.00,Credit Card,Delivered
2026-06-26,SWG105815,Veg Biryani,Biryani,1,180.00,27.00,7.65,20.00,180.65,153.00,Credit Card,Delivered
2026-06-26,SWG105816,Paneer Butter Masala,Main Course,1,240.00,0.00,12.00,20.00,272.00,240.00,Debit Card,Delivered
2026-06-26,SWG105817,Veg Biryani,Biryani,1,180.00,27.00,7.65,20.00,180.65,153.00,UPI,Delivered
2026-06-26,SWG105818,Paneer Butter Masala,Main Course,2,480.00,72.00,20.40,0.00,428.40,408.00,Cash,Delivered
2026-06-26,SWG105819,Paneer Butter Masala,Main Course,1,240.00,36.00,10.20,40.00,254.20,204.00,Cash,Delivered
2026-06-26,SWG105820,Masala Dosa,South Indian,1,140.00,7.00,6.65,0.00,139.65,133.00,Cash,Delivered
2026-06-26,SWG105821,Gulab Jamun,Desserts,3,270.00,0.00,13.50,40.00,323.50,270.00,Cash,Delivered
2026-06-26,SWG105822,Paneer Butter Masala,Main Course,2,480.00,48.00,21.60,40.00,493.60,432.00,UPI,Delivered
2026-06-26,SWG105823,Paneer Butter Masala,Main Course,1,240.00,12.00,11.40,30.00,269.40,228.00,Credit Card,Delivered
2026-06-26,SWG105824,Paneer Butter Masala,Main Course,1,240.00,0.00,12.00,30.00,282.00,240.00,Credit Card,Delivered
2026-06-26,SWG105825,Fried Rice,Rice & Noodles,1,170.00,25.50,7.23,20.00,171.73,144.50,UPI,Delivered
2026-06-26,SWG105826,Butter Naan,Breads,1,60.00,9.00,2.55,0.00,53.55,51.00,Debit Card,Delivered
2026-06-26,SWG105827,Butter Naan,Breads,1,60.00,9.00,2.55,40.00,93.55,51.00,Cash,Delivered
2026-06-26,SWG105828,Hakka Noodles,Rice & Noodles,2,360.00,18.00,17.10,0.00,359.10,342.00,UPI,Delivered
2026-06-26,SWG105829,Masala Dosa,South Indian,1,140.00,14.00,6.30,20.00,152.30,126.00,UPI,Delivered
2026-06-26,SWG105830,Fried Rice,Rice & Noodles,1,170.00,25.50,7.23,20.00,171.73,144.50,Cash,Delivered
2026-06-26,SWG105831,Paneer Butter Masala,Main Course,1,240.00,24.00,10.80,30.00,256.80,216.00,Debit Card,Delivered
2026-06-26,SWG105832,Gulab Jamun,Desserts,1,90.00,9.00,4.05,40.00,125.05,0.00,Cash,Cancelled
2026-06-26,SWG105833,Paneer Tikka,Starters,1,230.00,34.50,9.78,20.00,225.28,195.50,UPI,Delivered
2026-06-26,SWG105834,Chicken Tikka,Starters,1,260.00,39.00,11.05,40.00,272.05,221.00,Credit Card,Delivered
2026-06-27,SWG105835,Paneer Tikka,Starters,1,230.00,0.00,11.50,40.00,281.50,230.00,UPI,Delivered
2026-06-27,SWG105836,Chicken Biryani,Biryani,1,220.00,11.00,10.45,30.00,249.45,209.00,UPI,Delivered
2026-06-27,SWG105837,Chicken Tikka,Starters,1,260.00,26.00,11.70,20.00,265.70,234.00,Credit Card,Delivered
2026-06-27,SWG105838,Chicken Tikka,Starters,3,780.00,117.00,33.15,0.00,696.15,663.00,Debit Card,Delivered
2026-06-27,SWG105839,Hakka Noodles,Rice & Noodles,1,180.00,27.00,7.65,40.00,200.65,153.00,Cash,Delivered
2026-06-27,SWG105840,Veg Biryani,Biryani,1,180.00,27.00,7.65,40.00,200.65,153.00,Cash,Delivered
2026-06-27,SWG105841,Chicken Tikka,Starters,2,520.00,26.00,24.70,0.00,518.70,494.00,Debit Card,Delivered
2026-06-27,SWG105842,Butter Naan,Breads,1,60.00,3.00,2.85,40.00,99.85,57.00,Debit Card,Delivered
2026-06-27,SWG105843,Paneer Butter Masala,Main Course,1,240.00,12.00,11.40,30.00,269.40,228.00,Debit Card,Delivered
2026-06-27,SWG105844,Chicken Biryani,Biryani,1,220.00,11.00,10.45,30.00,249.45,209.00,Credit Card,Delivered
2026-06-27,SWG105845,Chicken Tikka,Starters,1,260.00,26.00,11.70,20.00,265.70,234.00,Cash,Delivered
2026-06-27,SWG105846,Gulab Jamun,Desserts,1,90.00,13.50,3.83,40.00,120.33,76.50,Debit Card,Delivered
2026-06-27,SWG105847,Chicken Tikka,Starters,1,260.00,13.00,12.35,40.00,299.35,247.00,Debit Card,Delivered
2026-06-27,SWG105848,Hakka Noodles,Rice & Noodles,2,360.00,36.00,16.20,20.00,360.20,324.00,Credit Card,Delivered
2026-06-27,SWG105849,Butter Naan,Breads,2,120.00,12.00,5.40,40.00,153.40,108.00,UPI,Delivered
2026-06-27,SWG105850,Paneer Butter Masala,Main Course,1,240.00,24.00,10.80,20.00,246.80,216.00,Cash,Delivered
2026-06-27,SWG105851,Gulab Jamun,Desserts,2,180.00,9.00,8.55,30.00,209.55,171.00,Cash,Delivered
2026-06-27,SWG105852,Chicken Tikka,Starters,2,520.00,26.00,24.70,40.00,558.70,494.00,UPI,Delivered
2026-06-27,SWG105853,Butter Naan,Breads,1,60.00,3.00,2.85,30.00,89.85,57.00,Cash,Delivered
2026-06-27,SWG105854,Chicken Biryani,Biryani,1,220.00,22.00,9.90,0.00,207.90,198.00,UPI,Delivered
2026-06-27,SWG105855,Butter Naan,Breads,1,60.00,9.00,2.55,30.00,83.55,51.00,Debit Card,Delivered
2026-06-27,SWG105856,Veg Biryani,Biryani,2,360.00,36.00,16.20,0.00,340.20,324.00,Credit Card,Delivered
2026-06-27,SWG105857,Gulab Jamun,Desserts,2,180.00,27.00,7.65,20.00,180.65,153.00,Debit Card,Delivered
2026-06-27,SWG105858,Paneer Tikka,Starters,1,230.00,11.50,10.93,40.00,269.43,218.50,UPI,Delivered
2026-06-27,SWG105859,Masala Dosa,South Indian,1,140.00,14.00,6.30,20.00,152.30,126.00,Credit Card,Delivered
2026-06-27,SWG105860,Veg Biryani,Biryani,1,180.00,27.00,7.65,0.00,160.65,153.00,Cash,Delivered
2026-06-27,SWG105861,Hakka Noodles,Rice & Noodles,1,180.00,27.00,7.65,20.00,180.65,153.00,Cash,Delivered
2026-06-27,SWG105862,Chicken Tikka,Starters,3,780.00,39.00,37.05,20.00,798.05,741.00,UPI,Delivered
2026-06-27,SWG105863,Masala Dosa,South Indian,1,140.00,0.00,7.00,40.00,187.00,140.00,Cash,Delivered
2026-06-27,SWG105864,Chicken Biryani,Biryani,3,660.00,33.00,31.35,20.00,678.35,627.00,Debit Card,Delivered
2026-06-27,SWG105865,Masala Dosa,South Indian,1,140.00,14.00,6.30,20.00,152.30,126.00,Cash,Delivered
2026-06-27,SWG105866,Chicken Biryani,Biryani,1,220.00,0.00,11.00,20.00,251.00,220.00,Cash,Delivered
2026-06-27,SWG105867,Hakka Noodles,Rice & Noodles,1,180.00,9.00,8.55,0.00,179.55,171.00,Credit Card,Delivered
2026-06-28,SWG105868,Paneer Tikka,Starters,1,230.00,34.50,9.78,40.00,245.28,195.50,Cash,Delivered
2026-06-28,SWG105869,Chicken Tikka,Starters,2,520.00,78.00,22.10,40.00,504.10,442.00,Debit Card,Delivered
2026-06-28,SWG105870,Masala Dosa,South Indian,1,140.00,0.00,7.00,20.00,167.00,140.00,UPI,Delivered
2026-06-28,SWG105871,Gulab Jamun,Desserts,1,90.00,9.00,4.05,20.00,105.05,81.00,UPI,Delivered
2026-06-28,SWG105872,Paneer Butter Masala,Main Course,2,480.00,24.00,22.80,40.00,518.80,456.00,Debit Card,Delivered
2026-06-28,SWG105873,Chicken Tikka,Starters,1,260.00,0.00,13.00,20.00,293.00,260.00,Credit Card,Delivered
2026-06-28,SWG105874,Veg Biryani,Biryani,1,180.00,0.00,9.00,20.00,209.00,180.00,UPI,Delivered
2026-06-28,SWG105875,Masala Dosa,South Indian,3,420.00,42.00,18.90,30.00,426.90,378.00,UPI,Delivered
2026-06-28,SWG105876,Fried Rice,Rice & Noodles,1,170.00,25.50,7.23,30.00,181.73,144.50,Credit Card,Delivered
2026-06-28,SWG105877,Paneer Tikka,Starters,1,230.00,34.50,9.78,30.00,235.28,195.50,Debit Card,Delivered
2026-06-28,SWG105878,Paneer Butter Masala,Main Course,1,240.00,24.00,10.80,30.00,256.80,216.00,Cash,Delivered
2026-06-28,SWG105879,Paneer Tikka,Starters,1,230.00,34.50,9.78,30.00,235.28,195.50,Credit Card,Delivered
2026-06-28,SWG105880,Masala Dosa,South Indian,1,140.00,21.00,5.95,40.00,164.95,119.00,Credit Card,Delivered
2026-06-28,SWG105881,Gulab Jamun,Desserts,1,90.00,13.50,3.83,30.00,110.33,76.50,Credit Card,Delivered
2026-06-28,SWG105882,Chicken Tikka,Starters,1,260.00,0.00,13.00,20.00,293.00,260.00,Debit Card,Delivered
2026-06-28,SWG105883,Hakka Noodles,Rice & Noodles,1,180.00,27.00,7.65,40.00,200.65,153.00,Credit Card,Delivered
2026-06-28,SWG105884,Chicken Tikka,Starters,1,260.00,26.00,11.70,0.00,245.70,234.00,Debit Card,Delivered
2026-06-28,SWG105885,Gulab Jamun,Desserts,1,90.00,0.00,4.50,40.00,134.50,90.00,Debit Card,Delivered
2026-06-28,SWG105886,Gulab Jamun,Desserts,1,90.00,9.00,4.05,30.00,115.05,81.00,Cash,Delivered
2026-06-28,SWG105887,Masala Dosa,South Indian,3,420.00,63.00,17.85,30.00,404.85,357.00,Credit Card,Delivered
2026-06-28,SWG105888,Veg Biryani,Biryani,2,360.00,0.00,18.00,0.00,378.00,360.00,Debit Card,Delivered
2026-06-28,SWG105889,Butter Naan,Breads,1,60.00,3.00,2.85,40.00,99.85,57.00,Debit Card,Delivered
2026-06-28,SWG105890,Chicken Tikka,Starters,1,260.00,0.00,13.00,0.00,273.00,260.00,Cash,Delivered
2026-06-28,SWG105891,Fried Rice,Rice & Noodles,1,170.00,17.00,7.65,0.00,160.65,153.00,Debit Card,Delivered
2026-06-28,SWG105892,Paneer Tikka,Starters,1,230.00,0.00,11.50,20.00,261.50,230.00,Credit Card,Delivered
2026-06-28,SWG105893,Chicken Tikka,Starters,2,520.00,26.00,24.70,0.00,518.70,494.00,Debit Card,Delivered
2026-06-29,SWG105894,Paneer Butter Masala,Main Course,1,240.00,0.00,12.00,40.00,292.00,240.00,Cash,Delivered
2026-06-29,SWG105895,Chicken Biryani,Biryani,1,220.00,0.00,11.00,40.00,271.00,220.00,Debit Card,Delivered
2026-06-29,SWG105896,Chicken Biryani,Biryani,1,220.00,11.00,10.45,0.00,219.45,209.00,Debit Card,Delivered
2026-06-29,SWG105897,Chicken Tikka,Starters,1,260.00,13.00,12.35,40.00,299.35,247.00,Credit Card,Delivered
2026-06-29,SWG105898,Hakka Noodles,Rice & Noodles,1,180.00,9.00,8.55,20.00,199.55,171.00,Cash,Delivered
2026-06-29,SWG105899,Fried Rice,Rice & Noodles,1,170.00,17.00,7.65,0.00,160.65,153.00,UPI,Delivered
2026-06-29,SWG105900,Paneer Tikka,Starters,2,460.00,69.00,19.55,0.00,410.55,391.00,Cash,Delivered
2026-06-29,SWG105901,Paneer Butter Masala,Main Course,1,240.00,24.00,10.80,40.00,266.80,216.00,UPI,Delivered
2026-06-29,SWG105902,Paneer Tikka,Starters,1,230.00,23.00,10.35,0.00,217.35,207.00,Cash,Delivered
2026-06-29,SWG105903,Veg Biryani,Biryani,1,180.00,27.00,7.65,0.00,160.65,153.00,Debit Card,Delivered
2026-06-29,SWG105904,Chicken Tikka,Starters,1,260.00,39.00,11.05,0.00,232.05,221.00,UPI,Delivered
2026-06-29,SWG105905,Veg Biryani,Biryani,1,180.00,18.00,8.10,40.00,210.10,0.00,Credit Card,Cancelled
2026-06-29,SWG105906,Butter Naan,Breads,1,60.00,6.00,2.70,0.00,56.70,54.00,Debit Card,Delivered
2026-06-29,SWG105907,Paneer Tikka,Starters,1,230.00,0.00,11.50,20.00,261.50,230.00,Credit Card,Delivered
2026-06-29,SWG105908,Paneer Tikka,Starters,2,460.00,69.00,19.55,30.00,440.55,391.00,Cash,Delivered
2026-06-29,SWG105909,Gulab Jamun,Desserts,1,90.00,9.00,4.05,40.00,125.05,81.00,Cash,Delivered
2026-06-30,SWG105910,Paneer Tikka,Starters,2,460.00,0.00,23.00,30.00,513.00,460.00,UPI,Delivered
2026-06-30,SWG105911,Masala Dosa,South Indian,1,140.00,21.00,5.95,20.00,144.95,119.00,Debit Card,Delivered
2026-06-30,SWG105912,Gulab Jamun,Desserts,1,90.00,13.50,3.83,30.00,110.33,76.50,UPI,Delivered
2026-06-30,SWG105913,Paneer Butter Masala,Main Course,1,240.00,24.00,10.80,40.00,266.80,216.00,UPI,Delivered
2026-06-30,SWG105914,Paneer Butter Masala,Main Course,1,240.00,12.00,11.40,0.00,239.40,228.00,UPI,Delivered
2026-06-30,SWG105915,Gulab Jamun,Desserts,2,180.00,27.00,7.65,20.00,180.65,153.00,UPI,Delivered
2026-06-30,SWG105916,Hakka Noodles,Rice & Noodles,1,180.00,18.00,8.10,20.00,190.10,162.00,UPI,Delivered
2026-06-30,SWG105917,Paneer Tikka,Starters,2,460.00,23.00,21.85,20.00,478.85,437.00,Credit Card,Delivered
2026-06-30,SWG105918,Chicken Tikka,Starters,1,260.00,13.00,12.35,30.00,289.35,247.00,Debit Card,Delivered
2026-06-30,SWG105919,Paneer Tikka,Starters,1,230.00,23.00,10.35,20.00,237.35,207.00,Debit Card,Delivered
2026-06-30,SWG105920,Paneer Butter Masala,Main Course,1,240.00,24.00,10.80,0.00,226.80,216.00,UPI,Delivered
2026-06-30,SWG105921,Veg Biryani,Biryani,2,360.00,18.00,17.10,40.00,399.10,342.00,Credit Card,Delivered
2026-06-30,SWG105922,Butter Naan,Breads,1,60.00,3.00,2.85,40.00,99.85,57.00,Cash,Delivered
2026-06-30,SWG105923,Veg Biryani,Biryani,1,180.00,18.00,8.10,20.00,190.10,162.00,Credit Card,Delivered
2026-06-30,SWG105924,Chicken Tikka,Starters,2,520.00,0.00,26.00,0.00,546.00,520.00,Credit Card,Delivered
2026-06-30,SWG105925,Chicken Biryani,Biryani,3,660.00,0.00,33.00,40.00,733.00,660.00,Debit Card,Delivered
2026-06-30,SWG105926,Hakka Noodles,Rice & Noodles,1,180.00,27.00,7.65,20.00,180.65,153.00,Debit Card,Delivered
2026-07-01,SWG105927,Veg Biryani,Biryani,2,360.00,0.00,18.00,0.00,378.00,360.00,Credit Card,Delivered
2026-07-01,SWG105928,Hakka Noodles,Rice & Noodles,2,360.00,54.00,15.30,40.00,361.30,306.00,UPI,Delivered
2026-07-01,SWG105929,Veg Biryani,Biryani,1,180.00,27.00,7.65,40.00,200.65,153.00,Cash,Delivered
2026-07-01,SWG105930,Gulab Jamun,Desserts,1,90.00,4.50,4.28,0.00,89.78,85.50,Credit Card,Delivered
2026-07-01,SWG105931,Paneer Tikka,Starters,3,690.00,69.00,31.05,30.00,682.05,621.00,Credit Card,Delivered
2026-07-01,SWG105932,Veg Biryani,Biryani,3,540.00,81.00,22.95,0.00,481.95,459.00,Debit Card,Delivered
2026-07-01,SWG105933,Chicken Biryani,Biryani,2,440.00,66.00,18.70,30.00,422.70,374.00,Credit Card,Delivered
2026-07-01,SWG105934,Paneer Butter Masala,Main Course,1,240.00,12.00,11.40,30.00,269.40,228.00,Credit Card,Delivered
2026-07-01,SWG105935,Fried Rice,Rice & Noodles,3,510.00,51.00,22.95,40.00,521.95,459.00,UPI,Delivered
2026-07-01,SWG105936,Gulab Jamun,Desserts,1,90.00,0.00,4.50,20.00,114.50,90.00,Cash,Delivered
2026-07-01,SWG105937,Hakka Noodles,Rice & Noodles,1,180.00,0.00,9.00,40.00,229.00,180.00,Credit Card,Delivered
2026-07-01,SWG105938,Paneer Tikka,Starters,1,230.00,23.00,10.35,30.00,247.35,207.00,UPI,Delivered
2026-07-01,SWG105939,Hakka Noodles,Rice & Noodles,1,180.00,9.00,8.55,20.00,199.55,171.00,UPI,Delivered
2026-07-01,SWG105940,Chicken Tikka,Starters,1,260.00,39.00,11.05,40.00,272.05,221.00,Debit Card,Delivered
2026-07-01,SWG105941,Gulab Jamun,Desserts,1,90.00,13.50,3.83,0.00,80.33,76.50,Debit Card,Delivered
2026-07-01,SWG105942,Fried Rice,Rice & Noodles,1,170.00,17.00,7.65,20.00,180.65,153.00,Credit Card,Delivered
2026-07-02,SWG105943,Paneer Tikka,Starters,1,230.00,23.00,10.35,30.00,247.35,207.00,UPI,Delivered
2026-07-02,SWG105944,Butter Naan,Breads,1,60.00,6.00,2.70,30.00,86.70,54.00,Debit Card,Delivered
2026-07-02,SWG105945,Chicken Tikka,Starters,1,260.00,39.00,11.05,40.00,272.05,221.00,Credit Card,Delivered
2026-07-02,SWG105946,Hakka Noodles,Rice & Noodles,1,180.00,27.00,7.65,30.00,190.65,153.00,UPI,Delivered
2026-07-02,SWG105947,Chicken Biryani,Biryani,1,220.00,0.00,11.00,30.00,261.00,220.00,Cash,Delivered
2026-07-02,SWG105948,Fried Rice,Rice & Noodles,1,170.00,8.50,8.08,20.00,189.58,161.50,Debit Card,Delivered
2026-07-02,SWG105949,Gulab Jamun,Desserts,2,180.00,27.00,7.65,0.00,160.65,153.00,Debit Card,Delivered
2026-07-02,SWG105950,Paneer Butter Masala,Main Course,1,240.00,36.00,10.20,0.00,214.20,204.00,UPI,Delivered
2026-07-02,SWG105951,Hakka Noodles,Rice & Noodles,2,360.00,18.00,17.10,40.00,399.10,342.00,Cash,Delivered
2026-07-02,SWG105952,Hakka Noodles,Rice & Noodles,1,180.00,27.00,7.65,20.00,180.65,153.00,Credit Card,Delivered
2026-07-02,SWG105953,Chicken Biryani,Biryani,2,440.00,22.00,20.90,20.00,458.90,418.00,UPI,Delivered
2026-07-02,SWG105954,Paneer Butter Masala,Main Course,1,240.00,36.00,10.20,40.00,254.20,204.00,Cash,Delivered
2026-07-02,SWG105955,Veg Biryani,Biryani,1,180.00,0.00,9.00,20.00,209.00,180.00,Credit Card,Delivered
2026-07-02,SWG105956,Masala Dosa,South Indian,2,280.00,14.00,13.30,40.00,319.30,266.00,Cash,Delivered
2026-07-02,SWG105957,Chicken Biryani,Biryani,1,220.00,0.00,11.00,0.00,231.00,220.00,Debit Card,Delivered
2026-07-02,SWG105958,Fried Rice,Rice & Noodles,2,340.00,17.00,16.15,40.00,379.15,323.00,UPI,Delivered
2026-07-02,SWG105959,Chicken Tikka,Starters,1,260.00,39.00,11.05,20.00,252.05,221.00,UPI,Delivered
2026-07-02,SWG105960,Paneer Tikka,Starters,1,230.00,0.00,11.50,30.00,271.50,230.00,Cash,Delivered
2026-07-02,SWG105961,Hakka Noodles,Rice & Noodles,1,180.00,27.00,7.65,20.00,180.65,153.00,UPI,Delivered
2026-07-02,SWG105962,Chicken Tikka,Starters,1,260.00,39.00,11.05,0.00,232.05,221.00,Credit Card,Delivered
2026-07-02,SWG105963,Chicken Tikka,Starters,1,260.00,0.00,13.00,20.00,293.00,260.00,Credit Card,Delivered
2026-07-02,SWG105964,Paneer Tikka,Starters,2,460.00,69.00,19.55,20.00,430.55,391.00,Cash,Delivered
2026-07-02,SWG105965,Hakka Noodles,Rice & Noodles,2,360.00,0.00,18.00,30.00,408.00,360.00,Debit Card,Delivered
2026-07-02,SWG105966,Chicken Biryani,Biryani,2,440.00,44.00,19.80,40.00,455.80,396.00,Debit Card,Delivered
2026-07-03,SWG105967,Gulab Jamun,Desserts,2,180.00,0.00,9.00,0.00,189.00,180.00,UPI,Delivered
2026-07-03,SWG105968,Chicken Biryani,Biryani,1,220.00,22.00,9.90,30.00,237.90,198.00,Credit Card,Delivered
2026-07-03,SWG105969,Masala Dosa,South Indian,1,140.00,14.00,6.30,20.00,152.30,126.00,Credit Card,Delivered
2026-07-03,SWG105970,Gulab Jamun,Desserts,1,90.00,0.00,4.50,30.00,124.50,90.00,UPI,Delivered
2026-07-03,SWG105971,Gulab Jamun,Desserts,1,90.00,13.50,3.83,40.00,120.33,76.50,Credit Card,Delivered
2026-07-03,SWG105972,Butter Naan,Breads,1,60.00,0.00,3.00,30.00,93.00,60.00,Debit Card,Delivered
2026-07-03,SWG105973,Butter Naan,Breads,1,60.00,0.00,3.00,0.00,63.00,60.00,UPI,Delivered
2026-07-03,SWG105974,Veg Biryani,Biryani,2,360.00,36.00,16.20,0.00,340.20,324.00,Credit Card,Delivered
2026-07-03,SWG105975,Gulab Jamun,Desserts,1,90.00,4.50,4.28,30.00,119.78,85.50,UPI,Delivered
2026-07-03,SWG105976,Veg Biryani,Biryani,2,360.00,18.00,17.10,20.00,379.10,342.00,Cash,Delivered
2026-07-03,SWG105977,Paneer Tikka,Starters,3,690.00,103.50,29.33,40.00,655.83,586.50,Cash,Delivered
2026-07-03,SWG105978,Butter Naan,Breads,2,120.00,12.00,5.40,0.00,113.40,108.00,Debit Card,Delivered
2026-07-03,SWG105979,Chicken Biryani,Biryani,1,220.00,33.00,9.35,20.00,216.35,187.00,Debit Card,Delivered
2026-07-03,SWG105980,Masala Dosa,South Indian,1,140.00,7.00,6.65,0.00,139.65,133.00,Credit Card,Delivered
2026-07-03,SWG105981,Paneer Tikka,Starters,1,230.00,11.50,10.93,40.00,269.43,218.50,Credit Card,Delivered
2026-07-03,SWG105982,Paneer Tikka,Starters,2,460.00,23.00,21.85,20.00,478.85,437.00,Cash,Delivered
2026-07-03,SWG105983,Paneer Butter Masala,Main Course,1,240.00,24.00,10.80,0.00,226.80,216.00,UPI,Delivered
2026-07-03,SWG105984,Veg Biryani,Biryani,1,180.00,0.00,9.00,0.00,189.00,180.00,Cash,Delivered
2026-07-03,SWG105985,Chicken Biryani,Biryani,1,220.00,33.00,9.35,40.00,236.35,187.00,Cash,Delivered
2026-07-03,SWG105986,Paneer Butter Masala,Main Course,1,240.00,12.00,11.40,0.00,239.40,228.00,UPI,Delivered
2026-07-04,SWG105987,Fried Rice,Rice & Noodles,1,170.00,25.50,7.23,30.00,181.73,144.50,Credit Card,Delivered
2026-07-04,SWG105988,Veg Biryani,Biryani,1,180.00,0.00,9.00,20.00,209.00,180.00,Cash,Delivered
2026-07-04,SWG105989,Fried Rice,Rice & Noodles,1,170.00,25.50,7.23,0.00,151.73,144.50,Credit Card,Delivered
2026-07-04,SWG105990,Masala Dosa,South Indian,2,280.00,42.00,11.90,20.00,269.90,238.00,Debit Card,Delivered
2026-07-04,SWG105991,Fried Rice,Rice & Noodles,1,170.00,25.50,7.23,30.00,181.73,144.50,Cash,Delivered
2026-07-04,SWG105992,Fried Rice,Rice & Noodles,2,340.00,34.00,15.30,0.00,321.30,306.00,Debit Card,Delivered
2026-07-04,SWG105993,Chicken Tikka,Starters,1,260.00,26.00,11.70,20.00,265.70,234.00,Debit Card,Delivered
2026-07-04,SWG105994,Masala Dosa,South Indian,1,140.00,7.00,6.65,30.00,169.65,133.00,Cash,Delivered
2026-07-04,SWG105995,Gulab Jamun,Desserts,1,90.00,0.00,4.50,0.00,94.50,90.00,Debit Card,Delivered
2026-07-04,SWG105996,Paneer Butter Masala,Main Course,2,480.00,0.00,24.00,0.00,504.00,480.00,Cash,Delivered
2026-07-04,SWG105997,Fried Rice,Rice & Noodles,2,340.00,17.00,16.15,30.00,369.15,323.00,Cash,Delivered
2026-07-04,SWG105998,Paneer Tikka,Starters,1,230.00,34.50,9.78,40.00,245.28,0.00,Debit Card,Cancelled
2026-07-04,SWG105999,Chicken Biryani,Biryani,1,220.00,0.00,11.00,20.00,251.00,220.00,Credit Card,Delivered
2026-07-04,SWG106000,Paneer Butter Masala,Main Course,2,480.00,24.00,22.80,30.00,508.80,456.00,UPI,Delivered
2026-07-04,SWG106001,Butter Naan,Breads,2,120.00,12.00,5.40,40.00,153.40,108.00,Debit Card,Delivered
2026-07-04,SWG106002,Chicken Tikka,Starters,1,260.00,13.00,12.35,20.00,279.35,247.00,Credit Card,Delivered
2026-07-04,SWG106003,Veg Biryani,Biryani,1,180.00,18.00,8.10,20.00,190.10,162.00,Debit Card,Delivered
2026-07-04,SWG106004,Fried Rice,Rice & Noodles,1,170.00,0.00,8.50,30.00,208.50,170.00,Debit Card,Delivered
2026-07-04,SWG106005,Fried Rice,Rice & Noodles,2,340.00,17.00,16.15,40.00,379.15,323.00,UPI,Delivered
2026-07-04,SWG106006,Veg Biryani,Biryani,2,360.00,36.00,16.20,20.00,360.20,324.00,Cash,Delivered
2026-07-04,SWG106007,Paneer Butter Masala,Main Course,1,240.00,36.00,10.20,20.00,234.20,204.00,Cash,Delivered
2026-07-04,SWG106008,Gulab Jamun,Desserts,2,180.00,18.00,8.10,40.00,210.10,162.00,Credit Card,Delivered
2026-07-04,SWG106009,Veg Biryani,Biryani,1,180.00,0.00,9.00,20.00,209.00,180.00,Debit Card,Delivered
2026-07-04,SWG106010,Masala Dosa,South Indian,1,140.00,21.00,5.95,20.00,144.95,119.00,UPI,Delivered
2026-07-04,SWG106011,Gulab Jamun,Desserts,3,270.00,13.50,12.83,0.00,269.33,256.50,Credit Card,Delivered
2026-07-04,SWG106012,Butter Naan,Breads,1,60.00,6.00,2.70,0.00,56.70,54.00,Credit Card,Delivered
2026-07-05,SWG106013,Veg Biryani,Biryani,1,180.00,0.00,9.00,40.00,229.00,180.00,Credit Card,Delivered
2026-07-05,SWG106014,Gulab Jamun,Desserts,1,90.00,0.00,4.50,30.00,124.50,90.00,Debit Card,Delivered
2026-07-05,SWG106015,Masala Dosa,South Indian,1,140.00,7.00,6.65,30.00,169.65,133.00,Credit Card,Delivered
2026-07-05,SWG106016,Paneer Butter Masala,Main Course,1,240.00,0.00,12.00,0.00,252.00,240.00,Debit Card,Delivered
2026-07-05,SWG106017,Paneer Tikka,Starters,1,230.00,11.50,10.93,20.00,249.43,218.50,Cash,Delivered
2026-07-05,SWG106018,Fried Rice,Rice & Noodles,1,170.00,17.00,7.65,0.00,160.65,153.00,Cash,Delivered
2026-07-05,SWG106019,Gulab Jamun,Desserts,2,180.00,27.00,7.65,30.00,190.65,153.00,Cash,Delivered
2026-07-05,SWG106020,Hakka Noodles,Rice & Noodles,1,180.00,27.00,7.65,20.00,180.65,153.00,Credit Card,Delivered
2026-07-05,SWG106021,Chicken Tikka,Starters,1,260.00,39.00,11.05,20.00,252.05,221.00,Cash,Delivered
2026-07-05,SWG106022,Hakka Noodles,Rice & Noodles,1,180.00,18.00,8.10,20.00,190.10,162.00,Cash,Delivered
2026-07-05,SWG106023,Chicken Biryani,Biryani,1,220.00,11.00,10.45,20.00,239.45,209.00,Credit Card,Delivered
2026-07-05,SWG106024,Chicken Tikka,Starters,1,260.00,13.00,12.35,30.00,289.35,247.00,Credit Card,Delivered
2026-07-05,SWG106025,Paneer Tikka,Starters,1,230.00,34.50,9.78,20.00,225.28,195.50,Debit Card,Delivered
2026-07-05,SWG106026,Paneer Tikka,Starters,1,230.00,34.50,9.78,20.00,225.28,195.50,Credit Card,Delivered
2026-07-05,SWG106027,Hakka Noodles,Rice & Noodles,2,360.00,18.00,17.10,20.00,379.10,342.00,Cash,Delivered
2026-07-05,SWG106028,Masala Dosa,South Indian,1,140.00,14.00,6.30,40.00,172.30,126.00,UPI,Delivered
2026-07-05,SWG106029,Paneer Butter Masala,Main Course,1,240.00,12.00,11.40,30.00,269.40,228.00,Credit Card,Delivered
2026-07-05,SWG106030,Chicken Biryani,Biryani,1,220.00,0.00,11.00,0.00,231.00,220.00,UPI,Delivered
2026-07-05,SWG106031,Paneer Tikka,Starters,1,230.00,34.50,9.78,40.00,245.28,195.50,Credit Card,Delivered
2026-07-05,SWG106032,Hakka Noodles,Rice & Noodles,1,180.00,18.00,8.10,30.00,200.10,162.00,UPI,Delivered
2026-07-06,SWG106033,Gulab Jamun,Desserts,2,180.00,27.00,7.65,20.00,180.65,153.00,Debit Card,Delivered
2026-07-06,SWG106034,Paneer Butter Masala,Main Course,2,480.00,0.00,24.00,0.00,504.00,480.00,Cash,Delivered
2026-07-06,SWG106035,Paneer Butter Masala,Main Course,1,240.00,36.00,10.20,0.00,214.20,204.00,UPI,Delivered
2026-07-06,SWG106036,Butter Naan,Breads,2,120.00,0.00,6.00,30.00,156.00,120.00,UPI,Delivered
2026-07-06,SWG106037,Paneer Butter Masala,Main Course,1,240.00,24.00,10.80,20.00,246.80,216.00,UPI,Delivered
2026-07-06,SWG106038,Paneer Tikka,Starters,2,460.00,23.00,21.85,30.00,488.85,437.00,UPI,Delivered
2026-07-06,SWG106039,Paneer Tikka,Starters,1,230.00,34.50,9.78,30.00,235.28,195.50,Cash,Delivered
2026-07-06,SWG106040,Veg Biryani,Biryani,2,360.00,18.00,17.10,0.00,359.10,342.00,UPI,Delivered
2026-07-06,SWG106041,Butter Naan,Breads,2,120.00,12.00,5.40,20.00,133.40,108.00,Credit Card,Delivered
2026-07-06,SWG106042,Chicken Tikka,Starters,1,260.00,26.00,11.70,0.00,245.70,234.00,UPI,Delivered
2026-07-06,SWG106043,Chicken Biryani,Biryani,1,220.00,11.00,10.45,30.00,249.45,209.00,Credit Card,Delivered
2026-07-06,SWG106044,Chicken Biryani,Biryani,3,660.00,0.00,33.00,40.00,733.00,660.00,UPI,Delivered
2026-07-06,SWG106045,Masala Dosa,South Indian,1,140.00,7.00,6.65,20.00,159.65,133.00,UPI,Delivered
2026-07-06,SWG106046,Fried Rice,Rice & Noodles,2,340.00,34.00,15.30,40.00,361.30,306.00,Debit Card,Delivered
2026-07-07,SWG106047,Chicken Tikka,Starters,1,260.00,0.00,13.00,20.00,293.00,260.00,Credit Card,Delivered
2026-07-07,SWG106048,Masala Dosa,South Indian,2,280.00,14.00,13.30,20.00,299.30,266.00,Credit Card,Delivered
2026-07-07,SWG106049,Hakka Noodles,Rice & Noodles,3,540.00,0.00,27.00,30.00,597.00,540.00,Credit Card,Delivered
2026-07-07,SWG106050,Chicken Biryani,Biryani,1,220.00,22.00,9.90,20.00,227.90,198.00,Cash,Delivered
2026-07-07,SWG106051,Paneer Tikka,Starters,1,230.00,0.00,11.50,20.00,261.50,230.00,Cash,Delivered
2026-07-07,SWG106052,Butter Naan,Breads,1,60.00,0.00,3.00,30.00,93.00,60.00,Cash,Delivered
2026-07-07,SWG106053,Veg Biryani,Biryani,3,540.00,27.00,25.65,30.00,568.65,513.00,UPI,Delivered
2026-07-07,SWG106054,Veg Biryani,Biryani,2,360.00,36.00,16.20,20.00,360.20,324.00,Credit Card,Delivered
2026-07-07,SWG106055,Chicken Tikka,Starters,1,260.00,13.00,12.35,40.00,299.35,247.00,Cash,Delivered
2026-07-07,SWG106056,Butter Naan,Breads,2,120.00,6.00,5.70,20.00,139.70,114.00,Debit Card,Delivered
2026-07-07,SWG106057,Masala Dosa,South Indian,1,140.00,7.00,6.65,40.00,179.65,133.00,Debit Card,Delivered
2026-07-07,SWG106058,Masala Dosa,South Indian,1,140.00,14.00,6.30,20.00,152.30,126.00,Debit Card,Delivered
2026-07-07,SWG106059,Hakka Noodles,Rice & Noodles,1,180.00,9.00,8.55,0.00,179.55,171.00,Debit Card,Delivered
2026-07-07,SWG106060,Paneer Butter Masala,Main Course,1,240.00,36.00,10.20,20.00,234.20,204.00,UPI,Delivered
2026-07-07,SWG106061,Hakka Noodles,Rice & Noodles,1,180.00,0.00,9.00,30.00,219.00,0.00,Debit Card,Cancelled
2026-07-07,SWG106062,Hakka Noodles,Rice & Noodles,2,360.00,0.00,18.00,30.00,408.00,360.00,Debit Card,Delivered
2026-07-07,SWG106063,Paneer Butter Masala,Main Course,1,240.00,12.00,11.40,40.00,279.40,228.00,UPI,Delivered
2026-07-08,SWG106064,Masala Dosa,South Indian,1,140.00,21.00,5.95,20.00,144.95,119.00,UPI,Delivered
2026-07-08,SWG106065,Fried Rice,Rice & Noodles,1,170.00,17.00,7.65,0.00,160.65,153.00,Debit Card,Delivered
2026-07-08,SWG106066,Chicken Tikka,Starters,1,260.00,26.00,11.70,40.00,285.70,234.00,Cash,Delivered
2026-07-08,SWG106067,Veg Biryani,Biryani,1,180.00,18.00,8.10,40.00,210.10,162.00,UPI,Delivered
2026-07-08,SWG106068,Fried Rice,Rice & Noodles,1,170.00,25.50,7.23,40.00,191.73,144.50,Debit Card,Delivered
2026-07-08,SWG106069,Fried Rice,Rice & Noodles,1,170.00,8.50,8.08,0.00,169.58,161.50,UPI,Delivered
2026-07-08,SWG106070,Veg Biryani,Biryani,1,180.00,9.00,8.55,20.00,199.55,171.00,Credit Card,Delivered
2026-07-08,SWG106071,Hakka Noodles,Rice & Noodles,1,180.00,18.00,8.10,0.00,170.10,162.00,Credit Card,Delivered
2026-07-08,SWG106072,Chicken Tikka,Starters,1,260.00,0.00,13.00,20.00,293.00,260.00,Debit Card,Delivered
2026-07-08,SWG106073,Fried Rice,Rice & Noodles,3,510.00,51.00,22.95,20.00,501.95,459.00,Cash,Delivered
2026-07-08,SWG106074,Paneer Tikka,Starters,1,230.00,0.00,11.50,20.00,261.50,230.00,UPI,Delivered
2026-07-08,SWG106075,Paneer Tikka,Starters,1,230.00,34.50,9.78,0.00,205.28,195.50,Credit Card,Delivered
2026-07-08,SWG106076,Masala Dosa,South Indian,2,280.00,0.00,14.00,20.00,314.00,280.00,Cash,Delivered
2026-07-08,SWG106077,Paneer Tikka,Starters,2,460.00,23.00,21.85,20.00,478.85,437.00,Credit Card,Delivered
2026-07-08,SWG106078,Chicken Biryani,Biryani,1,220.00,22.00,9.90,20.00,227.90,198.00,Credit Card,Delivered
2026-07-08,SWG106079,Paneer Tikka,Starters,1,230.00,23.00,10.35,20.00,237.35,207.00,Cash,Delivered
2026-07-08,SWG106080,Veg Biryani,Biryani,1,180.00,0.00,9.00,0.00,189.00,180.00,Cash,Delivered
2026-07-08,SWG106081,Masala Dosa,South Indian,1,140.00,14.00,6.30,30.00,162.30,126.00,Credit Card,Delivered
2026-07-08,SWG106082,Fried Rice,Rice & Noodles,2,340.00,0.00,17.00,30.00,387.00,340.00,UPI,Delivered
2026-07-09,SWG106083,Gulab Jamun,Desserts,3,270.00,40.50,11.48,0.00,240.98,229.50,Debit Card,Delivered
2026-07-09,SWG106084,Paneer Tikka,Starters,3,690.00,69.00,31.05,40.00,692.05,621.00,Credit Card,Delivered
2026-07-09,SWG106085,Gulab Jamun,Desserts,1,90.00,0.00,4.50,20.00,114.50,90.00,Debit Card,Delivered
2026-07-09,SWG106086,Chicken Biryani,Biryani,1,220.00,11.00,10.45,40.00,259.45,209.00,UPI,Delivered
2026-07-09,SWG106087,Chicken Biryani,Biryani,1,220.00,0.00,11.00,30.00,261.00,220.00,Cash,Delivered
2026-07-09,SWG106088,Chicken Tikka,Starters,1,260.00,26.00,11.70,20.00,265.70,234.00,Credit Card,Delivered
2026-07-09,SWG106089,Paneer Butter Masala,Main Course,2,480.00,72.00,20.40,40.00,468.40,408.00,Cash,Delivered
2026-07-09,SWG106090,Gulab Jamun,Desserts,1,90.00,13.50,3.83,30.00,110.33,76.50,Credit Card,Delivered
2026-07-09,SWG106091,Veg Biryani,Biryani,1,180.00,18.00,8.10,0.00,170.10,162.00,Debit Card,Delivered
2026-07-09,SWG106092,Hakka Noodles,Rice & Noodles,2,360.00,54.00,15.30,40.00,361.30,306.00,UPI,Delivered
2026-07-09,SWG106093,Butter Naan,Breads,1,60.00,9.00,2.55,20.00,73.55,51.00,UPI,Delivered
2026-07-09,SWG106094,Hakka Noodles,Rice & Noodles,3,540.00,0.00,27.00,20.00,587.00,540.00,Debit Card,Delivered
2026-07-09,SWG106095,Butter Naan,Breads,1,60.00,0.00,3.00,40.00,103.00,60.00,Debit Card,Delivered
2026-07-09,SWG106096,Paneer Butter Masala,Main Course,1,240.00,24.00,10.80,30.00,256.80,216.00,Credit Card,Delivered
2026-07-09,SWG106097,Fried Rice,Rice & Noodles,1,170.00,0.00,8.50,30.00,208.50,170.00,Cash,Delivered
2026-07-09,SWG106098,Veg Biryani,Biryani,1,180.00,18.00,8.10,30.00,200.10,162.00,Cash,Delivered
2026-07-09,SWG106099,Chicken Biryani,Biryani,1,220.00,0.00,11.00,40.00,271.00,220.00,Debit Card,Delivered
2026-07-09,SWG106100,Masala Dosa,South Indian,1,140.00,0.00,7.00,30.00,177.00,140.00,UPI,Delivered
2026-07-10,SWG106101,Masala Dosa,South Indian,1,140.00,21.00,5.95,30.00,154.95,119.00,Credit Card,Delivered
2026-07-10,SWG106102,Veg Biryani,Biryani,2,360.00,0.00,18.00,0.00,378.00,360.00,Debit Card,Delivered
2026-07-10,SWG106103,Chicken Biryani,Biryani,1,220.00,33.00,9.35,20.00,216.35,187.00,Credit Card,Delivered
2026-07-10,SWG106104,Butter Naan,Breads,1,60.00,6.00,2.70,30.00,86.70,54.00,Credit Card,Delivered
2026-07-10,SWG106105,Masala Dosa,South Indian,1,140.00,21.00,5.95,20.00,144.95,119.00,Debit Card,Delivered
2026-07-10,SWG106106,Paneer Butter Masala,Main Course,2,480.00,72.00,20.40,20.00,448.40,408.00,Cash,Delivered
2026-07-10,SWG106107,Chicken Tikka,Starters,3,780.00,117.00,33.15,30.00,726.15,663.00,Cash,Delivered
2026-07-10,SWG106108,Hakka Noodles,Rice & Noodles,1,180.00,9.00,8.55,40.00,219.55,171.00,UPI,Delivered
2026-07-10,SWG106109,Chicken Tikka,Starters,1,260.00,13.00,12.35,30.00,289.35,247.00,UPI,Delivered
2026-07-10,SWG106110,Paneer Tikka,Starters,1,230.00,34.50,9.78,40.00,245.28,195.50,Debit Card,Delivered
2026-07-10,SWG106111,Veg Biryani,Biryani,1,180.00,0.00,9.00,0.00,189.00,180.00,Credit Card,Delivered
2026-07-10,SWG106112,Chicken Biryani,Biryani,1,220.00,11.00,10.45,30.00,249.45,209.00,UPI,Delivered
2026-07-10,SWG106113,Chicken Biryani,Biryani,1,220.00,11.00,10.45,0.00,219.45,209.00,Cash,Delivered
2026-07-10,SWG106114,Fried Rice,Rice & Noodles,1,170.00,8.50,8.08,40.00,209.58,161.50,UPI,Delivered
2026-07-10,SWG106115,Fried Rice,Rice & Noodles,1,170.00,8.50,8.08,40.00,209.58,161.50,Cash,Delivered
2026-07-10,SWG106116,Paneer Butter Masala,Main Course,1,240.00,12.00,11.40,30.00,269.40,228.00,Debit Card,Delivered
2026-07-10,SWG106117,Butter Naan,Breads,3,180.00,27.00,7.65,20.00,180.65,153.00,UPI,Delivered
2026-07-10,SWG106118,Masala Dosa,South Indian,1,140.00,0.00,7.00,40.00,187.00,140.00,Cash,Delivered
2026-07-10,SWG106119,Fried Rice,Rice & Noodles,1,170.00,8.50,8.08,40.00,209.58,161.50,Debit Card,Delivered
2026-07-10,SWG106120,Masala Dosa,South Indian,1,140.00,0.00,7.00,40.00,187.00,140.00,Credit Card,Delivered
2026-07-10,SWG106121,Gulab Jamun,Desserts,1,90.00,9.00,4.05,40.00,125.05,81.00,Cash,Delivered
2026-07-10,SWG106122,Butter Naan,Breads,1,60.00,0.00,3.00,30.00,93.00,60.00,Cash,Delivered
2026-07-10,SWG106123,Hakka Noodles,Rice & Noodles,1,180.00,0.00,9.00,20.00,209.00,180.00,UPI,Delivered
2026-07-10,SWG106124,Paneer Tikka,Starters,1,230.00,0.00,11.50,30.00,271.50,230.00,Debit Card,Delivered
2026-07-10,SWG106125,Chicken Biryani,Biryani,1,220.00,11.00,10.45,40.00,259.45,209.00,Credit Card,Delivered
2026-07-10,SWG106126,Masala Dosa,South Indian,1,140.00,21.00,5.95,20.00,144.95,119.00,Credit Card,Delivered
2026-07-10,SWG106127,Butter Naan,Breads,2,120.00,0.00,6.00,40.00,166.00,120.00,Cash,Delivered
2026-07-10,SWG106128,Paneer Tikka,Starters,3,690.00,69.00,31.05,0.00,652.05,621.00,Credit Card,Delivered
2026-07-10,SWG106129,Masala Dosa,South Indian,1,140.00,0.00,7.00,40.00,187.00,0.00,Debit Card,Cancelled
2026-07-11,SWG106130,Veg Biryani,Biryani,1,180.00,9.00,8.55,40.00,219.55,171.00,Cash,Delivered
2026-07-11,SWG106131,Hakka Noodles,Rice & Noodles,1,180.00,18.00,8.10,0.00,170.10,162.00,UPI,Delivered
2026-07-11,SWG106132,Chicken Tikka,Starters,1,260.00,13.00,12.35,0.00,259.35,247.00,Cash,Delivered
2026-07-11,SWG106133,Hakka Noodles,Rice & Noodles,2,360.00,54.00,15.30,30.00,351.30,306.00,Debit Card,Delivered
2026-07-11,SWG106134,Butter Naan,Breads,1,60.00,6.00,2.70,0.00,56.70,54.00,UPI,Delivered
2026-07-11,SWG106135,Chicken Tikka,Starters,1,260.00,39.00,11.05,0.00,232.05,221.00,Credit Card,Delivered
2026-07-11,SWG106136,Gulab Jamun,Desserts,2,180.00,0.00,9.00,40.00,229.00,180.00,Debit Card,Delivered
2026-07-11,SWG106137,Masala Dosa,South Indian,1,140.00,7.00,6.65,30.00,169.65,133.00,Cash,Delivered
2026-07-11,SWG106138,Butter Naan,Breads,2,120.00,12.00,5.40,40.00,153.40,108.00,Cash,Delivered
2026-07-11,SWG106139,Veg Biryani,Biryani,1,180.00,0.00,9.00,0.00,189.00,180.00,Credit Card,Delivered
2026-07-11,SWG106140,Chicken Tikka,Starters,1,260.00,0.00,13.00,30.00,303.00,260.00,Cash,Delivered
2026-07-11,SWG106141,Chicken Tikka,Starters,1,260.00,13.00,12.35,40.00,299.35,247.00,Debit Card,Delivered
2026-07-11,SWG106142,Gulab Jamun,Desserts,1,90.00,0.00,4.50,20.00,114.50,90.00,Credit Card,Delivered
2026-07-11,SWG106143,Masala Dosa,South Indian,2,280.00,28.00,12.60,30.00,294.60,252.00,UPI,Delivered
2026-07-11,SWG106144,Paneer Butter Masala,Main Course,1,240.00,36.00,10.20,40.00,254.20,204.00,UPI,Delivered
2026-07-11,SWG106145,Veg Biryani,Biryani,2,360.00,54.00,15.30,0.00,321.30,306.00,Cash,Delivered
2026-07-11,SWG106146,Paneer Butter Masala,Main Course,1,240.00,36.00,10.20,30.00,244.20,204.00,Credit Card,Delivered
2026-07-11,SWG106147,Butter Naan,Breads,2,120.00,12.00,5.40,40.00,153.40,108.00,UPI,Delivered
2026-07-11,SWG106148,Chicken Biryani,Biryani,1,220.00,0.00,11.00,20.00,251.00,220.00,Cash,Delivered
2026-07-11,SWG106149,Paneer Butter Masala,Main Course,1,240.00,24.00,10.80,0.00,226.80,216.00,Debit Card,Delivered
2026-07-11,SWG106150,Veg Biryani,Biryani,1,180.00,18.00,8.10,0.00,170.10,162.00,Cash,Delivered
2026-07-11,SWG106151,Hakka Noodles,Rice & Noodles,1,180.00,9.00,8.55,0.00,179.55,171.00,UPI,Delivered
2026-07-12,SWG106152,Gulab Jamun,Desserts,1,90.00,0.00,4.50,30.00,124.50,90.00,UPI,Delivered
2026-07-12,SWG106153,Hakka Noodles,Rice & Noodles,1,180.00,0.00,9.00,20.00,209.00,180.00,UPI,Delivered
2026-07-12,SWG106154,Chicken Tikka,Starters,3,780.00,0.00,39.00,0.00,819.00,780.00,Credit Card,Delivered
2026-07-12,SWG106155,Chicken Tikka,Starters,3,780.00,117.00,33.15,0.00,696.15,663.00,UPI,Delivered
2026-07-12,SWG106156,Veg Biryani,Biryani,3,540.00,0.00,27.00,40.00,607.00,540.00,Debit Card,Delivered
2026-07-12,SWG106157,Paneer Tikka,Starters,1,230.00,11.50,10.93,0.00,229.43,218.50,Debit Card,Delivered
2026-07-12,SWG106158,Paneer Tikka,Starters,3,690.00,103.50,29.33,30.00,645.83,586.50,UPI,Delivered
2026-07-12,SWG106159,Butter Naan,Breads,1,60.00,6.00,2.70,20.00,76.70,54.00,Credit Card,Delivered
2026-07-12,SWG106160,Chicken Biryani,Biryani,1,220.00,22.00,9.90,30.00,237.90,198.00,Debit Card,Delivered
2026-07-12,SWG106161,Gulab Jamun,Desserts,1,90.00,4.50,4.28,40.00,129.78,85.50,Credit Card,Delivered
2026-07-12,SWG106162,Chicken Biryani,Biryani,1,220.00,0.00,11.00,30.00,261.00,220.00,Debit Card,Delivered
2026-07-12,SWG106163,Paneer Tikka,Starters,3,690.00,69.00,31.05,40.00,692.05,621.00,UPI,Delivered
2026-07-12,SWG106164,Paneer Tikka,Starters,1,230.00,34.50,9.78,0.00,205.28,195.50,Debit Card,Delivered
2026-07-12,SWG106165,Gulab Jamun,Desserts,1,90.00,0.00,4.50,30.00,124.50,90.00,Cash,Delivered
2026-07-12,SWG106166,Masala Dosa,South Indian,1,140.00,21.00,5.95,30.00,154.95,119.00,Cash,Delivered
2026-07-12,SWG106167,Butter Naan,Breads,2,120.00,12.00,5.40,20.00,133.40,108.00,Credit Card,Delivered
2026-07-12,SWG106168,Butter Naan,Breads,2,120.00,0.00,6.00,40.00,166.00,0.00,Debit Card,Cancelled
2026-07-12,SWG106169,Hakka Noodles,Rice & Noodles,2,360.00,54.00,15.30,30.00,351.30,306.00,Credit Card,Delivered
2026-07-12,SWG106170,Paneer Tikka,Starters,1,230.00,11.50,10.93,30.00,259.43,218.50,Debit Card,Delivered
2026-07-12,SWG106171,Fried Rice,Rice & Noodles,1,170.00,25.50,7.23,0.00,151.73,144.50,UPI,Delivered
2026-07-13,SWG106172,Chicken Tikka,Starters,2,520.00,26.00,24.70,20.00,538.70,494.00,UPI,Delivered
2026-07-13,SWG106173,Hakka Noodles,Rice & Noodles,1,180.00,18.00,8.10,30.00,200.10,162.00,Cash,Delivered
2026-07-13,SWG106174,Hakka Noodles,Rice & Noodles,1,180.00,0.00,9.00,20.00,209.00,180.00,Cash,Delivered
2026-07-13,SWG106175,Chicken Tikka,Starters,1,260.00,13.00,12.35,20.00,279.35,247.00,Cash,Delivered
2026-07-13,SWG106176,Butter Naan,Breads,3,180.00,27.00,7.65,20.00,180.65,153.00,Cash,Delivered
2026-07-13,SWG106177,Hakka Noodles,Rice & Noodles,1,180.00,9.00,8.55,40.00,219.55,171.00,Debit Card,Delivered
2026-07-13,SWG106178,Paneer Butter Masala,Main Course,1,240.00,24.00,10.80,30.00,256.80,216.00,Cash,Delivered
2026-07-13,SWG106179,Hakka Noodles,Rice & Noodles,2,360.00,0.00,18.00,20.00,398.00,360.00,Credit Card,Delivered
2026-07-13,SWG106180,Hakka Noodles,Rice & Noodles,1,180.00,27.00,7.65,40.00,200.65,153.00,UPI,Delivered
2026-07-13,SWG106181,Paneer Tikka,Starters,1,230.00,23.00,10.35,30.00,247.35,207.00,UPI,Delivered
2026-07-13,SWG106182,Butter Naan,Breads,1,60.00,6.00,2.70,30.00,86.70,54.00,Debit Card,Delivered
2026-07-13,SWG106183,Veg Biryani,Biryani,1,180.00,18.00,8.10,20.00,190.10,162.00,UPI,Delivered
2026-07-13,SWG106184,Veg Biryani,Biryani,1,180.00,9.00,8.55,0.00,179.55,171.00,Cash,Delivered
2026-07-13,SWG106185,Paneer Tikka,Starters,3,690.00,0.00,34.50,40.00,764.50,690.00,Cash,Delivered
2026-07-13,SWG106186,Masala Dosa,South Indian,1,140.00,7.00,6.65,0.00,139.65,133.00,UPI,Delivered
2026-07-13,SWG106187,Paneer Butter Masala,Main Course,1,240.00,0.00,12.00,30.00,282.00,240.00,Credit Card,Delivered
2026-07-13,SWG106188,Hakka Noodles,Rice & Noodles,1,180.00,27.00,7.65,20.00,180.65,153.00,UPI,Delivered
2026-07-13,SWG106189,Hakka Noodles,Rice & Noodles,1,180.00,27.00,7.65,30.00,190.65,153.00,Credit Card,Delivered
2026-07-13,SWG106190,Masala Dosa,South Indian,1,140.00,14.00,6.30,20.00,152.30,126.00,Credit Card,Delivered
2026-07-13,SWG106191,Butter Naan,Breads,1,60.00,6.00,2.70,40.00,96.70,54.00,Credit Card,Delivered
2026-07-13,SWG106192,Fried Rice,Rice & Noodles,1,170.00,17.00,7.65,40.00,200.65,153.00,UPI,Delivered
2026-07-13,SWG106193,Butter Naan,Breads,3,180.00,18.00,8.10,20.00,190.10,162.00,Debit Card,Delivered
2026-07-14,SWG106194,Chicken Biryani,Biryani,1,220.00,33.00,9.35,20.00,216.35,187.00,Cash,Delivered
2026-07-14,SWG106195,Hakka Noodles,Rice & Noodles,1,180.00,18.00,8.10,20.00,190.10,162.00,UPI,Delivered
2026-07-14,SWG106196,Masala Dosa,South Indian,1,140.00,7.00,6.65,30.00,169.65,133.00,Debit Card,Delivered
2026-07-14,SWG106197,Fried Rice,Rice & Noodles,2,340.00,0.00,17.00,40.00,397.00,340.00,Credit Card,Delivered
2026-07-14,SWG106198,Gulab Jamun,Desserts,1,90.00,9.00,4.05,20.00,105.05,81.00,UPI,Delivered
2026-07-14,SWG106199,Butter Naan,Breads,3,180.00,18.00,8.10,30.00,200.10,162.00,Cash,Delivered
2026-07-14,SWG106200,Fried Rice,Rice & Noodles,1,170.00,17.00,7.65,40.00,200.65,153.00,Cash,Delivered
2026-07-14,SWG106201,Fried Rice,Rice & Noodles,1,170.00,0.00,8.50,40.00,218.50,170.00,Cash,Delivered
2026-07-14,SWG106202,Paneer Butter Masala,Main Course,2,480.00,48.00,21.60,30.00,483.60,432.00,Debit Card,Delivered
2026-07-14,SWG106203,Gulab Jamun,Desserts,1,90.00,0.00,4.50,0.00,94.50,90.00,Debit Card,Delivered
2026-07-14,SWG106204,Fried Rice,Rice & Noodles,1,170.00,17.00,7.65,0.00,160.65,153.00,Debit Card,Delivered
2026-07-14,SWG106205,Fried Rice,Rice & Noodles,1,170.00,25.50,7.23,40.00,191.73,144.50,Credit Card,Delivered
2026-07-14,SWG106206,Hakka Noodles,Rice & Noodles,2,360.00,54.00,15.30,30.00,351.30,306.00,Cash,Delivered
2026-07-15,SWG106207,Fried Rice,Rice & Noodles,1,170.00,25.50,7.23,20.00,171.73,144.50,Credit Card,Delivered
2026-07-15,SWG106208,Chicken Biryani,Biryani,1,220.00,0.00,11.00,0.00,231.00,220.00,UPI,Delivered
2026-07-15,SWG106209,Masala Dosa,South Indian,1,140.00,21.00,5.95,40.00,164.95,119.00,Cash,Delivered
2026-07-15,SWG106210,Butter Naan,Breads,1,60.00,6.00,2.70,40.00,96.70,54.00,Debit Card,Delivered
2026-07-15,SWG106211,Paneer Butter Masala,Main Course,1,240.00,0.00,12.00,40.00,292.00,240.00,UPI,Delivered
2026-07-15,SWG106212,Hakka Noodles,Rice & Noodles,1,180.00,18.00,8.10,30.00,200.10,162.00,Cash,Delivered
2026-07-15,SWG106213,Butter Naan,Breads,1,60.00,3.00,2.85,40.00,99.85,57.00,Debit Card,Delivered
2026-07-15,SWG106214,Gulab Jamun,Desserts,3,270.00,40.50,11.48,30.00,270.98,229.50,Credit Card,Delivered
2026-07-15,SWG106215,Gulab Jamun,Desserts,1,90.00,4.50,4.28,0.00,89.78,85.50,Debit Card,Delivered
2026-07-15,SWG106216,Paneer Butter Masala,Main Course,1,240.00,36.00,10.20,20.00,234.20,204.00,UPI,Delivered
2026-07-15,SWG106217,Butter Naan,Breads,1,60.00,6.00,2.70,20.00,76.70,54.00,Credit Card,Delivered
2026-07-15,SWG106218,Chicken Tikka,Starters,1,260.00,39.00,11.05,40.00,272.05,221.00,Cash,Delivered
2026-07-15,SWG106219,Fried Rice,Rice & Noodles,1,170.00,8.50,8.08,30.00,199.58,161.50,Credit Card,Delivered
2026-07-15,SWG106220,Paneer Tikka,Starters,2,460.00,46.00,20.70,40.00,474.70,414.00,Credit Card,Delivered
2026-07-15,SWG106221,Paneer Butter Masala,Main Course,1,240.00,36.00,10.20,0.00,214.20,204.00,Cash,Delivered
2026-07-15,SWG106222,Fried Rice,Rice & Noodles,1,170.00,8.50,8.08,0.00,169.58,161.50,Cash,Delivered
2026-07-15,SWG106223,Paneer Butter Masala,Main Course,2,480.00,0.00,24.00,40.00,544.00,480.00,Cash,Delivered
2026-07-16,SWG106224,Paneer Tikka,Starters,1,230.00,34.50,9.78,30.00,235.28,195.50,UPI,Delivered
2026-07-16,SWG106225,Fried Rice,Rice & Noodles,1,170.00,8.50,8.08,30.00,199.58,161.50,Debit Card,Delivered
2026-07-16,SWG106226,Paneer Tikka,Starters,1,230.00,11.50,10.93,0.00,229.43,218.50,Debit Card,Delivered
2026-07-16,SWG106227,Veg Biryani,Biryani,1,180.00,18.00,8.10,20.00,190.10,162.00,Debit Card,Delivered
2026-07-16,SWG106228,Hakka Noodles,Rice & Noodles,1,180.00,27.00,7.65,40.00,200.65,153.00,UPI,Delivered
2026-07-16,SWG106229,Fried Rice,Rice & Noodles,3,510.00,0.00,25.50,0.00,535.50,510.00,Credit Card,Delivered
2026-07-16,SWG106230,Hakka Noodles,Rice & Noodles,1,180.00,18.00,8.10,40.00,210.10,162.00,Debit Card,Delivered
2026-07-16,SWG106231,Paneer Tikka,Starters,1,230.00,0.00,11.50,20.00,261.50,230.00,UPI,Delivered
2026-07-16,SWG106232,Masala Dosa,South Indian,1,140.00,7.00,6.65,40.00,179.65,133.00,Credit Card,Delivered
2026-07-16,SWG106233,Paneer Butter Masala,Main Course,2,480.00,72.00,20.40,20.00,448.40,408.00,Cash,Delivered
2026-07-16,SWG106234,Chicken Tikka,Starters,1,260.00,26.00,11.70,30.00,275.70,234.00,UPI,Delivered
2026-07-16,SWG106235,Gulab Jamun,Desserts,1,90.00,9.00,4.05,40.00,125.05,81.00,Cash,Delivered
2026-07-16,SWG106236,Veg Biryani,Biryani,3,540.00,0.00,27.00,40.00,607.00,540.00,Credit Card,Delivered
2026-07-17,SWG106237,Paneer Butter Masala,Main Course,2,480.00,0.00,24.00,30.00,534.00,480.00,Cash,Delivered
2026-07-17,SWG106238,Masala Dosa,South Indian,1,140.00,21.00,5.95,0.00,124.95,119.00,UPI,Delivered
2026-07-17,SWG106239,Paneer Butter Masala,Main Course,1,240.00,24.00,10.80,20.00,246.80,216.00,Cash,Delivered
2026-07-17,SWG106240,Veg Biryani,Biryani,1,180.00,18.00,8.10,20.00,190.10,162.00,Credit Card,Delivered
2026-07-17,SWG106241,Gulab Jamun,Desserts,1,90.00,13.50,3.83,40.00,120.33,76.50,UPI,Delivered
2026-07-17,SWG106242,Chicken Tikka,Starters,1,260.00,0.00,13.00,40.00,313.00,260.00,Credit Card,Delivered
2026-07-17,SWG106243,Gulab Jamun,Desserts,2,180.00,27.00,7.65,0.00,160.65,153.00,Credit Card,Delivered
2026-07-17,SWG106244,Fried Rice,Rice & Noodles,1,170.00,8.50,8.08,20.00,189.58,161.50,UPI,Delivered
2026-07-17,SWG106245,Veg Biryani,Biryani,3,540.00,81.00,22.95,20.00,501.95,459.00,Debit Card,Delivered
2026-07-17,SWG106246,Paneer Tikka,Starters,1,230.00,0.00,11.50,20.00,261.50,230.00,Debit Card,Delivered
2026-07-17,SWG106247,Paneer Butter Masala,Main Course,1,240.00,36.00,10.20,0.00,214.20,204.00,UPI,Delivered
2026-07-17,SWG106248,Hakka Noodles,Rice & Noodles,1,180.00,18.00,8.10,0.00,170.10,162.00,Debit Card,Delivered
2026-07-17,SWG106249,Paneer Tikka,Starters,2,460.00,69.00,19.55,40.00,450.55,391.00,Debit Card,Delivered
2026-07-17,SWG106250,Chicken Tikka,Starters,1,260.00,13.00,12.35,20.00,279.35,247.00,Debit Card,Delivered
2026-07-17,SWG106251,Chicken Tikka,Starters,2,520.00,52.00,23.40,40.00,531.40,468.00,Cash,Delivered
2026-07-17,SWG106252,Veg Biryani,Biryani,1,180.00,9.00,8.55,20.00,199.55,171.00,Credit Card,Delivered
2026-07-17,SWG106253,Gulab Jamun,Desserts,2,180.00,9.00,8.55,30.00,209.55,171.00,Cash,Delivered
2026-07-17,SWG106254,Hakka Noodles,Rice & Noodles,1,180.00,0.00,9.00,30.00,219.00,180.00,Credit Card,Delivered
2026-07-17,SWG106255,Chicken Tikka,Starters,2,520.00,78.00,22.10,30.00,494.10,442.00,Credit Card,Delivered
2026-07-17,SWG106256,Paneer Tikka,Starters,1,230.00,23.00,10.35,40.00,257.35,207.00,Debit Card,Delivered
2026-07-17,SWG106257,Chicken Tikka,Starters,1,260.00,39.00,11.05,20.00,252.05,221.00,Credit Card,Delivered
2026-07-17,SWG106258,Paneer Butter Masala,Main Course,2,480.00,0.00,24.00,30.00,534.00,480.00,UPI,Delivered
2026-07-17,SWG106259,Hakka Noodles,Rice & Noodles,1,180.00,27.00,7.65,30.00,190.65,153.00,Debit Card,Delivered
2026-07-17,SWG106260,Chicken Tikka,Starters,2,520.00,52.00,23.40,0.00,491.40,468.00,Debit Card,Delivered
2026-07-17,SWG106261,Hakka Noodles,Rice & Noodles,1,180.00,0.00,9.00,40.00,229.00,180.00,Cash,Delivered
2026-07-17,SWG106262,Masala Dosa,South Indian,1,140.00,21.00,5.95,0.00,124.95,119.00,Cash,Delivered
2026-07-18,SWG106263,Hakka Noodles,Rice & Noodles,3,540.00,81.00,22.95,20.00,501.95,459.00,Debit Card,Delivered
2026-07-18,SWG106264,Paneer Tikka,Starters,2,460.00,23.00,21.85,20.00,478.85,437.00,Cash,Delivered
2026-07-18,SWG106265,Fried Rice,Rice & Noodles,1,170.00,25.50,7.23,20.00,171.73,144.50,Cash,Delivered
2026-07-18,SWG106266,Gulab Jamun,Desserts,2,180.00,9.00,8.55,20.00,199.55,171.00,Cash,Delivered
2026-07-18,SWG106267,Butter Naan,Breads,1,60.00,0.00,3.00,30.00,93.00,60.00,Credit Card,Delivered
2026-07-18,SWG106268,Fried Rice,Rice & Noodles,1,170.00,25.50,7.23,20.00,171.73,144.50,Debit Card,Delivered
2026-07-18,SWG106269,Chicken Biryani,Biryani,1,220.00,11.00,10.45,0.00,219.45,209.00,UPI,Delivered
2026-07-18,SWG106270,Chicken Tikka,Starters,2,520.00,0.00,26.00,30.00,576.00,520.00,Cash,Delivered
2026-07-18,SWG106271,Chicken Biryani,Biryani,1,220.00,33.00,9.35,20.00,216.35,187.00,Debit Card,Delivered
2026-07-18,SWG106272,Chicken Tikka,Starters,2,520.00,78.00,22.10,40.00,504.10,442.00,Cash,Delivered
2026-07-18,SWG106273,Paneer Tikka,Starters,1,230.00,23.00,10.35,0.00,217.35,207.00,UPI,Delivered
2026-07-18,SWG106274,Fried Rice,Rice & Noodles,2,340.00,51.00,14.45,20.00,323.45,289.00,Debit Card,Delivered
2026-07-18,SWG106275,Veg Biryani,Biryani,1,180.00,18.00,8.10,40.00,210.10,162.00,Debit Card,Delivered
2026-07-18,SWG106276,Chicken Tikka,Starters,1,260.00,13.00,12.35,0.00,259.35,247.00,Debit Card,Delivered
2026-07-18,SWG106277,Masala Dosa,South Indian,1,140.00,21.00,5.95,0.00,124.95,119.00,Credit Card,Delivered
2026-07-19,SWG106278,Gulab Jamun,Desserts,1,90.00,9.00,4.05,40.00,125.05,81.00,Cash,Delivered
2026-07-19,SWG106279,Fried Rice,Rice & Noodles,1,170.00,25.50,7.23,20.00,171.73,144.50,Credit Card,Delivered
2026-07-19,SWG106280,Hakka Noodles,Rice & Noodles,1,180.00,27.00,7.65,40.00,200.65,153.00,UPI,Delivered
2026-07-19,SWG106281,Gulab Jamun,Desserts,1,90.00,13.50,3.83,30.00,110.33,76.50,Credit Card,Delivered
2026-07-19,SWG106282,Butter Naan,Breads,1,60.00,0.00,3.00,0.00,63.00,60.00,Debit Card,Delivered
2026-07-19,SWG106283,Gulab Jamun,Desserts,1,90.00,9.00,4.05,30.00,115.05,81.00,Cash,Delivered
2026-07-19,SWG106284,Veg Biryani,Biryani,1,180.00,18.00,8.10,30.00,200.10,162.00,UPI,Delivered
2026-07-19,SWG106285,Gulab Jamun,Desserts,1,90.00,9.00,4.05,20.00,105.05,81.00,Credit Card,Delivered
2026-07-19,SWG106286,Fried Rice,Rice & Noodles,1,170.00,8.50,8.08,20.00,189.58,161.50,Credit Card,Delivered
2026-07-19,SWG106287,Chicken Biryani,Biryani,2,440.00,66.00,18.70,30.00,422.70,374.00,Debit Card,Delivered
2026-07-19,SWG106288,Veg Biryani,Biryani,2,360.00,36.00,16.20,40.00,380.20,324.00,UPI,Delivered
2026-07-19,SWG106289,Gulab Jamun,Desserts,1,90.00,4.50,4.28,20.00,109.78,85.50,UPI,Delivered
2026-07-19,SWG106290,Gulab Jamun,Desserts,1,90.00,0.00,4.50,40.00,134.50,90.00,Debit Card,Delivered
2026-07-19,SWG106291,Fried Rice,Rice & Noodles,1,170.00,8.50,8.08,40.00,209.58,0.00,Cash,Cancelled
2026-07-19,SWG106292,Paneer Tikka,Starters,1,230.00,34.50,9.78,40.00,245.28,195.50,Credit Card,Delivered
2026-07-19,SWG106293,Paneer Tikka,Starters,2,460.00,69.00,19.55,0.00,410.55,391.00,Cash,Delivered
2026-07-19,SWG106294,Hakka Noodles,Rice & Noodles,2,360.00,36.00,16.20,0.00,340.20,324.00,UPI,Delivered
2026-07-19,SWG106295,Masala Dosa,South Indian,1,140.00,14.00,6.30,0.00,132.30,126.00,Credit Card,Delivered
2026-07-19,SWG106296,Gulab Jamun,Desserts,1,90.00,0.00,4.50,0.00,94.50,90.00,Cash,Delivered
2026-07-19,SWG106297,Gulab Jamun,Desserts,1,90.00,4.50,4.28,20.00,109.78,85.50,Credit Card,Delivered
2026-07-19,SWG106298,Fried Rice,Rice & Noodles,1,170.00,17.00,7.65,30.00,190.65,153.00,UPI,Delivered
2026-07-20,SWG106299,Paneer Butter Masala,Main Course,1,240.00,36.00,10.20,40.00,254.20,204.00,Cash,Delivered
2026-07-20,SWG106300,Fried Rice,Rice & Noodles,1,170.00,25.50,7.23,20.00,171.73,144.50,Debit Card,Delivered
2026-07-20,SWG106301,Hakka Noodles,Rice & Noodles,1,180.00,27.00,7.65,0.00,160.65,0.00,Debit Card,Cancelled
2026-07-20,SWG106302,Chicken Biryani,Biryani,1,220.00,22.00,9.90,20.00,227.90,198.00,UPI,Delivered
2026-07-20,SWG106303,Chicken Tikka,Starters,1,260.00,39.00,11.05,30.00,262.05,221.00,Cash,Delivered
2026-07-20,SWG106304,Butter Naan,Breads,1,60.00,3.00,2.85,30.00,89.85,57.00,Cash,Delivered
2026-07-20,SWG106305,Chicken Biryani,Biryani,1,220.00,11.00,10.45,0.00,219.45,209.00,Cash,Delivered
2026-07-20,SWG106306,Fried Rice,Rice & Noodles,1,170.00,8.50,8.08,0.00,169.58,161.50,Credit Card,Delivered
2026-07-20,SWG106307,Hakka Noodles,Rice & Noodles,1,180.00,0.00,9.00,20.00,209.00,180.00,Debit Card,Delivered
2026-07-20,SWG106308,Veg Biryani,Biryani,1,180.00,9.00,8.55,0.00,179.55,171.00,Credit Card,Delivered
2026-07-20,SWG106309,Masala Dosa,South Indian,1,140.00,21.00,5.95,0.00,124.95,119.00,UPI,Delivered
2026-07-20,SWG106310,Paneer Tikka,Starters,1,230.00,0.00,11.50,30.00,271.50,230.00,UPI,Delivered
2026-07-20,SWG106311,Paneer Tikka,Starters,1,230.00,11.50,10.93,40.00,269.43,218.50,UPI,Delivered
2026-07-20,SWG106312,Paneer Tikka,Starters,1,230.00,11.50,10.93,40.00,269.43,218.50,Cash,Delivered
2026-07-20,SWG106313,Chicken Biryani,Biryani,2,440.00,66.00,18.70,40.00,432.70,374.00,Debit Card,Delivered
2026-07-20,SWG106314,Gulab Jamun,Desserts,1,90.00,4.50,4.28,30.00,119.78,85.50,UPI,Delivered
2026-07-21,SWG106315,Chicken Tikka,Starters,2,520.00,78.00,22.10,40.00,504.10,442.00,Credit Card,Delivered
2026-07-21,SWG106316,Chicken Tikka,Starters,3,780.00,78.00,35.10,0.00,737.10,702.00,UPI,Delivered
2026-07-21,SWG106317,Chicken Biryani,Biryani,1,220.00,22.00,9.90,30.00,237.90,198.00,Credit Card,Delivered
2026-07-21,SWG106318,Veg Biryani,Biryani,1,180.00,18.00,8.10,30.00,200.10,162.00,Credit Card,Delivered
2026-07-21,SWG106319,Chicken Biryani,Biryani,1,220.00,11.00,10.45,30.00,249.45,209.00,UPI,Delivered
2026-07-21,SWG106320,Masala Dosa,South Indian,1,140.00,0.00,7.00,40.00,187.00,140.00,Debit Card,Delivered
2026-07-21,SWG106321,Gulab Jamun,Desserts,1,90.00,13.50,3.83,40.00,120.33,76.50,UPI,Delivered
2026-07-21,SWG106322,Paneer Tikka,Starters,2,460.00,0.00,23.00,0.00,483.00,460.00,Debit Card,Delivered
2026-07-21,SWG106323,Paneer Tikka,Starters,3,690.00,0.00,34.50,20.00,744.50,690.00,UPI,Delivered
2026-07-21,SWG106324,Masala Dosa,South Indian,1,140.00,14.00,6.30,0.00,132.30,126.00,Debit Card,Delivered
2026-07-21,SWG106325,Chicken Tikka,Starters,1,260.00,0.00,13.00,20.00,293.00,260.00,Cash,Delivered
2026-07-21,SWG106326,Chicken Biryani,Biryani,1,220.00,0.00,11.00,40.00,271.00,220.00,Debit Card,Delivered
2026-07-21,SWG106327,Gulab Jamun,Desserts,1,90.00,13.50,3.83,30.00,110.33,76.50,UPI,Delivered
2026-07-21,SWG106328,Veg Biryani,Biryani,2,360.00,54.00,15.30,20.00,341.30,306.00,Cash,Delivered
2026-07-21,SWG106329,Masala Dosa,South Indian,1,140.00,7.00,6.65,30.00,169.65,133.00,UPI,Delivered
2026-07-21,SWG106330,Fried Rice,Rice & Noodles,1,170.00,8.50,8.08,20.00,189.58,161.50,Debit Card,Delivered
2026-07-21,SWG106331,Butter Naan,Breads,1,60.00,9.00,2.55,40.00,93.55,51.00,UPI,Delivered
2026-07-21,SWG106332,Chicken Biryani,Biryani,1,220.00,22.00,9.90,30.00,237.90,198.00,UPI,Delivered
2026-07-21,SWG106333,Masala Dosa,South Indian,1,140.00,21.00,5.95,40.00,164.95,119.00,Debit Card,Delivered
2026-07-21,SWG106334,Paneer Butter Masala,Main Course,1,240.00,36.00,10.20,0.00,214.20,204.00,UPI,Delivered
2026-07-22,SWG106335,Fried Rice,Rice & Noodles,1,170.00,25.50,7.23,0.00,151.73,144.50,UPI,Delivered
2026-07-22,SWG106336,Paneer Tikka,Starters,3,690.00,0.00,34.50,20.00,744.50,690.00,Credit Card,Delivered
2026-07-22,SWG106337,Hakka Noodles,Rice & Noodles,1,180.00,0.00,9.00,20.00,209.00,180.00,Debit Card,Delivered
2026-07-22,SWG106338,Chicken Biryani,Biryani,1,220.00,22.00,9.90,30.00,237.90,198.00,Cash,Delivered
2026-07-22,SWG106339,Paneer Tikka,Starters,3,690.00,69.00,31.05,40.00,692.05,621.00,Credit Card,Delivered
2026-07-22,SWG106340,Chicken Tikka,Starters,1,260.00,0.00,13.00,20.00,293.00,260.00,Cash,Delivered
2026-07-22,SWG106341,Paneer Tikka,Starters,1,230.00,11.50,10.93,30.00,259.43,218.50,Debit Card,Delivered
2026-07-22,SWG106342,Fried Rice,Rice & Noodles,1,170.00,0.00,8.50,0.00,178.50,170.00,Cash,Delivered
2026-07-22,SWG106343,Paneer Butter Masala,Main Course,1,240.00,12.00,11.40,20.00,259.40,228.00,Debit Card,Delivered
2026-07-22,SWG106344,Fried Rice,Rice & Noodles,1,170.00,25.50,7.23,0.00,151.73,144.50,Credit Card,Delivered
2026-07-22,SWG106345,Paneer Tikka,Starters,2,460.00,0.00,23.00,30.00,513.00,460.00,Debit Card,Delivered
2026-07-22,SWG106346,Fried Rice,Rice & Noodles,1,170.00,25.50,7.23,30.00,181.73,144.50,Debit Card,Delivered
2026-07-22,SWG106347,Masala Dosa,South Indian,2,280.00,28.00,12.60,20.00,284.60,252.00,Debit Card,Delivered
2026-07-23,SWG106348,Chicken Tikka,Starters,1,260.00,13.00,12.35,40.00,299.35,247.00,Debit Card,Delivered
2026-07-23,SWG106349,Chicken Tikka,Starters,1,260.00,0.00,13.00,20.00,293.00,260.00,Cash,Delivered
2026-07-23,SWG106350,Hakka Noodles,Rice & Noodles,1,180.00,27.00,7.65,40.00,200.65,153.00,Credit Card,Delivered
2026-07-23,SWG106351,Hakka Noodles,Rice & Noodles,2,360.00,54.00,15.30,20.00,341.30,306.00,Debit Card,Delivered
2026-07-23,SWG106352,Butter Naan,Breads,1,60.00,3.00,2.85,40.00,99.85,57.00,UPI,Delivered
2026-07-23,SWG106353,Fried Rice,Rice & Noodles,1,170.00,0.00,8.50,30.00,208.50,170.00,Debit Card,Delivered
2026-07-23,SWG106354,Chicken Biryani,Biryani,2,440.00,66.00,18.70,0.00,392.70,374.00,Credit Card,Delivered
2026-07-23,SWG106355,Masala Dosa,South Indian,1,140.00,14.00,6.30,30.00,162.30,126.00,Credit Card,Delivered
2026-07-23,SWG106356,Butter Naan,Breads,2,120.00,18.00,5.10,20.00,127.10,102.00,Credit Card,Delivered
2026-07-23,SWG106357,Hakka Noodles,Rice & Noodles,1,180.00,0.00,9.00,30.00,219.00,180.00,UPI,Delivered
2026-07-23,SWG106358,Gulab Jamun,Desserts,1,90.00,9.00,4.05,20.00,105.05,81.00,Debit Card,Delivered
2026-07-23,SWG106359,Butter Naan,Breads,2,120.00,12.00,5.40,0.00,113.40,108.00,UPI,Delivered
2026-07-23,SWG106360,Hakka Noodles,Rice & Noodles,2,360.00,18.00,17.10,0.00,359.10,342.00,Cash,Delivered
2026-07-23,SWG106361,Paneer Butter Masala,Main Course,1,240.00,12.00,11.40,20.00,259.40,228.00,Credit Card,Delivered
2026-07-23,SWG106362,Gulab Jamun,Desserts,1,90.00,0.00,4.50,20.00,114.50,90.00,Cash,Delivered
2026-07-23,SWG106363,Butter Naan,Breads,1,60.00,3.00,2.85,20.00,79.85,57.00,Credit Card,Delivered
2026-07-24,SWG106364,Paneer Tikka,Starters,1,230.00,34.50,9.78,30.00,235.28,195.50,UPI,Delivered
2026-07-24,SWG106365,Gulab Jamun,Desserts,1,90.00,9.00,4.05,40.00,125.05,81.00,Cash,Delivered
2026-07-24,SWG106366,Fried Rice,Rice & Noodles,2,340.00,17.00,16.15,30.00,369.15,323.00,Credit Card,Delivered
2026-07-24,SWG106367,Paneer Butter Masala,Main Course,1,240.00,36.00,10.20,30.00,244.20,204.00,Cash,Delivered
2026-07-24,SWG106368,Butter Naan,Breads,3,180.00,27.00,7.65,40.00,200.65,153.00,UPI,Delivered
2026-07-24,SWG106369,Chicken Tikka,Starters,1,260.00,39.00,11.05,40.00,272.05,221.00,Credit Card,Delivered
2026-07-24,SWG106370,Butter Naan,Breads,1,60.00,0.00,3.00,40.00,103.00,60.00,Credit Card,Delivered
2026-07-24,SWG106371,Paneer Butter Masala,Main Course,1,240.00,0.00,12.00,30.00,282.00,240.00,UPI,Delivered
2026-07-24,SWG106372,Veg Biryani,Biryani,1,180.00,9.00,8.55,20.00,199.55,171.00,Debit Card,Delivered
2026-07-24,SWG106373,Paneer Butter Masala,Main Course,1,240.00,0.00,12.00,40.00,292.00,240.00,UPI,Delivered
2026-07-24,SWG106374,Butter Naan,Breads,1,60.00,3.00,2.85,0.00,59.85,57.00,Credit Card,Delivered
2026-07-24,SWG106375,Hakka Noodles,Rice & Noodles,1,180.00,18.00,8.10,20.00,190.10,162.00,Debit Card,Delivered
2026-07-24,SWG106376,Masala Dosa,South Indian,2,280.00,14.00,13.30,40.00,319.30,266.00,UPI,Delivered
2026-07-24,SWG106377,Chicken Tikka,Starters,1,260.00,26.00,11.70,0.00,245.70,234.00,UPI,Delivered
2026-07-25,SWG106378,Chicken Biryani,Biryani,1,220.00,33.00,9.35,0.00,196.35,187.00,Credit Card,Delivered
2026-07-25,SWG106379,Veg Biryani,Biryani,1,180.00,18.00,8.10,0.00,170.10,162.00,UPI,Delivered
2026-07-25,SWG106380,Butter Naan,Breads,1,60.00,3.00,2.85,20.00,79.85,57.00,Cash,Delivered
2026-07-25,SWG106381,Hakka Noodles,Rice & Noodles,1,180.00,9.00,8.55,20.00,199.55,171.00,Debit Card,Delivered
2026-07-25,SWG106382,Paneer Butter Masala,Main Course,1,240.00,12.00,11.40,40.00,279.40,228.00,UPI,Delivered
2026-07-25,SWG106383,Veg Biryani,Biryani,1,180.00,27.00,7.65,20.00,180.65,153.00,Debit Card,Delivered
2026-07-25,SWG106384,Chicken Biryani,Biryani,1,220.00,33.00,9.35,40.00,236.35,187.00,UPI,Delivered
2026-07-25,SWG106385,Paneer Tikka,Starters,1,230.00,0.00,11.50,0.00,241.50,230.00,Cash,Delivered
2026-07-25,SWG106386,Chicken Tikka,Starters,1,260.00,39.00,11.05,40.00,272.05,221.00,Debit Card,Delivered
2026-07-25,SWG106387,Chicken Biryani,Biryani,3,660.00,33.00,31.35,40.00,698.35,627.00,Cash,Delivered
2026-07-25,SWG106388,Hakka Noodles,Rice & Noodles,2,360.00,18.00,17.10,0.00,359.10,342.00,Cash,Delivered
2026-07-25,SWG106389,Veg Biryani,Biryani,1,180.00,9.00,8.55,0.00,179.55,171.00,Cash,Delivered
2026-07-25,SWG106390,Paneer Butter Masala,Main Course,2,480.00,24.00,22.80,0.00,478.80,456.00,UPI,Delivered
2026-07-25,SWG106391,Gulab Jamun,Desserts,2,180.00,9.00,8.55,0.00,179.55,171.00,Debit Card,Delivered
2026-07-25,SWG106392,Paneer Tikka,Starters,1,230.00,0.00,11.50,40.00,281.50,230.00,Credit Card,Delivered
2026-07-25,SWG106393,Masala Dosa,South Indian,1,140.00,14.00,6.30,40.00,172.30,126.00,Credit Card,Delivered
2026-07-25,SWG106394,Paneer Butter Masala,Main Course,1,240.00,36.00,10.20,20.00,234.20,204.00,Debit Card,Delivered
2026-07-25,SWG106395,Butter Naan,Breads,1,60.00,3.00,2.85,20.00,79.85,57.00,Cash,Delivered
2026-07-25,SWG106396,Butter Naan,Breads,3,180.00,18.00,8.10,30.00,200.10,162.00,Debit Card,Delivered
2026-07-25,SWG106397,Gulab Jamun,Desserts,1,90.00,4.50,4.28,30.00,119.78,85.50,Debit Card,Delivered
2026-07-25,SWG106398,Masala Dosa,South Indian,1,140.00,0.00,7.00,40.00,187.00,140.00,Debit Card,Delivered
2026-07-25,SWG106399,Gulab Jamun,Desserts,1,90.00,0.00,4.50,0.00,94.50,90.00,Credit Card,Delivered
2026-07-25,SWG106400,Masala Dosa,South Indian,2,280.00,14.00,13.30,40.00,319.30,266.00,Credit Card,Delivered
2026-07-25,SWG106401,Fried Rice,Rice & Noodles,2,340.00,34.00,15.30,30.00,351.30,306.00,Debit Card,Delivered
2026-07-25,SWG106402,Chicken Tikka,Starters,1,260.00,39.00,11.05,30.00,262.05,221.00,Cash,Delivered
2026-07-26,SWG106403,Gulab Jamun,Desserts,1,90.00,4.50,4.28,0.00,89.78,85.50,Credit Card,Delivered
2026-07-26,SWG106404,Paneer Butter Masala,Main Course,1,240.00,0.00,12.00,20.00,272.00,240.00,UPI,Delivered
2026-07-26,SWG106405,Masala Dosa,South Indian,1,140.00,7.00,6.65,0.00,139.65,133.00,Debit Card,Delivered
2026-07-26,SWG106406,Paneer Tikka,Starters,1,230.00,23.00,10.35,0.00,217.35,207.00,UPI,Delivered
2026-07-26,SWG106407,Masala Dosa,South Indian,1,140.00,0.00,7.00,20.00,167.00,0.00,Credit Card,Cancelled
2026-07-26,SWG106408,Chicken Tikka,Starters,1,260.00,39.00,11.05,20.00,252.05,0.00,Cash,Cancelled
2026-07-26,SWG106409,Chicken Biryani,Biryani,1,220.00,11.00,10.45,0.00,219.45,0.00,Debit Card,Cancelled
2026-07-26,SWG106410,Butter Naan,Breads,2,120.00,18.00,5.10,20.00,127.10,102.00,Cash,Delivered
2026-07-26,SWG106411,Paneer Butter Masala,Main Course,1,240.00,12.00,11.40,20.00,259.40,228.00,UPI,Delivered
2026-07-26,SWG106412,Fried Rice,Rice & Noodles,1,170.00,25.50,7.23,0.00,151.73,144.50,Debit Card,Delivered
2026-07-26,SWG106413,Chicken Tikka,Starters,1,260.00,26.00,11.70,0.00,245.70,234.00,UPI,Delivered
2026-07-26,SWG106414,Gulab Jamun,Desserts,1,90.00,9.00,4.05,0.00,85.05,81.00,UPI,Delivered
2026-07-26,SWG106415,Chicken Biryani,Biryani,2,440.00,44.00,19.80,40.00,455.80,396.00,Credit Card,Delivered
2026-07-26,SWG106416,Chicken Tikka,Starters,1,260.00,39.00,11.05,20.00,252.05,221.00,Debit Card,Delivered
2026-07-26,SWG106417,Paneer Butter Masala,Main Course,1,240.00,36.00,10.20,20.00,234.20,204.00,Debit Card,Delivered
2026-07-26,SWG106418,Paneer Butter Masala,Main Course,1,240.00,0.00,12.00,20.00,272.00,240.00,Cash,Delivered
2026-07-26,SWG106419,Fried Rice,Rice & Noodles,3,510.00,0.00,25.50,40.00,575.50,510.00,Cash,Delivered
2026-07-26,SWG106420,Chicken Biryani,Biryani,1,220.00,11.00,10.45,20.00,239.45,209.00,Cash,Delivered
2026-07-26,SWG106421,Fried Rice,Rice & Noodles,1,170.00,0.00,8.50,30.00,208.50,170.00,Debit Card,Delivered
2026-07-26,SWG106422,Fried Rice,Rice & Noodles,1,170.00,17.00,7.65,20.00,180.65,153.00,Cash,Delivered
2026-07-26,SWG106423,Gulab Jamun,Desserts,2,180.00,27.00,7.65,30.00,190.65,153.00,UPI,Delivered
2026-07-26,SWG106424,Chicken Tikka,Starters,1,260.00,0.00,13.00,40.00,313.00,260.00,Credit Card,Delivered
2026-07-27,SWG106425,Paneer Butter Masala,Main Course,1,240.00,0.00,12.00,30.00,282.00,240.00,UPI,Delivered
2026-07-27,SWG106426,Paneer Butter Masala,Main Course,1,240.00,12.00,11.40,30.00,269.40,228.00,Debit Card,Delivered
2026-07-27,SWG106427,Hakka Noodles,Rice & Noodles,1,180.00,18.00,8.10,30.00,200.10,162.00,Cash,Delivered
2026-07-27,SWG106428,Veg Biryani,Biryani,1,180.00,9.00,8.55,40.00,219.55,171.00,Cash,Delivered
2026-07-27,SWG106429,Masala Dosa,South Indian,1,140.00,0.00,7.00,40.00,187.00,140.00,Debit Card,Delivered
2026-07-27,SWG106430,Masala Dosa,South Indian,2,280.00,28.00,12.60,0.00,264.60,252.00,Cash,Delivered
2026-07-27,SWG106431,Chicken Biryani,Biryani,1,220.00,0.00,11.00,0.00,231.00,220.00,UPI,Delivered
2026-07-28,SWG106432,Paneer Butter Masala,Main Course,1,240.00,36.00,10.20,0.00,214.20,204.00,UPI,Delivered
2026-07-28,SWG106433,Paneer Butter Masala,Main Course,1,240.00,12.00,11.40,40.00,279.40,228.00,Credit Card,Delivered
2026-07-28,SWG106434,Paneer Butter Masala,Main Course,1,240.00,0.00,12.00,40.00,292.00,240.00,Credit Card,Delivered
2026-07-28,SWG106435,Chicken Tikka,Starters,1,260.00,39.00,11.05,30.00,262.05,221.00,Cash,Delivered
2026-07-28,SWG106436,Masala Dosa,South Indian,1,140.00,0.00,7.00,0.00,147.00,140.00,Debit Card,Delivered
2026-07-28,SWG106437,Masala Dosa,South Indian,2,280.00,42.00,11.90,0.00,249.90,238.00,Cash,Delivered
2026-07-28,SWG106438,Hakka Noodles,Rice & Noodles,2,360.00,18.00,17.10,30.00,389.10,342.00,Cash,Delivered
2026-07-28,SWG106439,Masala Dosa,South Indian,1,140.00,7.00,6.65,30.00,169.65,133.00,UPI,Delivered
2026-07-28,SWG106440,Paneer Butter Masala,Main Course,1,240.00,36.00,10.20,30.00,244.20,204.00,Cash,Delivered
2026-07-28,SWG106441,Paneer Tikka,Starters,1,230.00,11.50,10.93,20.00,249.43,218.50,UPI,Delivered
2026-07-28,SWG106442,Paneer Tikka,Starters,2,460.00,46.00,20.70,20.00,454.70,414.00,UPI,Delivered
2026-07-28,SWG106443,Paneer Tikka,Starters,2,460.00,46.00,20.70,40.00,474.70,414.00,Debit Card,Delivered
2026-07-28,SWG106444,Paneer Butter Masala,Main Course,1,240.00,24.00,10.80,20.00,246.80,216.00,Cash,Delivered
2026-07-28,SWG106445,Paneer Tikka,Starters,1,230.00,0.00,11.50,40.00,281.50,230.00,Debit Card,Delivered
2026-07-28,SWG106446,Chicken Tikka,Starters,1,260.00,13.00,12.35,0.00,259.35,247.00,Debit Card,Delivered
2026-07-28,SWG106447,Gulab Jamun,Desserts,2,180.00,0.00,9.00,40.00,229.00,180.00,Debit Card,Delivered
2026-07-28,SWG106448,Masala Dosa,South Indian,1,140.00,7.00,6.65,40.00,179.65,0.00,UPI,Cancelled
2026-07-28,SWG106449,Veg Biryani,Biryani,1,180.00,18.00,8.10,40.00,210.10,162.00,Credit Card,Delivered
2026-07-28,SWG106450,Paneer Butter Masala,Main Course,2,480.00,0.00,24.00,40.00,544.00,480.00,UPI,Delivered
2026-07-28,SWG106451,Fried Rice,Rice & Noodles,1,170.00,17.00,7.65,40.00,200.65,153.00,UPI,Delivered
2026-07-28,SWG106452,Paneer Butter Masala,Main Course,1,240.00,12.00,11.40,0.00,239.40,228.00,Debit Card,Delivered
2026-07-29,SWG106453,Masala Dosa,South Indian,1,140.00,21.00,5.95,30.00,154.95,119.00,Credit Card,Delivered
2026-07-29,SWG106454,Veg Biryani,Biryani,1,180.00,9.00,8.55,30.00,209.55,0.00,Cash,Cancelled
2026-07-29,SWG106455,Veg Biryani,Biryani,1,180.00,27.00,7.65,0.00,160.65,153.00,Cash,Delivered
2026-07-29,SWG106456,Hakka Noodles,Rice & Noodles,2,360.00,18.00,17.10,30.00,389.10,342.00,UPI,Delivered
2026-07-29,SWG106457,Fried Rice,Rice & Noodles,2,340.00,34.00,15.30,0.00,321.30,306.00,UPI,Delivered
2026-07-29,SWG106458,Gulab Jamun,Desserts,1,90.00,0.00,4.50,0.00,94.50,90.00,UPI,Delivered
2026-07-29,SWG106459,Hakka Noodles,Rice & Noodles,1,180.00,27.00,7.65,40.00,200.65,153.00,UPI,Delivered
2026-07-29,SWG106460,Gulab Jamun,Desserts,1,90.00,0.00,4.50,30.00,124.50,90.00,Debit Card,Delivered
2026-07-29,SWG106461,Chicken Biryani,Biryani,1,220.00,33.00,9.35,20.00,216.35,187.00,Debit Card,Delivered
2026-07-29,SWG106462,Fried Rice,Rice & Noodles,1,170.00,25.50,7.23,40.00,191.73,144.50,Cash,Delivered
2026-07-29,SWG106463,Veg Biryani,Biryani,1,180.00,9.00,8.55,30.00,209.55,171.00,UPI,Delivered
2026-07-29,SWG106464,Paneer Butter Masala,Main Course,1,240.00,24.00,10.80,0.00,226.80,216.00,Cash,Delivered
2026-07-29,SWG106465,Butter Naan,Breads,1,60.00,0.00,3.00,0.00,63.00,60.00,Credit Card,Delivered
2026-07-29,SWG106466,Paneer Butter Masala,Main Course,2,480.00,24.00,22.80,0.00,478.80,456.00,Debit Card,Delivered
2026-07-29,SWG106467,Gulab Jamun,Desserts,1,90.00,4.50,4.28,20.00,109.78,85.50,UPI,Delivered
2026-07-29,SWG106468,Butter Naan,Breads,1,60.00,9.00,2.55,40.00,93.55,51.00,UPI,Delivered
2026-07-30,SWG106469,Veg Biryani,Biryani,1,180.00,18.00,8.10,40.00,210.10,162.00,Credit Card,Delivered
2026-07-30,SWG106470,Fried Rice,Rice & Noodles,1,170.00,17.00,7.65,0.00,160.65,153.00,Credit Card,Delivered
2026-07-30,SWG106471,Fried Rice,Rice & Noodles,1,170.00,25.50,7.23,20.00,171.73,144.50,Debit Card,Delivered
2026-07-30,SWG106472,Fried Rice,Rice & Noodles,1,170.00,25.50,7.23,30.00,181.73,144.50,UPI,Delivered
2026-07-30,SWG106473,Masala Dosa,South Indian,1,140.00,0.00,7.00,30.00,177.00,140.00,Cash,Delivered
2026-07-30,SWG106474,Gulab Jamun,Desserts,1,90.00,13.50,3.83,30.00,110.33,76.50,Cash,Delivered
2026-07-30,SWG106475,Paneer Butter Masala,Main Course,1,240.00,24.00,10.80,20.00,246.80,216.00,Debit Card,Delivered
2026-07-30,SWG106476,Gulab Jamun,Desserts,1,90.00,9.00,4.05,20.00,105.05,81.00,UPI,Delivered
2026-07-30,SWG106477,Gulab Jamun,Desserts,1,90.00,13.50,3.83,40.00,120.33,76.50,Credit Card,Delivered
2026-07-30,SWG106478,Paneer Tikka,Starters,1,230.00,11.50,10.93,40.00,269.43,218.50,Debit Card,Delivered
2026-07-30,SWG106479,Fried Rice,Rice & Noodles,1,170.00,0.00,8.50,40.00,218.50,170.00,UPI,Delivered
2026-07-30,SWG106480,Butter Naan,Breads,1,60.00,0.00,3.00,20.00,83.00,60.00,UPI,Delivered
2026-07-30,SWG106481,Paneer Butter Masala,Main Course,1,240.00,12.00,11.40,0.00,239.40,228.00,Cash,Delivered
2026-07-30,SWG106482,Chicken Tikka,Starters,1,260.00,0.00,13.00,20.00,293.00,260.00,Cash,Delivered
2026-07-30,SWG106483,Gulab Jamun,Desserts,1,90.00,9.00,4.05,0.00,85.05,81.00,Credit Card,Delivered
2026-07-30,SWG106484,Butter Naan,Breads,1,60.00,3.00,2.85,0.00,59.85,57.00,Credit Card,Delivered
2026-07-30,SWG106485,Hakka Noodles,Rice & Noodles,2,360.00,54.00,15.30,0.00,321.30,306.00,Debit Card,Delivered
2026-07-30,SWG106486,Veg Biryani,Biryani,1,180.00,0.00,9.00,20.00,209.00,180.00,Debit Card,Delivered
2026-07-30,SWG106487,Hakka Noodles,Rice & Noodles,2,360.00,18.00,17.10,40.00,399.10,342.00,UPI,Delivered
2026-07-30,SWG106488,Veg Biryani,Biryani,2,360.00,0.00,18.00,40.00,418.00,360.00,Credit Card,Delivered
2026-07-31,SWG106489,Butter Naan,Breads,1,60.00,0.00,3.00,0.00,63.00,60.00,Credit Card,Delivered
2026-07-31,SWG106490,Fried Rice,Rice & Noodles,1,170.00,0.00,8.50,20.00,198.50,170.00,Cash,Delivered
2026-07-31,SWG106491,Hakka Noodles,Rice & Noodles,1,180.00,9.00,8.55,0.00,179.55,171.00,Debit Card,Delivered
2026-07-31,SWG106492,Fried Rice,Rice & Noodles,2,340.00,17.00,16.15,0.00,339.15,323.00,Credit Card,Delivered
2026-07-31,SWG106493,Fried Rice,Rice & Noodles,1,170.00,17.00,7.65,30.00,190.65,153.00,Debit Card,Delivered
2026-07-31,SWG106494,Chicken Tikka,Starters,1,260.00,0.00,13.00,40.00,313.00,260.00,UPI,Delivered
2026-07-31,SWG106495,Chicken Biryani,Biryani,1,220.00,11.00,10.45,30.00,249.45,209.00,Credit Card,Delivered
2026-07-31,SWG106496,Veg Biryani,Biryani,2,360.00,0.00,18.00,0.00,378.00,360.00,UPI,Delivered
2026-07-31,SWG106497,Hakka Noodles,Rice & Noodles,2,360.00,18.00,17.10,30.00,389.10,342.00,Credit Card,Delivered
2026-07-31,SWG106498,Hakka Noodles,Rice & Noodles,1,180.00,27.00,7.65,20.00,180.65,153.00,Cash,Delivered
2026-07-31,SWG106499,Chicken Tikka,Starters,1,260.00,0.00,13.00,30.00,303.00,260.00,Debit Card,Delivered
2026-07-31,SWG106500,Paneer Butter Masala,Main Course,1,240.00,12.00,11.40,20.00,259.40,228.00,Cash,Delivered
2026-07-31,SWG106501,Chicken Biryani,Biryani,1,220.00,33.00,9.35,40.00,236.35,187.00,Cash,Delivered
2026-07-31,SWG106502,Veg Biryani,Biryani,2,360.00,18.00,17.10,0.00,359.10,342.00,UPI,Delivered
2026-07-31,SWG106503,Paneer Tikka,Starters,1,230.00,0.00,11.50,30.00,271.50,230.00,Credit Card,Delivered
2026-07-31,SWG106504,Chicken Biryani,Biryani,1,220.00,33.00,9.35,20.00,216.35,187.00,Credit Card,Delivered
2026-08-01,SWG106505,Fried Rice,Rice & Noodles,1,170.00,0.00,8.50,40.00,218.50,170.00,Credit Card,Delivered
2026-08-01,SWG106506,Fried Rice,Rice & Noodles,1,170.00,8.50,8.08,0.00,169.58,161.50,Credit Card,Delivered
2026-08-01,SWG106507,Chicken Biryani,Biryani,2,440.00,44.00,19.80,30.00,445.80,396.00,UPI,Delivered
2026-08-01,SWG106508,Fried Rice,Rice & Noodles,1,170.00,0.00,8.50,40.00,218.50,170.00,Debit Card,Delivered
2026-08-01,SWG106509,Fried Rice,Rice & Noodles,3,510.00,51.00,22.95,20.00,501.95,459.00,Debit Card,Delivered
2026-08-01,SWG106510,Fried Rice,Rice & Noodles,1,170.00,17.00,7.65,30.00,190.65,153.00,Cash,Delivered
2026-08-01,SWG106511,Chicken Tikka,Starters,2,520.00,0.00,26.00,30.00,576.00,520.00,Credit Card,Delivered
2026-08-01,SWG106512,Paneer Tikka,Starters,2,460.00,69.00,19.55,0.00,410.55,391.00,Cash,Delivered
2026-08-01,SWG106513,Butter Naan,Breads,2,120.00,0.00,6.00,30.00,156.00,120.00,UPI,Delivered
2026-08-01,SWG106514,Veg Biryani,Biryani,1,180.00,18.00,8.10,0.00,170.10,162.00,UPI,Delivered
2026-08-01,SWG106515,Gulab Jamun,Desserts,1,90.00,13.50,3.83,30.00,110.33,76.50,Cash,Delivered
2026-08-01,SWG106516,Chicken Tikka,Starters,3,780.00,117.00,33.15,0.00,696.15,663.00,Cash,Delivered
2026-08-01,SWG106517,Masala Dosa,South Indian,1,140.00,7.00,6.65,0.00,139.65,133.00,Debit Card,Delivered
2026-08-01,SWG106518,Chicken Biryani,Biryani,2,440.00,44.00,19.80,0.00,415.80,0.00,Debit Card,Cancelled
2026-08-01,SWG106519,Chicken Tikka,Starters,1,260.00,26.00,11.70,0.00,245.70,234.00,Credit Card,Delivered
2026-08-01,SWG106520,Chicken Biryani,Biryani,1,220.00,33.00,9.35,40.00,236.35,187.00,Credit Card,Delivered
2026-08-01,SWG106521,Chicken Biryani,Biryani,2,440.00,0.00,22.00,0.00,462.00,440.00,Debit Card,Delivered
2026-08-01,SWG106522,Paneer Butter Masala,Main Course,1,240.00,0.00,12.00,30.00,282.00,240.00,UPI,Delivered
2026-08-01,SWG106523,Paneer Tikka,Starters,1,230.00,0.00,11.50,0.00,241.50,230.00,Debit Card,Delivered
2026-08-01,SWG106524,Paneer Tikka,Starters,1,230.00,23.00,10.35,0.00,217.35,0.00,UPI,Cancelled
2026-08-01,SWG106525,Chicken Biryani,Biryani,2,440.00,0.00,22.00,0.00,462.00,440.00,Cash,Delivered
2026-08-01,SWG106526,Masala Dosa,South Indian,2,280.00,28.00,12.60,40.00,304.60,252.00,Credit Card,Delivered
2026-08-02,SWG106527,Masala Dosa,South Indian,1,140.00,21.00,5.95,30.00,154.95,119.00,Cash,Delivered
2026-08-02,SWG106528,Chicken Biryani,Biryani,1,220.00,11.00,10.45,30.00,249.45,209.00,Credit Card,Delivered
2026-08-02,SWG106529,Chicken Tikka,Starters,1,260.00,0.00,13.00,0.00,273.00,260.00,UPI,Delivered
2026-08-02,SWG106530,Fried Rice,Rice & Noodles,1,170.00,0.00,8.50,0.00,178.50,0.00,UPI,Cancelled
2026-08-02,SWG106531,Butter Naan,Breads,1,60.00,0.00,3.00,40.00,103.00,60.00,Debit Card,Delivered
2026-08-02,SWG106532,Chicken Biryani,Biryani,1,220.00,0.00,11.00,30.00,261.00,220.00,UPI,Delivered
2026-08-02,SWG106533,Masala Dosa,South Indian,1,140.00,14.00,6.30,0.00,132.30,126.00,UPI,Delivered
2026-08-02,SWG106534,Fried Rice,Rice & Noodles,1,170.00,25.50,7.23,30.00,181.73,144.50,Cash,Delivered
2026-08-02,SWG106535,Paneer Tikka,Starters,2,460.00,0.00,23.00,0.00,483.00,460.00,Credit Card,Delivered
2026-08-02,SWG106536,Butter Naan,Breads,1,60.00,0.00,3.00,40.00,103.00,60.00,UPI,Delivered
2026-08-02,SWG106537,Butter Naan,Breads,1,60.00,9.00,2.55,0.00,53.55,51.00,Debit Card,Delivered
2026-08-02,SWG106538,Masala Dosa,South Indian,1,140.00,21.00,5.95,30.00,154.95,119.00,Credit Card,Delivered
2026-08-02,SWG106539,Masala Dosa,South Indian,1,140.00,0.00,7.00,20.00,167.00,140.00,UPI,Delivered
2026-08-02,SWG106540,Paneer Butter Masala,Main Course,2,480.00,24.00,22.80,40.00,518.80,456.00,Debit Card,Delivered
2026-08-02,SWG106541,Masala Dosa,South Indian,2,280.00,14.00,13.30,40.00,319.30,266.00,Debit Card,Delivered
2026-08-02,SWG106542,Gulab Jamun,Desserts,1,90.00,9.00,4.05,30.00,115.05,0.00,Debit Card,Cancelled
2026-08-02,SWG106543,Chicken Biryani,Biryani,2,440.00,44.00,19.80,40.00,455.80,396.00,Debit Card,Delivered
2026-08-02,SWG106544,Paneer Tikka,Starters,1,230.00,11.50,10.93,30.00,259.43,218.50,Cash,Delivered
2026-08-02,SWG106545,Hakka Noodles,Rice & Noodles,1,180.00,27.00,7.65,20.00,180.65,153.00,Cash,Delivered
2026-08-02,SWG106546,Paneer Tikka,Starters,2,460.00,69.00,19.55,20.00,430.55,391.00,UPI,Delivered
2026-08-02,SWG106547,Chicken Tikka,Starters,1,260.00,13.00,12.35,30.00,289.35,247.00,UPI,Delivered
2026-08-02,SWG106548,Hakka Noodles,Rice & Noodles,1,180.00,27.00,7.65,20.00,180.65,153.00,Cash,Delivered
2026-08-02,SWG106549,Masala Dosa,South Indian,1,140.00,21.00,5.95,40.00,164.95,119.00,Cash,Delivered
2026-08-03,SWG106550,Paneer Butter Masala,Main Course,1,240.00,12.00,11.40,30.00,269.40,228.00,Debit Card,Delivered
2026-08-03,SWG106551,Butter Naan,Breads,1,60.00,3.00,2.85,0.00,59.85,57.00,Cash,Delivered
2026-08-03,SWG106552,Chicken Biryani,Biryani,1,220.00,22.00,9.90,40.00,247.90,198.00,Cash,Delivered
2026-08-03,SWG106553,Chicken Tikka,Starters,1,260.00,0.00,13.00,30.00,303.00,260.00,Cash,Delivered
2026-08-03,SWG106554,Veg Biryani,Biryani,2,360.00,54.00,15.30,40.00,361.30,306.00,Debit Card,Delivered
2026-08-03,SWG106555,Masala Dosa,South Indian,2,280.00,42.00,11.90,40.00,289.90,238.00,UPI,Delivered
2026-08-03,SWG106556,Masala Dosa,South Indian,1,140.00,21.00,5.95,40.00,164.95,119.00,UPI,Delivered
2026-08-03,SWG106557,Butter Naan,Breads,3,180.00,0.00,9.00,0.00,189.00,180.00,Debit Card,Delivered
2026-08-03,SWG106558,Masala Dosa,South Indian,1,140.00,0.00,7.00,30.00,177.00,140.00,Debit Card,Delivered
2026-08-03,SWG106559,Butter Naan,Breads,1,60.00,3.00,2.85,40.00,99.85,57.00,Debit Card,Delivered
2026-08-03,SWG106560,Hakka Noodles,Rice & Noodles,1,180.00,18.00,8.10,30.00,200.10,162.00,Cash,Delivered
2026-08-03,SWG106561,Paneer Tikka,Starters,2,460.00,69.00,19.55,20.00,430.55,391.00,Debit Card,Delivered
2026-08-03,SWG106562,Masala Dosa,South Indian,3,420.00,0.00,21.00,30.00,471.00,420.00,Debit Card,Delivered
2026-08-03,SWG106563,Veg Biryani,Biryani,2,360.00,54.00,15.30,20.00,341.30,306.00,Cash,Delivered
2026-08-03,SWG106564,Butter Naan,Breads,1,60.00,3.00,2.85,40.00,99.85,57.00,Debit Card,Delivered
2026-08-03,SWG106565,Hakka Noodles,Rice & Noodles,2,360.00,54.00,15.30,0.00,321.30,306.00,Debit Card,Delivered
2026-08-03,SWG106566,Butter Naan,Breads,1,60.00,9.00,2.55,40.00,93.55,51.00,Cash,Delivered
2026-08-03,SWG106567,Paneer Tikka,Starters,2,460.00,0.00,23.00,20.00,503.00,460.00,Cash,Delivered
2026-08-04,SWG106568,Masala Dosa,South Indian,1,140.00,7.00,6.65,30.00,169.65,133.00,Debit Card,Delivered
2026-08-04,SWG106569,Chicken Biryani,Biryani,1,220.00,33.00,9.35,40.00,236.35,187.00,Cash,Delivered
2026-08-04,SWG106570,Chicken Tikka,Starters,1,260.00,39.00,11.05,40.00,272.05,221.00,Debit Card,Delivered
2026-08-04,SWG106571,Butter Naan,Breads,1,60.00,0.00,3.00,40.00,103.00,0.00,UPI,Cancelled
2026-08-04,SWG106572,Gulab Jamun,Desserts,1,90.00,4.50,4.28,40.00,129.78,85.50,UPI,Delivered
2026-08-04,SWG106573,Fried Rice,Rice & Noodles,2,340.00,34.00,15.30,20.00,341.30,306.00,UPI,Delivered
2026-08-04,SWG106574,Paneer Tikka,Starters,1,230.00,23.00,10.35,40.00,257.35,207.00,UPI,Delivered
2026-08-04,SWG106575,Fried Rice,Rice & Noodles,1,170.00,8.50,8.08,20.00,189.58,161.50,UPI,Delivered
2026-08-04,SWG106576,Chicken Biryani,Biryani,1,220.00,11.00,10.45,20.00,239.45,209.00,Debit Card,Delivered
2026-08-04,SWG106577,Gulab Jamun,Desserts,1,90.00,4.50,4.28,40.00,129.78,85.50,Credit Card,Delivered
2026-08-04,SWG106578,Paneer Tikka,Starters,1,230.00,11.50,10.93,30.00,259.43,218.50,UPI,Delivered
2026-08-05,SWG106579,Paneer Tikka,Starters,1,230.00,23.00,10.35,0.00,217.35,207.00,Credit Card,Delivered
2026-08-05,SWG106580,Gulab Jamun,Desserts,2,180.00,27.00,7.65,30.00,190.65,153.00,UPI,Delivered
2026-08-05,SWG106581,Paneer Butter Masala,Main Course,1,240.00,36.00,10.20,0.00,214.20,204.00,Debit Card,Delivered
2026-08-05,SWG106582,Gulab Jamun,Desserts,1,90.00,0.00,4.50,20.00,114.50,90.00,Credit Card,Delivered
2026-08-05,SWG106583,Veg Biryani,Biryani,1,180.00,0.00,9.00,30.00,219.00,180.00,Cash,Delivered
2026-08-05,SWG106584,Paneer Tikka,Starters,1,230.00,23.00,10.35,20.00,237.35,207.00,Debit Card,Delivered
2026-08-05,SWG106585,Veg Biryani,Biryani,1,180.00,9.00,8.55,40.00,219.55,171.00,Debit Card,Delivered
2026-08-05,SWG106586,Butter Naan,Breads,1,60.00,6.00,2.70,40.00,96.70,54.00,Cash,Delivered
2026-08-05,SWG106587,Veg Biryani,Biryani,1,180.00,18.00,8.10,0.00,170.10,162.00,UPI,Delivered
2026-08-05,SWG106588,Butter Naan,Breads,2,120.00,18.00,5.10,20.00,127.10,102.00,UPI,Delivered
2026-08-05,SWG106589,Fried Rice,Rice & Noodles,1,170.00,0.00,8.50,40.00,218.50,170.00,UPI,Delivered
2026-08-05,SWG106590,Chicken Tikka,Starters,1,260.00,13.00,12.35,40.00,299.35,247.00,Credit Card,Delivered
2026-08-05,SWG106591,Masala Dosa,South Indian,2,280.00,28.00,12.60,20.00,284.60,252.00,Credit Card,Delivered
2026-08-05,SWG106592,Paneer Tikka,Starters,3,690.00,103.50,29.33,40.00,655.83,586.50,Credit Card,Delivered
2026-08-05,SWG106593,Hakka Noodles,Rice & Noodles,2,360.00,36.00,16.20,0.00,340.20,324.00,Cash,Delivered
2026-08-05,SWG106594,Fried Rice,Rice & Noodles,1,170.00,25.50,7.23,40.00,191.73,144.50,Cash,Delivered
2026-08-06,SWG106595,Gulab Jamun,Desserts,1,90.00,9.00,4.05,0.00,85.05,81.00,Credit Card,Delivered
2026-08-06,SWG106596,Gulab Jamun,Desserts,1,90.00,13.50,3.83,30.00,110.33,76.50,Debit Card,Delivered
2026-08-06,SWG106597,Paneer Butter Masala,Main Course,1,240.00,36.00,10.20,20.00,234.20,204.00,UPI,Delivered
2026-08-06,SWG106598,Butter Naan,Breads,1,60.00,0.00,3.00,30.00,93.00,60.00,UPI,Delivered
2026-08-06,SWG106599,Fried Rice,Rice & Noodles,2,340.00,0.00,17.00,20.00,377.00,340.00,Debit Card,Delivered
2026-08-06,SWG106600,Veg Biryani,Biryani,2,360.00,18.00,17.10,40.00,399.10,342.00,Credit Card,Delivered
2026-08-06,SWG106601,Paneer Tikka,Starters,1,230.00,0.00,11.50,30.00,271.50,230.00,Credit Card,Delivered
2026-08-06,SWG106602,Chicken Tikka,Starters,1,260.00,0.00,13.00,20.00,293.00,260.00,UPI,Delivered
2026-08-06,SWG106603,Paneer Butter Masala,Main Course,1,240.00,0.00,12.00,30.00,282.00,240.00,Debit Card,Delivered
2026-08-06,SWG106604,Paneer Tikka,Starters,1,230.00,11.50,10.93,0.00,229.43,218.50,Cash,Delivered
2026-08-06,SWG106605,Chicken Biryani,Biryani,1,220.00,0.00,11.00,40.00,271.00,220.00,Credit Card,Delivered
2026-08-06,SWG106606,Paneer Butter Masala,Main Course,2,480.00,72.00,20.40,30.00,458.40,408.00,UPI,Delivered
2026-08-06,SWG106607,Fried Rice,Rice & Noodles,3,510.00,0.00,25.50,20.00,555.50,510.00,Cash,Delivered
2026-08-06,SWG106608,Veg Biryani,Biryani,1,180.00,9.00,8.55,40.00,219.55,171.00,UPI,Delivered
2026-08-06,SWG106609,Paneer Butter Masala,Main Course,2,480.00,0.00,24.00,0.00,504.00,480.00,Debit Card,Delivered
2026-08-06,SWG106610,Gulab Jamun,Desserts,1,90.00,4.50,4.28,0.00,89.78,85.50,Credit Card,Delivered
2026-08-06,SWG106611,Butter Naan,Breads,2,120.00,12.00,5.40,0.00,113.40,0.00,Cash,Cancelled
2026-08-07,SWG106612,Chicken Tikka,Starters,1,260.00,39.00,11.05,40.00,272.05,221.00,Debit Card,Delivered
2026-08-07,SWG106613,Paneer Butter Masala,Main Course,3,720.00,72.00,32.40,20.00,700.40,648.00,UPI,Delivered
2026-08-07,SWG106614,Masala Dosa,South Indian,2,280.00,0.00,14.00,0.00,294.00,280.00,UPI,Delivered
2026-08-07,SWG106615,Chicken Biryani,Biryani,3,660.00,66.00,29.70,0.00,623.70,594.00,Debit Card,Delivered
2026-08-07,SWG106616,Veg Biryani,Biryani,2,360.00,0.00,18.00,30.00,408.00,360.00,Cash,Delivered
2026-08-07,SWG106617,Chicken Biryani,Biryani,2,440.00,22.00,20.90,40.00,478.90,418.00,Credit Card,Delivered
2026-08-07,SWG106618,Masala Dosa,South Indian,2,280.00,42.00,11.90,40.00,289.90,238.00,Cash,Delivered
2026-08-07,SWG106619,Chicken Biryani,Biryani,2,440.00,44.00,19.80,30.00,445.80,396.00,Debit Card,Delivered
2026-08-07,SWG106620,Fried Rice,Rice & Noodles,1,170.00,17.00,7.65,20.00,180.65,153.00,Cash,Delivered
2026-08-07,SWG106621,Masala Dosa,South Indian,2,280.00,42.00,11.90,30.00,279.90,238.00,Cash,Delivered
2026-08-07,SWG106622,Paneer Butter Masala,Main Course,2,480.00,72.00,20.40,30.00,458.40,408.00,UPI,Delivered
2026-08-07,SWG106623,Hakka Noodles,Rice & Noodles,1,180.00,27.00,7.65,0.00,160.65,153.00,Debit Card,Delivered
2026-08-07,SWG106624,Hakka Noodles,Rice & Noodles,1,180.00,0.00,9.00,40.00,229.00,180.00,UPI,Delivered
2026-08-07,SWG106625,Paneer Butter Masala,Main Course,1,240.00,24.00,10.80,30.00,256.80,216.00,UPI,Delivered
2026-08-07,SWG106626,Hakka Noodles,Rice & Noodles,1,180.00,27.00,7.65,40.00,200.65,153.00,Debit Card,Delivered
2026-08-07,SWG106627,Chicken Biryani,Biryani,1,220.00,22.00,9.90,0.00,207.90,198.00,Debit Card,Delivered
2026-08-07,SWG106628,Butter Naan,Breads,1,60.00,6.00,2.70,20.00,76.70,54.00,Cash,Delivered
2026-08-07,SWG106629,Chicken Biryani,Biryani,1,220.00,0.00,11.00,30.00,261.00,220.00,UPI,Delivered
2026-08-07,SWG106630,Chicken Tikka,Starters,2,520.00,26.00,24.70,40.00,558.70,494.00,Cash,Delivered
2026-08-07,SWG106631,Butter Naan,Breads,1,60.00,6.00,2.70,40.00,96.70,54.00,Credit Card,Delivered
2026-08-07,SWG106632,Masala Dosa,South Indian,1,140.00,0.00,7.00,30.00,177.00,140.00,UPI,Delivered
2026-08-07,SWG106633,Fried Rice,Rice & Noodles,3,510.00,0.00,25.50,40.00,575.50,510.00,UPI,Delivered
2026-08-07,SWG106634,Paneer Tikka,Starters,1,230.00,23.00,10.35,20.00,237.35,207.00,Cash,Delivered
2026-08-07,SWG106635,Butter Naan,Breads,1,60.00,3.00,2.85,40.00,99.85,57.00,UPI,Delivered
2026-08-07,SWG106636,Chicken Biryani,Biryani,1,220.00,0.00,11.00,40.00,271.00,220.00,Debit Card,Delivered
2026-08-07,SWG106637,Chicken Biryani,Biryani,1,220.00,33.00,9.35,40.00,236.35,187.00,Cash,Delivered
2026-08-08,SWG106638,Chicken Tikka,Starters,2,520.00,0.00,26.00,0.00,546.00,520.00,Cash,Delivered
2026-08-08,SWG106639,Fried Rice,Rice & Noodles,1,170.00,8.50,8.08,30.00,199.58,0.00,Debit Card,Cancelled
2026-08-08,SWG106640,Fried Rice,Rice & Noodles,1,170.00,25.50,7.23,40.00,191.73,144.50,UPI,Delivered
2026-08-08,SWG106641,Paneer Tikka,Starters,1,230.00,11.50,10.93,0.00,229.43,218.50,Credit Card,Delivered
2026-08-08,SWG106642,Butter Naan,Breads,1,60.00,3.00,2.85,30.00,89.85,57.00,UPI,Delivered
2026-08-08,SWG106643,Masala Dosa,South Indian,1,140.00,7.00,6.65,0.00,139.65,133.00,Cash,Delivered
2026-08-08,SWG106644,Butter Naan,Breads,1,60.00,9.00,2.55,20.00,73.55,51.00,Cash,Delivered
2026-08-08,SWG106645,Masala Dosa,South Indian,2,280.00,0.00,14.00,0.00,294.00,280.00,UPI,Delivered
2026-08-08,SWG106646,Chicken Tikka,Starters,1,260.00,26.00,11.70,30.00,275.70,234.00,Cash,Delivered
2026-08-08,SWG106647,Gulab Jamun,Desserts,1,90.00,0.00,4.50,0.00,94.50,90.00,Credit Card,Delivered
2026-08-08,SWG106648,Chicken Tikka,Starters,2,520.00,26.00,24.70,0.00,518.70,494.00,Cash,Delivered
2026-08-08,SWG106649,Paneer Butter Masala,Main Course,1,240.00,0.00,12.00,20.00,272.00,240.00,UPI,Delivered
2026-08-08,SWG106650,Paneer Butter Masala,Main Course,2,480.00,24.00,22.80,0.00,478.80,456.00,Cash,Delivered
2026-08-08,SWG106651,Veg Biryani,Biryani,1,180.00,9.00,8.55,30.00,209.55,171.00,Debit Card,Delivered
2026-08-08,SWG106652,Gulab Jamun,Desserts,1,90.00,0.00,4.50,40.00,134.50,90.00,Cash,Delivered
2026-08-08,SWG106653,Paneer Butter Masala,Main Course,1,240.00,36.00,10.20,20.00,234.20,0.00,Cash,Cancelled
2026-08-08,SWG106654,Chicken Tikka,Starters,1,260.00,39.00,11.05,20.00,252.05,221.00,UPI,Delivered
2026-08-08,SWG106655,Butter Naan,Breads,2,120.00,6.00,5.70,40.00,159.70,114.00,Credit Card,Delivered
2026-08-08,SWG106656,Butter Naan,Breads,2,120.00,6.00,5.70,20.00,139.70,114.00,Debit Card,Delivered
2026-08-08,SWG106657,Chicken Tikka,Starters,1,260.00,0.00,13.00,40.00,313.00,260.00,UPI,Delivered
2026-08-08,SWG106658,Gulab Jamun,Desserts,1,90.00,13.50,3.83,20.00,100.33,76.50,Cash,Delivered
2026-08-08,SWG106659,Paneer Butter Masala,Main Course,2,480.00,24.00,22.80,30.00,508.80,456.00,UPI,Delivered
2026-08-08,SWG106660,Chicken Biryani,Biryani,1,220.00,33.00,9.35,40.00,236.35,187.00,Debit Card,Delivered
2026-08-08,SWG106661,Hakka Noodles,Rice & Noodles,1,180.00,9.00,8.55,20.00,199.55,171.00,UPI,Delivered
2026-08-09,SWG106662,Chicken Tikka,Starters,2,520.00,78.00,22.10,0.00,464.10,442.00,Cash,Delivered
2026-08-09,SWG106663,Chicken Biryani,Biryani,1,220.00,11.00,10.45,40.00,259.45,209.00,UPI,Delivered
2026-08-09,SWG106664,Masala Dosa,South Indian,1,140.00,0.00,7.00,30.00,177.00,140.00,Credit Card,Delivered
2026-08-09,SWG106665,Chicken Biryani,Biryani,1,220.00,0.00,11.00,20.00,251.00,220.00,UPI,Delivered
2026-08-09,SWG106666,Butter Naan,Breads,2,120.00,18.00,5.10,30.00,137.10,102.00,Credit Card,Delivered
2026-08-09,SWG106667,Chicken Biryani,Biryani,1,220.00,0.00,11.00,30.00,261.00,220.00,UPI,Delivered
2026-08-09,SWG106668,Paneer Butter Masala,Main Course,2,480.00,48.00,21.60,40.00,493.60,432.00,Cash,Delivered
2026-08-09,SWG106669,Veg Biryani,Biryani,2,360.00,0.00,18.00,30.00,408.00,360.00,Debit Card,Delivered
2026-08-09,SWG106670,Chicken Biryani,Biryani,1,220.00,11.00,10.45,30.00,249.45,209.00,Cash,Delivered
2026-08-09,SWG106671,Butter Naan,Breads,1,60.00,3.00,2.85,20.00,79.85,57.00,Credit Card,Delivered
2026-08-09,SWG106672,Hakka Noodles,Rice & Noodles,1,180.00,18.00,8.10,30.00,200.10,162.00,UPI,Delivered
2026-08-09,SWG106673,Veg Biryani,Biryani,1,180.00,18.00,8.10,40.00,210.10,162.00,Cash,Delivered
2026-08-09,SWG106674,Hakka Noodles,Rice & Noodles,1,180.00,18.00,8.10,0.00,170.10,162.00,UPI,Delivered
2026-08-09,SWG106675,Veg Biryani,Biryani,3,540.00,0.00,27.00,30.00,597.00,540.00,UPI,Delivered
2026-08-09,SWG106676,Chicken Tikka,Starters,1,260.00,26.00,11.70,0.00,245.70,234.00,UPI,Delivered
2026-08-09,SWG106677,Fried Rice,Rice & Noodles,1,170.00,0.00,8.50,30.00,208.50,170.00,Debit Card,Delivered
2026-08-09,SWG106678,Paneer Butter Masala,Main Course,1,240.00,12.00,11.40,20.00,259.40,228.00,Credit Card,Delivered
2026-08-09,SWG106679,Fried Rice,Rice & Noodles,1,170.00,8.50,8.08,40.00,209.58,161.50,Debit Card,Delivered
2026-08-09,SWG106680,Fried Rice,Rice & Noodles,1,170.00,25.50,7.23,20.00,171.73,144.50,Credit Card,Delivered
2026-08-09,SWG106681,Chicken Tikka,Starters,1,260.00,13.00,12.35,0.00,259.35,247.00,UPI,Delivered
2026-08-09,SWG106682,Chicken Tikka,Starters,1,260.00,39.00,11.05,0.00,232.05,221.00,Credit Card,Delivered
2026-08-09,SWG106683,Masala Dosa,South Indian,2,280.00,0.00,14.00,20.00,314.00,280.00,Debit Card,Delivered
2026-08-10,SWG106684,Gulab Jamun,Desserts,1,90.00,9.00,4.05,0.00,85.05,81.00,Cash,Delivered
2026-08-10,SWG106685,Paneer Tikka,Starters,1,230.00,11.50,10.93,40.00,269.43,218.50,Cash,Delivered
2026-08-10,SWG106686,Chicken Tikka,Starters,1,260.00,13.00,12.35,0.00,259.35,247.00,Debit Card,Delivered
2026-08-10,SWG106687,Gulab Jamun,Desserts,3,270.00,27.00,12.15,30.00,285.15,243.00,UPI,Delivered
2026-08-10,SWG106688,Chicken Tikka,Starters,1,260.00,26.00,11.70,0.00,245.70,234.00,Cash,Delivered
2026-08-10,SWG106689,Veg Biryani,Biryani,2,360.00,0.00,18.00,40.00,418.00,360.00,Cash,Delivered
2026-08-10,SWG106690,Paneer Tikka,Starters,2,460.00,23.00,21.85,0.00,458.85,437.00,UPI,Delivered
2026-08-10,SWG106691,Masala Dosa,South Indian,1,140.00,7.00,6.65,20.00,159.65,133.00,Credit Card,Delivered
2026-08-10,SWG106692,Paneer Butter Masala,Main Course,1,240.00,36.00,10.20,0.00,214.20,204.00,Debit Card,Delivered
2026-08-10,SWG106693,Chicken Biryani,Biryani,1,220.00,11.00,10.45,40.00,259.45,209.00,UPI,Delivered
2026-08-10,SWG106694,Chicken Biryani,Biryani,2,440.00,22.00,20.90,40.00,478.90,418.00,Cash,Delivered
2026-08-10,SWG106695,Hakka Noodles,Rice & Noodles,1,180.00,0.00,9.00,40.00,229.00,180.00,Cash,Delivered
2026-08-10,SWG106696,Chicken Biryani,Biryani,1,220.00,33.00,9.35,30.00,226.35,187.00,Cash,Delivered
2026-08-10,SWG106697,Paneer Tikka,Starters,1,230.00,0.00,11.50,30.00,271.50,230.00,Cash,Delivered
2026-08-10,SWG106698,Veg Biryani,Biryani,1,180.00,9.00,8.55,20.00,199.55,171.00,UPI,Delivered
2026-08-10,SWG106699,Gulab Jamun,Desserts,1,90.00,0.00,4.50,20.00,114.50,90.00,Cash,Delivered
2026-08-10,SWG106700,Chicken Biryani,Biryani,1,220.00,33.00,9.35,30.00,226.35,187.00,Cash,Delivered
2026-08-10,SWG106701,Butter Naan,Breads,1,60.00,9.00,2.55,20.00,73.55,51.00,Credit Card,Delivered
2026-08-10,SWG106702,Hakka Noodles,Rice & Noodles,1,180.00,0.00,9.00,40.00,229.00,180.00,Cash,Delivered
2026-08-11,SWG106703,Paneer Tikka,Starters,2,460.00,0.00,23.00,20.00,503.00,460.00,UPI,Delivered
2026-08-11,SWG106704,Masala Dosa,South Indian,1,140.00,7.00,6.65,30.00,169.65,133.00,Debit Card,Delivered
2026-08-11,SWG106705,Paneer Tikka,Starters,1,230.00,0.00,11.50,40.00,281.50,230.00,UPI,Delivered
2026-08-11,SWG106706,Fried Rice,Rice & Noodles,1,170.00,8.50,8.08,30.00,199.58,161.50,Cash,Delivered
2026-08-11,SWG106707,Gulab Jamun,Desserts,1,90.00,4.50,4.28,0.00,89.78,85.50,UPI,Delivered
2026-08-11,SWG106708,Hakka Noodles,Rice & Noodles,1,180.00,0.00,9.00,30.00,219.00,180.00,Debit Card,Delivered
2026-08-11,SWG106709,Masala Dosa,South Indian,2,280.00,42.00,11.90,0.00,249.90,238.00,Debit Card,Delivered
2026-08-11,SWG106710,Hakka Noodles,Rice & Noodles,1,180.00,18.00,8.10,40.00,210.10,162.00,Debit Card,Delivered
2026-08-11,SWG106711,Hakka Noodles,Rice & Noodles,1,180.00,27.00,7.65,20.00,180.65,153.00,Credit Card,Delivered
2026-08-11,SWG106712,Paneer Butter Masala,Main Course,1,240.00,0.00,12.00,40.00,292.00,240.00,Cash,Delivered
2026-08-11,SWG106713,Masala Dosa,South Indian,1,140.00,21.00,5.95,30.00,154.95,119.00,UPI,Delivered
2026-08-11,SWG106714,Hakka Noodles,Rice & Noodles,1,180.00,0.00,9.00,20.00,209.00,180.00,Credit Card,Delivered
2026-08-11,SWG106715,Chicken Tikka,Starters,1,260.00,13.00,12.35,40.00,299.35,247.00,Cash,Delivered
2026-08-11,SWG106716,Hakka Noodles,Rice & Noodles,1,180.00,0.00,9.00,30.00,219.00,0.00,UPI,Cancelled
2026-08-11,SWG106717,Chicken Tikka,Starters,2,520.00,52.00,23.40,40.00,531.40,468.00,UPI,Delivered
2026-08-11,SWG106718,Veg Biryani,Biryani,1,180.00,27.00,7.65,20.00,180.65,153.00,Debit Card,Delivered
2026-08-11,SWG106719,Butter Naan,Breads,3,180.00,0.00,9.00,40.00,229.00,180.00,Cash,Delivered
2026-08-11,SWG106720,Butter Naan,Breads,1,60.00,6.00,2.70,30.00,86.70,54.00,UPI,Delivered
2026-08-11,SWG106721,Fried Rice,Rice & Noodles,3,510.00,25.50,24.23,40.00,548.73,484.50,UPI,Delivered
2026-08-11,SWG106722,Chicken Tikka,Starters,1,260.00,39.00,11.05,40.00,272.05,221.00,UPI,Delivered
2026-08-11,SWG106723,Hakka Noodles,Rice & Noodles,1,180.00,0.00,9.00,40.00,229.00,180.00,Cash,Delivered
2026-08-12,SWG106724,Masala Dosa,South Indian,2,280.00,0.00,14.00,30.00,324.00,280.00,Debit Card,Delivered
2026-08-12,SWG106725,Paneer Tikka,Starters,3,690.00,34.50,32.77,0.00,688.27,655.50,Cash,Delivered
2026-08-12,SWG106726,Hakka Noodles,Rice & Noodles,1,180.00,27.00,7.65,30.00,190.65,153.00,Debit Card,Delivered
2026-08-12,SWG106727,Chicken Tikka,Starters,1,260.00,26.00,11.70,20.00,265.70,234.00,Cash,Delivered
2026-08-12,SWG106728,Paneer Tikka,Starters,1,230.00,11.50,10.93,0.00,229.43,0.00,Credit Card,Cancelled
2026-08-12,SWG106729,Butter Naan,Breads,3,180.00,27.00,7.65,40.00,200.65,153.00,UPI,Delivered
2026-08-12,SWG106730,Paneer Tikka,Starters,1,230.00,0.00,11.50,30.00,271.50,0.00,Debit Card,Cancelled
2026-08-12,SWG106731,Paneer Butter Masala,Main Course,1,240.00,12.00,11.40,40.00,279.40,228.00,Credit Card,Delivered
2026-08-12,SWG106732,Hakka Noodles,Rice & Noodles,1,180.00,9.00,8.55,20.00,199.55,171.00,Credit Card,Delivered
2026-08-12,SWG106733,Hakka Noodles,Rice & Noodles,1,180.00,27.00,7.65,20.00,180.65,153.00,Debit Card,Delivered
2026-08-12,SWG106734,Paneer Tikka,Starters,1,230.00,34.50,9.78,20.00,225.28,195.50,Cash,Delivered
2026-08-12,SWG106735,Paneer Butter Masala,Main Course,1,240.00,24.00,10.80,40.00,266.80,216.00,Debit Card,Delivered
2026-08-12,SWG106736,Hakka Noodles,Rice & Noodles,1,180.00,18.00,8.10,20.00,190.10,162.00,UPI,Delivered
2026-08-12,SWG106737,Masala Dosa,South Indian,2,280.00,14.00,13.30,40.00,319.30,266.00,Credit Card,Delivered
2026-08-12,SWG106738,Chicken Tikka,Starters,1,260.00,39.00,11.05,0.00,232.05,221.00,UPI,Delivered
2026-08-12,SWG106739,Butter Naan,Breads,2,120.00,18.00,5.10,30.00,137.10,102.00,UPI,Delivered
2026-08-12,SWG106740,Gulab Jamun,Desserts,2,180.00,0.00,9.00,30.00,219.00,180.00,UPI,Delivered
2026-08-12,SWG106741,Gulab Jamun,Desserts,2,180.00,0.00,9.00,0.00,189.00,180.00,UPI,Delivered
2026-08-13,SWG106742,Gulab Jamun,Desserts,2,180.00,18.00,8.10,30.00,200.10,162.00,Credit Card,Delivered
2026-08-13,SWG106743,Chicken Biryani,Biryani,1,220.00,33.00,9.35,30.00,226.35,187.00,Credit Card,Delivered
2026-08-13,SWG106744,Fried Rice,Rice & Noodles,1,170.00,8.50,8.08,0.00,169.58,161.50,Debit Card,Delivered
2026-08-13,SWG106745,Butter Naan,Breads,2,120.00,6.00,5.70,30.00,149.70,114.00,Cash,Delivered
2026-08-13,SWG106746,Veg Biryani,Biryani,1,180.00,9.00,8.55,20.00,199.55,171.00,Cash,Delivered
2026-08-13,SWG106747,Chicken Tikka,Starters,2,520.00,78.00,22.10,0.00,464.10,442.00,Cash,Delivered
2026-08-13,SWG106748,Chicken Biryani,Biryani,1,220.00,33.00,9.35,0.00,196.35,187.00,Cash,Delivered
2026-08-13,SWG106749,Paneer Butter Masala,Main Course,1,240.00,24.00,10.80,0.00,226.80,216.00,Debit Card,Delivered
2026-08-13,SWG106750,Chicken Biryani,Biryani,3,660.00,99.00,28.05,30.00,619.05,561.00,Cash,Delivered
2026-08-13,SWG106751,Paneer Tikka,Starters,2,460.00,46.00,20.70,20.00,454.70,414.00,Debit Card,Delivered
2026-08-13,SWG106752,Paneer Tikka,Starters,1,230.00,34.50,9.78,30.00,235.28,195.50,Debit Card,Delivered
2026-08-13,SWG106753,Veg Biryani,Biryani,1,180.00,27.00,7.65,30.00,190.65,153.00,Cash,Delivered
2026-08-13,SWG106754,Chicken Biryani,Biryani,1,220.00,22.00,9.90,30.00,237.90,198.00,Cash,Delivered
2026-08-13,SWG106755,Chicken Tikka,Starters,1,260.00,39.00,11.05,30.00,262.05,221.00,Credit Card,Delivered
2026-08-14,SWG106756,Chicken Biryani,Biryani,1,220.00,0.00,11.00,30.00,261.00,220.00,Credit Card,Delivered
2026-08-14,SWG106757,Hakka Noodles,Rice & Noodles,1,180.00,9.00,8.55,20.00,199.55,171.00,UPI,Delivered
2026-08-14,SWG106758,Paneer Tikka,Starters,2,460.00,46.00,20.70,20.00,454.70,414.00,Credit Card,Delivered
2026-08-14,SWG106759,Butter Naan,Breads,1,60.00,9.00,2.55,40.00,93.55,51.00,Debit Card,Delivered
2026-08-14,SWG106760,Masala Dosa,South Indian,1,140.00,7.00,6.65,30.00,169.65,133.00,Cash,Delivered
2026-08-14,SWG106761,Hakka Noodles,Rice & Noodles,1,180.00,27.00,7.65,30.00,190.65,153.00,UPI,Delivered
2026-08-14,SWG106762,Masala Dosa,South Indian,3,420.00,63.00,17.85,40.00,414.85,357.00,Cash,Delivered
2026-08-14,SWG106763,Masala Dosa,South Indian,2,280.00,42.00,11.90,20.00,269.90,238.00,Credit Card,Delivered
2026-08-14,SWG106764,Masala Dosa,South Indian,1,140.00,0.00,7.00,40.00,187.00,140.00,UPI,Delivered
2026-08-14,SWG106765,Chicken Biryani,Biryani,1,220.00,33.00,9.35,30.00,226.35,187.00,Credit Card,Delivered
2026-08-14,SWG106766,Gulab Jamun,Desserts,1,90.00,4.50,4.28,0.00,89.78,85.50,Debit Card,Delivered
2026-08-14,SWG106767,Butter Naan,Breads,1,60.00,3.00,2.85,40.00,99.85,57.00,Debit Card,Delivered
2026-08-14,SWG106768,Gulab Jamun,Desserts,1,90.00,0.00,4.50,20.00,114.50,90.00,UPI,Delivered
2026-08-14,SWG106769,Chicken Biryani,Biryani,1,220.00,22.00,9.90,40.00,247.90,198.00,UPI,Delivered
2026-08-14,SWG106770,Chicken Tikka,Starters,2,520.00,52.00,23.40,20.00,511.40,468.00,Debit Card,Delivered
2026-08-14,SWG106771,Paneer Tikka,Starters,1,230.00,0.00,11.50,20.00,261.50,0.00,Credit Card,Cancelled
2026-08-14,SWG106772,Masala Dosa,South Indian,1,140.00,14.00,6.30,30.00,162.30,126.00,Cash,Delivered
2026-08-14,SWG106773,Chicken Biryani,Biryani,1,220.00,0.00,11.00,40.00,271.00,220.00,Credit Card,Delivered
2026-08-14,SWG106774,Paneer Butter Masala,Main Course,2,480.00,24.00,22.80,30.00,508.80,456.00,Debit Card,Delivered
2026-08-14,SWG106775,Veg Biryani,Biryani,1,180.00,27.00,7.65,30.00,190.65,153.00,UPI,Delivered
2026-08-14,SWG106776,Fried Rice,Rice & Noodles,1,170.00,0.00,8.50,20.00,198.50,170.00,UPI,Delivered
2026-08-14,SWG106777,Paneer Butter Masala,Main Course,2,480.00,24.00,22.80,40.00,518.80,456.00,Credit Card,Delivered
2026-08-14,SWG106778,Paneer Butter Masala,Main Course,3,720.00,0.00,36.00,30.00,786.00,720.00,Cash,Delivered
2026-08-14,SWG106779,Hakka Noodles,Rice & Noodles,1,180.00,9.00,8.55,40.00,219.55,171.00,Cash,Delivered
2026-08-15,SWG106780,Chicken Biryani,Biryani,1,220.00,22.00,9.90,0.00,207.90,198.00,Credit Card,Delivered
2026-08-15,SWG106781,Paneer Tikka,Starters,1,230.00,11.50,10.93,40.00,269.43,218.50,Debit Card,Delivered
2026-08-15,SWG106782,Veg Biryani,Biryani,1,180.00,18.00,8.10,40.00,210.10,162.00,Cash,Delivered
2026-08-15,SWG106783,Gulab Jamun,Desserts,1,90.00,9.00,4.05,40.00,125.05,81.00,Credit Card,Delivered
2026-08-15,SWG106784,Fried Rice,Rice & Noodles,1,170.00,25.50,7.23,40.00,191.73,144.50,Credit Card,Delivered
2026-08-15,SWG106785,Veg Biryani,Biryani,1,180.00,27.00,7.65,20.00,180.65,153.00,UPI,Delivered
2026-08-15,SWG106786,Hakka Noodles,Rice & Noodles,1,180.00,18.00,8.10,30.00,200.10,162.00,Credit Card,Delivered
2026-08-15,SWG106787,Hakka Noodles,Rice & Noodles,2,360.00,54.00,15.30,20.00,341.30,306.00,Cash,Delivered
2026-08-15,SWG106788,Butter Naan,Breads,1,60.00,0.00,3.00,0.00,63.00,60.00,Debit Card,Delivered
2026-08-15,SWG106789,Paneer Butter Masala,Main Course,1,240.00,24.00,10.80,20.00,246.80,216.00,Debit Card,Delivered
2026-08-15,SWG106790,Fried Rice,Rice & Noodles,2,340.00,51.00,14.45,0.00,303.45,289.00,Debit Card,Delivered
2026-08-15,SWG106791,Veg Biryani,Biryani,1,180.00,9.00,8.55,0.00,179.55,0.00,Cash,Cancelled
2026-08-15,SWG106792,Gulab Jamun,Desserts,2,180.00,9.00,8.55,0.00,179.55,171.00,Credit Card,Delivered
2026-08-15,SWG106793,Masala Dosa,South Indian,2,280.00,28.00,12.60,40.00,304.60,252.00,Cash,Delivered
2026-08-15,SWG106794,Paneer Butter Masala,Main Course,2,480.00,72.00,20.40,30.00,458.40,408.00,Credit Card,Delivered
2026-08-15,SWG106795,Paneer Butter Masala,Main Course,2,480.00,0.00,24.00,0.00,504.00,480.00,Cash,Delivered
2026-08-15,SWG106796,Masala Dosa,South Indian,1,140.00,14.00,6.30,40.00,172.30,126.00,UPI,Delivered
2026-08-15,SWG106797,Chicken Tikka,Starters,1,260.00,13.00,12.35,30.00,289.35,247.00,UPI,Delivered
2026-08-15,SWG106798,Paneer Tikka,Starters,1,230.00,0.00,11.50,30.00,271.50,230.00,Cash,Delivered
2026-08-15,SWG106799,Paneer Tikka,Starters,3,690.00,34.50,32.77,20.00,708.27,655.50,Cash,Delivered
2026-08-15,SWG106800,Gulab Jamun,Desserts,2,180.00,9.00,8.55,40.00,219.55,171.00,Cash,Delivered
2026-08-15,SWG106801,Butter Naan,Breads,1,60.00,9.00,2.55,30.00,83.55,51.00,UPI,Delivered
2026-08-15,SWG106802,Chicken Tikka,Starters,1,260.00,26.00,11.70,20.00,265.70,234.00,Credit Card,Delivered
2026-08-16,SWG106803,Chicken Biryani,Biryani,1,220.00,33.00,9.35,20.00,216.35,187.00,Debit Card,Delivered
2026-08-16,SWG106804,Masala Dosa,South Indian,1,140.00,14.00,6.30,0.00,132.30,126.00,Cash,Delivered
2026-08-16,SWG106805,Masala Dosa,South Indian,1,140.00,21.00,5.95,20.00,144.95,119.00,Credit Card,Delivered
2026-08-16,SWG106806,Hakka Noodles,Rice & Noodles,1,180.00,9.00,8.55,40.00,219.55,171.00,UPI,Delivered
2026-08-16,SWG106807,Chicken Tikka,Starters,1,260.00,13.00,12.35,40.00,299.35,247.00,UPI,Delivered
2026-08-16,SWG106808,Fried Rice,Rice & Noodles,1,170.00,0.00,8.50,20.00,198.50,170.00,UPI,Delivered
2026-08-16,SWG106809,Chicken Biryani,Biryani,2,440.00,0.00,22.00,40.00,502.00,440.00,UPI,Delivered
2026-08-16,SWG106810,Fried Rice,Rice & Noodles,1,170.00,0.00,8.50,30.00,208.50,170.00,Debit Card,Delivered
2026-08-16,SWG106811,Paneer Tikka,Starters,1,230.00,0.00,11.50,40.00,281.50,230.00,Cash,Delivered
2026-08-16,SWG106812,Paneer Tikka,Starters,2,460.00,0.00,23.00,30.00,513.00,460.00,Debit Card,Delivered
2026-08-16,SWG106813,Veg Biryani,Biryani,1,180.00,0.00,9.00,0.00,189.00,180.00,Credit Card,Delivered
2026-08-16,SWG106814,Paneer Tikka,Starters,1,230.00,23.00,10.35,40.00,257.35,207.00,Debit Card,Delivered
2026-08-16,SWG106815,Fried Rice,Rice & Noodles,1,170.00,25.50,7.23,30.00,181.73,144.50,Credit Card,Delivered
2026-08-16,SWG106816,Butter Naan,Breads,1,60.00,9.00,2.55,40.00,93.55,0.00,UPI,Cancelled
2026-08-16,SWG106817,Chicken Biryani,Biryani,1,220.00,33.00,9.35,30.00,226.35,187.00,Credit Card,Delivered
2026-08-16,SWG106818,Veg Biryani,Biryani,1,180.00,18.00,8.10,40.00,210.10,162.00,Credit Card,Delivered
2026-08-16,SWG106819,Paneer Butter Masala,Main Course,1,240.00,36.00,10.20,0.00,214.20,204.00,UPI,Delivered
2026-08-16,SWG106820,Paneer Tikka,Starters,3,690.00,69.00,31.05,20.00,672.05,621.00,Cash,Delivered
2026-08-16,SWG106821,Veg Biryani,Biryani,2,360.00,0.00,18.00,30.00,408.00,360.00,Debit Card,Delivered
2026-08-16,SWG106822,Butter Naan,Breads,1,60.00,0.00,3.00,40.00,103.00,60.00,UPI,Delivered
2026-08-16,SWG106823,Paneer Tikka,Starters,1,230.00,11.50,10.93,0.00,229.43,218.50,Cash,Delivered
2026-08-16,SWG106824,Paneer Butter Masala,Main Course,1,240.00,0.00,12.00,40.00,292.00,240.00,UPI,Delivered
2026-08-17,SWG106825,Gulab Jamun,Desserts,1,90.00,13.50,3.83,40.00,120.33,76.50,UPI,Delivered
2026-08-17,SWG106826,Masala Dosa,South Indian,1,140.00,21.00,5.95,40.00,164.95,119.00,Cash,Delivered
2026-08-17,SWG106827,Veg Biryani,Biryani,1,180.00,18.00,8.10,40.00,210.10,162.00,Cash,Delivered
2026-08-17,SWG106828,Chicken Biryani,Biryani,1,220.00,22.00,9.90,40.00,247.90,198.00,Credit Card,Delivered
2026-08-17,SWG106829,Butter Naan,Breads,1,60.00,3.00,2.85,0.00,59.85,57.00,Cash,Delivered
2026-08-17,SWG106830,Hakka Noodles,Rice & Noodles,1,180.00,27.00,7.65,40.00,200.65,153.00,Credit Card,Delivered
2026-08-17,SWG106831,Masala Dosa,South Indian,2,280.00,42.00,11.90,30.00,279.90,238.00,Cash,Delivered
2026-08-17,SWG106832,Hakka Noodles,Rice & Noodles,1,180.00,9.00,8.55,40.00,219.55,0.00,Credit Card,Cancelled
2026-08-17,SWG106833,Veg Biryani,Biryani,1,180.00,0.00,9.00,40.00,229.00,180.00,Debit Card,Delivered
2026-08-17,SWG106834,Masala Dosa,South Indian,1,140.00,14.00,6.30,30.00,162.30,126.00,Credit Card,Delivered
2026-08-17,SWG106835,Veg Biryani,Biryani,1,180.00,9.00,8.55,0.00,179.55,171.00,Debit Card,Delivered
2026-08-17,SWG106836,Paneer Tikka,Starters,1,230.00,0.00,11.50,30.00,271.50,230.00,Credit Card,Delivered
2026-08-17,SWG106837,Hakka Noodles,Rice & Noodles,1,180.00,18.00,8.10,40.00,210.10,162.00,UPI,Delivered
2026-08-17,SWG106838,Veg Biryani,Biryani,1,180.00,27.00,7.65,30.00,190.65,153.00,Debit Card,Delivered
2026-08-17,SWG106839,Butter Naan,Breads,1,60.00,3.00,2.85,0.00,59.85,57.00,Cash,Delivered
2026-08-17,SWG106840,Veg Biryani,Biryani,1,180.00,0.00,9.00,20.00,209.00,180.00,UPI,Delivered
2026-08-18,SWG106841,Chicken Tikka,Starters,1,260.00,0.00,13.00,20.00,293.00,260.00,UPI,Delivered
2026-08-18,SWG106842,Chicken Biryani,Biryani,1,220.00,33.00,9.35,0.00,196.35,187.00,Debit Card,Delivered
2026-08-18,SWG106843,Masala Dosa,South Indian,1,140.00,0.00,7.00,30.00,177.00,140.00,UPI,Delivered
2026-08-18,SWG106844,Chicken Tikka,Starters,1,260.00,13.00,12.35,30.00,289.35,247.00,Cash,Delivered
2026-08-18,SWG106845,Hakka Noodles,Rice & Noodles,1,180.00,0.00,9.00,0.00,189.00,180.00,Credit Card,Delivered
2026-08-18,SWG106846,Paneer Tikka,Starters,2,460.00,0.00,23.00,0.00,483.00,460.00,Cash,Delivered
2026-08-18,SWG106847,Chicken Biryani,Biryani,1,220.00,0.00,11.00,30.00,261.00,220.00,UPI,Delivered
2026-08-18,SWG106848,Paneer Tikka,Starters,2,460.00,69.00,19.55,40.00,450.55,391.00,Cash,Delivered
2026-08-18,SWG106849,Fried Rice,Rice & Noodles,1,170.00,17.00,7.65,20.00,180.65,0.00,Cash,Cancelled
2026-08-18,SWG106850,Fried Rice,Rice & Noodles,1,170.00,0.00,8.50,30.00,208.50,170.00,Debit Card,Delivered
2026-08-18,SWG106851,Hakka Noodles,Rice & Noodles,1,180.00,0.00,9.00,30.00,219.00,180.00,Cash,Delivered
2026-08-18,SWG106852,Fried Rice,Rice & Noodles,1,170.00,17.00,7.65,40.00,200.65,153.00,UPI,Delivered
2026-08-18,SWG106853,Chicken Biryani,Biryani,1,220.00,11.00,10.45,0.00,219.45,209.00,Cash,Delivered
2026-08-18,SWG106854,Paneer Butter Masala,Main Course,1,240.00,36.00,10.20,20.00,234.20,204.00,Debit Card,Delivered
2026-08-18,SWG106855,Gulab Jamun,Desserts,1,90.00,13.50,3.83,40.00,120.33,76.50,UPI,Delivered
2026-08-18,SWG106856,Gulab Jamun,Desserts,1,90.00,9.00,4.05,20.00,105.05,81.00,Debit Card,Delivered
2026-08-18,SWG106857,Paneer Butter Masala,Main Course,1,240.00,0.00,12.00,0.00,252.00,240.00,Cash,Delivered
2026-08-18,SWG106858,Veg Biryani,Biryani,1,180.00,9.00,8.55,20.00,199.55,171.00,Cash,Delivered
2026-08-19,SWG106859,Hakka Noodles,Rice & Noodles,1,180.00,18.00,8.10,20.00,190.10,162.00,Credit Card,Delivered
2026-08-19,SWG106860,Veg Biryani,Biryani,1,180.00,18.00,8.10,30.00,200.10,162.00,Debit Card,Delivered
2026-08-19,SWG106861,Masala Dosa,South Indian,1,140.00,7.00,6.65,0.00,139.65,133.00,UPI,Delivered
2026-08-19,SWG106862,Paneer Butter Masala,Main Course,1,240.00,24.00,10.80,40.00,266.80,216.00,Debit Card,Delivered
2026-08-19,SWG106863,Paneer Butter Masala,Main Course,1,240.00,24.00,10.80,0.00,226.80,216.00,Debit Card,Delivered
2026-08-19,SWG106864,Chicken Tikka,Starters,2,520.00,26.00,24.70,20.00,538.70,494.00,Credit Card,Delivered
2026-08-19,SWG106865,Fried Rice,Rice & Noodles,1,170.00,8.50,8.08,40.00,209.58,161.50,Cash,Delivered
2026-08-19,SWG106866,Chicken Tikka,Starters,2,520.00,52.00,23.40,20.00,511.40,468.00,Credit Card,Delivered
2026-08-19,SWG106867,Butter Naan,Breads,1,60.00,6.00,2.70,20.00,76.70,54.00,Credit Card,Delivered
2026-08-19,SWG106868,Gulab Jamun,Desserts,1,90.00,13.50,3.83,40.00,120.33,76.50,Cash,Delivered
2026-08-19,SWG106869,Butter Naan,Breads,1,60.00,9.00,2.55,20.00,73.55,51.00,Debit Card,Delivered
2026-08-19,SWG106870,Chicken Biryani,Biryani,1,220.00,22.00,9.90,30.00,237.90,198.00,UPI,Delivered
2026-08-19,SWG106871,Masala Dosa,South Indian,2,280.00,14.00,13.30,30.00,309.30,266.00,Credit Card,Delivered
2026-08-19,SWG106872,Hakka Noodles,Rice & Noodles,1,180.00,18.00,8.10,30.00,200.10,162.00,Credit Card,Delivered
2026-08-19,SWG106873,Gulab Jamun,Desserts,1,90.00,13.50,3.83,0.00,80.33,76.50,Credit Card,Delivered
2026-08-19,SWG106874,Chicken Tikka,Starters,2,520.00,78.00,22.10,20.00,484.10,442.00,UPI,Delivered
2026-08-20,SWG106875,Chicken Tikka,Starters,1,260.00,13.00,12.35,20.00,279.35,247.00,Credit Card,Delivered
2026-08-20,SWG106876,Paneer Butter Masala,Main Course,3,720.00,108.00,30.60,30.00,672.60,612.00,UPI,Delivered
2026-08-20,SWG106877,Paneer Butter Masala,Main Course,1,240.00,12.00,11.40,40.00,279.40,228.00,Credit Card,Delivered
2026-08-20,SWG106878,Masala Dosa,South Indian,2,280.00,28.00,12.60,40.00,304.60,252.00,Debit Card,Delivered
2026-08-20,SWG106879,Paneer Tikka,Starters,2,460.00,69.00,19.55,20.00,430.55,391.00,UPI,Delivered
2026-08-20,SWG106880,Veg Biryani,Biryani,3,540.00,81.00,22.95,0.00,481.95,459.00,Debit Card,Delivered
2026-08-20,SWG106881,Veg Biryani,Biryani,1,180.00,0.00,9.00,20.00,209.00,180.00,Credit Card,Delivered
2026-08-20,SWG106882,Gulab Jamun,Desserts,1,90.00,9.00,4.05,40.00,125.05,81.00,Debit Card,Delivered
2026-08-20,SWG106883,Veg Biryani,Biryani,2,360.00,54.00,15.30,40.00,361.30,306.00,Debit Card,Delivered
2026-08-20,SWG106884,Chicken Tikka,Starters,1,260.00,26.00,11.70,40.00,285.70,234.00,Credit Card,Delivered
2026-08-20,SWG106885,Butter Naan,Breads,1,60.00,3.00,2.85,30.00,89.85,57.00,Debit Card,Delivered
2026-08-20,SWG106886,Masala Dosa,South Indian,2,280.00,14.00,13.30,40.00,319.30,266.00,UPI,Delivered
2026-08-20,SWG106887,Fried Rice,Rice & Noodles,1,170.00,25.50,7.23,0.00,151.73,144.50,Cash,Delivered
2026-08-21,SWG106888,Veg Biryani,Biryani,1,180.00,18.00,8.10,30.00,200.10,162.00,Cash,Delivered
2026-08-21,SWG106889,Hakka Noodles,Rice & Noodles,1,180.00,9.00,8.55,20.00,199.55,171.00,Credit Card,Delivered
2026-08-21,SWG106890,Gulab Jamun,Desserts,1,90.00,13.50,3.83,0.00,80.33,76.50,Credit Card,Delivered
2026-08-21,SWG106891,Fried Rice,Rice & Noodles,1,170.00,25.50,7.23,0.00,151.73,144.50,Credit Card,Delivered
2026-08-21,SWG106892,Paneer Tikka,Starters,1,230.00,0.00,11.50,30.00,271.50,230.00,Debit Card,Delivered
2026-08-21,SWG106893,Paneer Tikka,Starters,2,460.00,46.00,20.70,0.00,434.70,414.00,Cash,Delivered
2026-08-21,SWG106894,Gulab Jamun,Desserts,1,90.00,4.50,4.28,20.00,109.78,85.50,UPI,Delivered
2026-08-21,SWG106895,Hakka Noodles,Rice & Noodles,2,360.00,54.00,15.30,0.00,321.30,306.00,UPI,Delivered
2026-08-21,SWG106896,Chicken Biryani,Biryani,1,220.00,22.00,9.90,20.00,227.90,198.00,Credit Card,Delivered
2026-08-21,SWG106897,Paneer Tikka,Starters,1,230.00,34.50,9.78,0.00,205.28,195.50,Debit Card,Delivered
2026-08-21,SWG106898,Hakka Noodles,Rice & Noodles,1,180.00,18.00,8.10,30.00,200.10,162.00,Debit Card,Delivered
2026-08-21,SWG106899,Veg Biryani,Biryani,2,360.00,54.00,15.30,20.00,341.30,306.00,Credit Card,Delivered
2026-08-21,SWG106900,Butter Naan,Breads,1,60.00,9.00,2.55,40.00,93.55,51.00,Credit Card,Delivered
2026-08-21,SWG106901,Hakka Noodles,Rice & Noodles,2,360.00,18.00,17.10,0.00,359.10,342.00,UPI,Delivered
2026-08-21,SWG106902,Hakka Noodles,Rice & Noodles,1,180.00,18.00,8.10,20.00,190.10,162.00,Debit Card,Delivered
2026-08-21,SWG106903,Veg Biryani,Biryani,1,180.00,27.00,7.65,40.00,200.65,153.00,Cash,Delivered
2026-08-22,SWG106904,Hakka Noodles,Rice & Noodles,1,180.00,18.00,8.10,20.00,190.10,162.00,UPI,Delivered
2026-08-22,SWG106905,Hakka Noodles,Rice & Noodles,2,360.00,0.00,18.00,0.00,378.00,360.00,Cash,Delivered
2026-08-22,SWG106906,Masala Dosa,South Indian,1,140.00,0.00,7.00,20.00,167.00,140.00,Credit Card,Delivered
2026-08-22,SWG106907,Paneer Tikka,Starters,1,230.00,34.50,9.78,30.00,235.28,195.50,Credit Card,Delivered
2026-08-22,SWG106908,Chicken Biryani,Biryani,1,220.00,11.00,10.45,0.00,219.45,209.00,Cash,Delivered
2026-08-22,SWG106909,Hakka Noodles,Rice & Noodles,1,180.00,0.00,9.00,30.00,219.00,180.00,Credit Card,Delivered
2026-08-22,SWG106910,Butter Naan,Breads,1,60.00,6.00,2.70,0.00,56.70,54.00,Debit Card,Delivered
2026-08-22,SWG106911,Gulab Jamun,Desserts,2,180.00,0.00,9.00,40.00,229.00,180.00,Debit Card,Delivered
2026-08-22,SWG106912,Paneer Butter Masala,Main Course,1,240.00,12.00,11.40,40.00,279.40,228.00,Cash,Delivered
2026-08-22,SWG106913,Paneer Butter Masala,Main Course,1,240.00,0.00,12.00,0.00,252.00,240.00,Credit Card,Delivered
2026-08-22,SWG106914,Paneer Butter Masala,Main Course,2,480.00,0.00,24.00,0.00,504.00,480.00,Credit Card,Delivered
2026-08-22,SWG106915,Chicken Tikka,Starters,1,260.00,39.00,11.05,20.00,252.05,221.00,UPI,Delivered
2026-08-22,SWG106916,Paneer Butter Masala,Main Course,1,240.00,36.00,10.20,0.00,214.20,204.00,UPI,Delivered
2026-08-22,SWG106917,Gulab Jamun,Desserts,1,90.00,0.00,4.50,30.00,124.50,90.00,Cash,Delivered
2026-08-22,SWG106918,Paneer Butter Masala,Main Course,2,480.00,24.00,22.80,40.00,518.80,456.00,Cash,Delivered
2026-08-22,SWG106919,Fried Rice,Rice & Noodles,1,170.00,25.50,7.23,20.00,171.73,144.50,Debit Card,Delivered
2026-08-22,SWG106920,Chicken Tikka,Starters,1,260.00,0.00,13.00,40.00,313.00,260.00,Credit Card,Delivered
2026-08-22,SWG106921,Chicken Tikka,Starters,1,260.00,13.00,12.35,30.00,289.35,247.00,Cash,Delivered
2026-08-22,SWG106922,Butter Naan,Breads,1,60.00,6.00,2.70,0.00,56.70,54.00,Debit Card,Delivered
2026-08-23,SWG106923,Veg Biryani,Biryani,1,180.00,18.00,8.10,0.00,170.10,162.00,Debit Card,Delivered
2026-08-23,SWG106924,Paneer Butter Masala,Main Course,1,240.00,12.00,11.40,0.00,239.40,228.00,Cash,Delivered
2026-08-23,SWG106925,Veg Biryani,Biryani,1,180.00,9.00,8.55,30.00,209.55,0.00,Cash,Cancelled
2026-08-23,SWG106926,Masala Dosa,South Indian,1,140.00,7.00,6.65,30.00,169.65,133.00,Cash,Delivered
2026-08-23,SWG106927,Paneer Tikka,Starters,1,230.00,11.50,10.93,0.00,229.43,218.50,Cash,Delivered
2026-08-23,SWG106928,Veg Biryani,Biryani,1,180.00,18.00,8.10,40.00,210.10,162.00,Credit Card,Delivered
2026-08-23,SWG106929,Gulab Jamun,Desserts,1,90.00,9.00,4.05,0.00,85.05,81.00,UPI,Delivered
2026-08-23,SWG106930,Hakka Noodles,Rice & Noodles,1,180.00,27.00,7.65,20.00,180.65,153.00,Cash,Delivered
2026-08-23,SWG106931,Chicken Tikka,Starters,1,260.00,26.00,11.70,40.00,285.70,234.00,UPI,Delivered
2026-08-23,SWG106932,Masala Dosa,South Indian,1,140.00,0.00,7.00,0.00,147.00,140.00,Debit Card,Delivered
2026-08-23,SWG106933,Chicken Tikka,Starters,2,520.00,52.00,23.40,30.00,521.40,468.00,Debit Card,Delivered
2026-08-23,SWG106934,Butter Naan,Breads,1,60.00,0.00,3.00,0.00,63.00,60.00,Credit Card,Delivered
2026-08-23,SWG106935,Chicken Biryani,Biryani,1,220.00,22.00,9.90,0.00,207.90,198.00,UPI,Delivered
2026-08-23,SWG106936,Paneer Tikka,Starters,1,230.00,0.00,11.50,40.00,281.50,230.00,UPI,Delivered
2026-08-23,SWG106937,Fried Rice,Rice & Noodles,3,510.00,0.00,25.50,20.00,555.50,510.00,Cash,Delivered
2026-08-23,SWG106938,Fried Rice,Rice & Noodles,1,170.00,0.00,8.50,30.00,208.50,170.00,Cash,Delivered
2026-08-23,SWG106939,Butter Naan,Breads,1,60.00,6.00,2.70,20.00,76.70,54.00,Cash,Delivered
2026-08-23,SWG106940,Chicken Tikka,Starters,1,260.00,39.00,11.05,20.00,252.05,221.00,UPI,Delivered
2026-08-23,SWG106941,Masala Dosa,South Indian,2,280.00,42.00,11.90,0.00,249.90,238.00,Credit Card,Delivered
2026-08-23,SWG106942,Paneer Tikka,Starters,2,460.00,46.00,20.70,20.00,454.70,414.00,Cash,Delivered
2026-08-23,SWG106943,Masala Dosa,South Indian,1,140.00,14.00,6.30,20.00,152.30,126.00,Cash,Delivered
2026-08-24,SWG106944,Paneer Butter Masala,Main Course,1,240.00,36.00,10.20,30.00,244.20,204.00,UPI,Delivered
2026-08-24,SWG106945,Masala Dosa,South Indian,1,140.00,14.00,6.30,30.00,162.30,126.00,UPI,Delivered
2026-08-24,SWG106946,Chicken Biryani,Biryani,1,220.00,0.00,11.00,40.00,271.00,220.00,Debit Card,Delivered
2026-08-24,SWG106947,Masala Dosa,South Indian,1,140.00,14.00,6.30,40.00,172.30,126.00,Debit Card,Delivered
2026-08-24,SWG106948,Butter Naan,Breads,2,120.00,6.00,5.70,30.00,149.70,114.00,UPI,Delivered
2026-08-24,SWG106949,Chicken Biryani,Biryani,3,660.00,0.00,33.00,20.00,713.00,660.00,UPI,Delivered
2026-08-24,SWG106950,Hakka Noodles,Rice & Noodles,1,180.00,27.00,7.65,30.00,190.65,153.00,Credit Card,Delivered
2026-08-24,SWG106951,Veg Biryani,Biryani,1,180.00,27.00,7.65,30.00,190.65,153.00,UPI,Delivered
2026-08-24,SWG106952,Paneer Tikka,Starters,1,230.00,11.50,10.93,30.00,259.43,218.50,Debit Card,Delivered
2026-08-24,SWG106953,Veg Biryani,Biryani,1,180.00,0.00,9.00,20.00,209.00,180.00,UPI,Delivered
2026-08-24,SWG106954,Fried Rice,Rice & Noodles,1,170.00,8.50,8.08,0.00,169.58,161.50,Debit Card,Delivered
2026-08-24,SWG106955,Masala Dosa,South Indian,2,280.00,42.00,11.90,30.00,279.90,238.00,UPI,Delivered
2026-08-24,SWG106956,Paneer Butter Masala,Main Course,1,240.00,36.00,10.20,0.00,214.20,204.00,Debit Card,Delivered
2026-08-24,SWG106957,Hakka Noodles,Rice & Noodles,1,180.00,0.00,9.00,40.00,229.00,180.00,Credit Card,Delivered
2026-08-24,SWG106958,Veg Biryani,Biryani,2,360.00,54.00,15.30,0.00,321.30,306.00,Credit Card,Delivered
2026-08-24,SWG106959,Gulab Jamun,Desserts,1,90.00,9.00,4.05,40.00,125.05,81.00,Credit Card,Delivered
2026-08-24,SWG106960,Chicken Biryani,Biryani,2,440.00,66.00,18.70,30.00,422.70,374.00,Cash,Delivered
2026-08-24,SWG106961,Fried Rice,Rice & Noodles,1,170.00,25.50,7.23,30.00,181.73,144.50,Debit Card,Delivered
2026-08-24,SWG106962,Chicken Biryani,Biryani,1,220.00,22.00,9.90,0.00,207.90,198.00,UPI,Delivered
2026-08-25,SWG106963,Masala Dosa,South Indian,1,140.00,7.00,6.65,30.00,169.65,133.00,UPI,Delivered
2026-08-25,SWG106964,Gulab Jamun,Desserts,1,90.00,4.50,4.28,40.00,129.78,85.50,Credit Card,Delivered
2026-08-25,SWG106965,Hakka Noodles,Rice & Noodles,1,180.00,18.00,8.10,0.00,170.10,162.00,Credit Card,Delivered
2026-08-25,SWG106966,Chicken Tikka,Starters,1,260.00,13.00,12.35,0.00,259.35,247.00,Cash,Delivered
2026-08-25,SWG106967,Chicken Tikka,Starters,2,520.00,0.00,26.00,0.00,546.00,520.00,UPI,Delivered
2026-08-25,SWG106968,Chicken Tikka,Starters,1,260.00,13.00,12.35,0.00,259.35,247.00,Debit Card,Delivered
2026-08-25,SWG106969,Veg Biryani,Biryani,1,180.00,27.00,7.65,40.00,200.65,153.00,UPI,Delivered
2026-08-25,SWG106970,Hakka Noodles,Rice & Noodles,1,180.00,0.00,9.00,20.00,209.00,180.00,Debit Card,Delivered
2026-08-25,SWG106971,Chicken Biryani,Biryani,1,220.00,33.00,9.35,40.00,236.35,187.00,Cash,Delivered
2026-08-26,SWG106972,Gulab Jamun,Desserts,1,90.00,0.00,4.50,0.00,94.50,90.00,Debit Card,Delivered
2026-08-26,SWG106973,Chicken Biryani,Biryani,2,440.00,0.00,22.00,40.00,502.00,440.00,Debit Card,Delivered
2026-08-26,SWG106974,Fried Rice,Rice & Noodles,1,170.00,17.00,7.65,30.00,190.65,153.00,Debit Card,Delivered
2026-08-26,SWG106975,Chicken Biryani,Biryani,2,440.00,0.00,22.00,30.00,492.00,440.00,Cash,Delivered
2026-08-26,SWG106976,Paneer Tikka,Starters,1,230.00,23.00,10.35,20.00,237.35,207.00,Debit Card,Delivered
2026-08-26,SWG106977,Chicken Tikka,Starters,1,260.00,39.00,11.05,30.00,262.05,221.00,Cash,Delivered
2026-08-27,SWG106978,Butter Naan,Breads,1,60.00,3.00,2.85,20.00,79.85,57.00,Credit Card,Delivered
2026-08-27,SWG106979,Butter Naan,Breads,3,180.00,9.00,8.55,40.00,219.55,171.00,Credit Card,Delivered
2026-08-27,SWG106980,Gulab Jamun,Desserts,1,90.00,0.00,4.50,30.00,124.50,90.00,Debit Card,Delivered
2026-08-27,SWG106981,Paneer Butter Masala,Main Course,2,480.00,48.00,21.60,0.00,453.60,432.00,Debit Card,Delivered
2026-08-27,SWG106982,Veg Biryani,Biryani,1,180.00,27.00,7.65,40.00,200.65,153.00,Credit Card,Delivered
2026-08-27,SWG106983,Butter Naan,Breads,2,120.00,18.00,5.10,40.00,147.10,102.00,UPI,Delivered
2026-08-27,SWG106984,Paneer Tikka,Starters,1,230.00,23.00,10.35,0.00,217.35,207.00,Cash,Delivered
2026-08-27,SWG106985,Chicken Biryani,Biryani,1,220.00,22.00,9.90,20.00,227.90,198.00,Cash,Delivered
2026-08-27,SWG106986,Veg Biryani,Biryani,1,180.00,9.00,8.55,40.00,219.55,171.00,UPI,Delivered
2026-08-27,SWG106987,Paneer Butter Masala,Main Course,1,240.00,0.00,12.00,30.00,282.00,240.00,UPI,Delivered
2026-08-27,SWG106988,Veg Biryani,Biryani,1,180.00,27.00,7.65,0.00,160.65,153.00,Credit Card,Delivered
2026-08-27,SWG106989,Paneer Tikka,Starters,1,230.00,0.00,11.50,30.00,271.50,230.00,Credit Card,Delivered
2026-08-27,SWG106990,Chicken Biryani,Biryani,1,220.00,22.00,9.90,40.00,247.90,198.00,Credit Card,Delivered
2026-08-27,SWG106991,Chicken Tikka,Starters,1,260.00,26.00,11.70,30.00,275.70,234.00,Cash,Delivered
2026-08-28,SWG106992,Masala Dosa,South Indian,1,140.00,7.00,6.65,0.00,139.65,133.00,Cash,Delivered
2026-08-28,SWG106993,Hakka Noodles,Rice & Noodles,1,180.00,9.00,8.55,40.00,219.55,171.00,Cash,Delivered
2026-08-28,SWG106994,Chicken Biryani,Biryani,1,220.00,22.00,9.90,20.00,227.90,198.00,UPI,Delivered
2026-08-28,SWG106995,Paneer Butter Masala,Main Course,1,240.00,24.00,10.80,40.00,266.80,216.00,UPI,Delivered
2026-08-28,SWG106996,Paneer Tikka,Starters,1,230.00,34.50,9.78,0.00,205.28,195.50,UPI,Delivered
2026-08-28,SWG106997,Masala Dosa,South Indian,2,280.00,0.00,14.00,20.00,314.00,280.00,Cash,Delivered
2026-08-28,SWG106998,Butter Naan,Breads,1,60.00,3.00,2.85,40.00,99.85,57.00,Credit Card,Delivered
2026-08-28,SWG106999,Masala Dosa,South Indian,1,140.00,0.00,7.00,40.00,187.00,140.00,Cash,Delivered
2026-08-28,SWG107000,Veg Biryani,Biryani,1,180.00,9.00,8.55,0.00,179.55,171.00,Credit Card,Delivered
2026-08-28,SWG107001,Fried Rice,Rice & Noodles,2,340.00,17.00,16.15,20.00,359.15,323.00,UPI,Delivered
2026-08-28,SWG107002,Masala Dosa,South Indian,1,140.00,7.00,6.65,0.00,139.65,133.00,Credit Card,Delivered
2026-08-28,SWG107003,Masala Dosa,South Indian,1,140.00,0.00,7.00,40.00,187.00,140.00,Cash,Delivered
2026-08-28,SWG107004,Masala Dosa,South Indian,1,140.00,21.00,5.95,20.00,144.95,119.00,Cash,Delivered
2026-08-28,SWG107005,Hakka Noodles,Rice & Noodles,2,360.00,18.00,17.10,20.00,379.10,342.00,Cash,Delivered
2026-08-28,SWG107006,Butter Naan,Breads,2,120.00,6.00,5.70,40.00,159.70,114.00,UPI,Delivered
2026-08-28,SWG107007,Hakka Noodles,Rice & Noodles,1,180.00,18.00,8.10,20.00,190.10,162.00,Credit Card,Delivered
2026-08-28,SWG107008,Chicken Tikka,Starters,1,260.00,13.00,12.35,0.00,259.35,247.00,UPI,Delivered
2026-08-28,SWG107009,Veg Biryani,Biryani,1,180.00,0.00,9.00,40.00,229.00,180.00,Credit Card,Delivered
2026-08-29,SWG107010,Fried Rice,Rice & Noodles,2,340.00,51.00,14.45,40.00,343.45,289.00,Cash,Delivered
2026-08-29,SWG107011,Masala Dosa,South Indian,1,140.00,0.00,7.00,40.00,187.00,140.00,Debit Card,Delivered
2026-08-29,SWG107012,Hakka Noodles,Rice & Noodles,1,180.00,0.00,9.00,30.00,219.00,180.00,Credit Card,Delivered
2026-08-29,SWG107013,Gulab Jamun,Desserts,1,90.00,13.50,3.83,0.00,80.33,76.50,Credit Card,Delivered
2026-08-29,SWG107014,Fried Rice,Rice & Noodles,1,170.00,8.50,8.08,30.00,199.58,161.50,Credit Card,Delivered
2026-08-29,SWG107015,Chicken Biryani,Biryani,2,440.00,22.00,20.90,20.00,458.90,418.00,UPI,Delivered
2026-08-29,SWG107016,Masala Dosa,South Indian,1,140.00,14.00,6.30,20.00,152.30,126.00,Credit Card,Delivered
2026-08-29,SWG107017,Paneer Tikka,Starters,1,230.00,11.50,10.93,20.00,249.43,218.50,Credit Card,Delivered
2026-08-29,SWG107018,Chicken Biryani,Biryani,1,220.00,22.00,9.90,40.00,247.90,198.00,UPI,Delivered
2026-08-29,SWG107019,Chicken Tikka,Starters,1,260.00,13.00,12.35,20.00,279.35,0.00,Cash,Cancelled
2026-08-29,SWG107020,Fried Rice,Rice & Noodles,1,170.00,0.00,8.50,30.00,208.50,170.00,UPI,Delivered
2026-08-29,SWG107021,Paneer Butter Masala,Main Course,1,240.00,0.00,12.00,20.00,272.00,240.00,UPI,Delivered
2026-08-29,SWG107022,Masala Dosa,South Indian,1,140.00,0.00,7.00,20.00,167.00,140.00,Credit Card,Delivered
2026-08-29,SWG107023,Paneer Tikka,Starters,1,230.00,34.50,9.78,30.00,235.28,195.50,Cash,Delivered
2026-08-29,SWG107024,Butter Naan,Breads,1,60.00,9.00,2.55,40.00,93.55,51.00,Cash,Delivered
2026-08-29,SWG107025,Veg Biryani,Biryani,2,360.00,18.00,17.10,40.00,399.10,342.00,Cash,Delivered
2026-08-29,SWG107026,Chicken Biryani,Biryani,1,220.00,11.00,10.45,30.00,249.45,209.00,Credit Card,Delivered
2026-08-29,SWG107027,Paneer Tikka,Starters,1,230.00,0.00,11.50,40.00,281.50,230.00,Cash,Delivered
2026-08-29,SWG107028,Masala Dosa,South Indian,1,140.00,21.00,5.95,30.00,154.95,119.00,Cash,Delivered
2026-08-29,SWG107029,Paneer Tikka,Starters,2,460.00,23.00,21.85,20.00,478.85,437.00,Debit Card,Delivered
2026-08-29,SWG107030,Paneer Tikka,Starters,2,460.00,46.00,20.70,30.00,464.70,414.00,Cash,Delivered
2026-08-29,SWG107031,Fried Rice,Rice & Noodles,1,170.00,25.50,7.23,30.00,181.73,144.50,Debit Card,Delivered
2026-08-30,SWG107032,Chicken Tikka,Starters,1,260.00,39.00,11.05,0.00,232.05,221.00,Credit Card,Delivered
2026-08-30,SWG107033,Fried Rice,Rice & Noodles,1,170.00,8.50,8.08,20.00,189.58,161.50,Cash,Delivered
2026-08-30,SWG107034,Chicken Biryani,Biryani,1,220.00,22.00,9.90,30.00,237.90,198.00,Credit Card,Delivered
2026-08-30,SWG107035,Chicken Tikka,Starters,2,520.00,78.00,22.10,40.00,504.10,442.00,Credit Card,Delivered
2026-08-30,SWG107036,Paneer Butter Masala,Main Course,3,720.00,36.00,34.20,30.00,748.20,684.00,UPI,Delivered
2026-08-30,SWG107037,Paneer Tikka,Starters,2,460.00,0.00,23.00,20.00,503.00,460.00,Cash,Delivered
2026-08-30,SWG107038,Veg Biryani,Biryani,2,360.00,36.00,16.20,0.00,340.20,324.00,UPI,Delivered
2026-08-30,SWG107039,Masala Dosa,South Indian,1,140.00,14.00,6.30,0.00,132.30,126.00,Cash,Delivered
2026-08-30,SWG107040,Gulab Jamun,Desserts,2,180.00,0.00,9.00,40.00,229.00,180.00,UPI,Delivered
2026-08-30,SWG107041,Chicken Biryani,Biryani,1,220.00,0.00,11.00,40.00,271.00,220.00,UPI,Delivered
2026-08-30,SWG107042,Fried Rice,Rice & Noodles,2,340.00,17.00,16.15,20.00,359.15,323.00,Credit Card,Delivered
2026-08-30,SWG107043,Butter Naan,Breads,1,60.00,0.00,3.00,20.00,83.00,60.00,Debit Card,Delivered
2026-08-30,SWG107044,Gulab Jamun,Desserts,1,90.00,9.00,4.05,0.00,85.05,81.00,Cash,Delivered
2026-08-30,SWG107045,Chicken Tikka,Starters,1,260.00,26.00,11.70,30.00,275.70,234.00,Cash,Delivered
2026-08-30,SWG107046,Veg Biryani,Biryani,1,180.00,0.00,9.00,0.00,189.00,180.00,Cash,Delivered
2026-08-30,SWG107047,Chicken Biryani,Biryani,2,440.00,66.00,18.70,0.00,392.70,374.00,Debit Card,Delivered
2026-08-30,SWG107048,Chicken Tikka,Starters,1,260.00,26.00,11.70,0.00,245.70,234.00,Cash,Delivered
2026-08-30,SWG107049,Chicken Biryani,Biryani,2,440.00,66.00,18.70,40.00,432.70,374.00,Cash,Delivered
2026-08-30,SWG107050,Paneer Butter Masala,Main Course,1,240.00,12.00,11.40,0.00,239.40,228.00,Cash,Delivered
2026-08-30,SWG107051,Chicken Biryani,Biryani,2,440.00,22.00,20.90,30.00,468.90,418.00,Debit Card,Delivered
2026-08-30,SWG107052,Paneer Tikka,Starters,1,230.00,0.00,11.50,0.00,241.50,230.00,Credit Card,Delivered
2026-08-30,SWG107053,Paneer Tikka,Starters,2,460.00,69.00,19.55,30.00,440.55,391.00,Debit Card,Delivered
2026-08-30,SWG107054,Masala Dosa,South Indian,1,140.00,0.00,7.00,40.00,187.00,140.00,Debit Card,Delivered
2026-08-30,SWG107055,Butter Naan,Breads,1,60.00,6.00,2.70,20.00,76.70,54.00,Credit Card,Delivered
2026-08-30,SWG107056,Masala Dosa,South Indian,1,140.00,21.00,5.95,40.00,164.95,119.00,UPI,Delivered
2026-08-31,SWG107057,Paneer Butter Masala,Main Course,1,240.00,24.00,10.80,0.00,226.80,216.00,Debit Card,Delivered
2026-08-31,SWG107058,Chicken Biryani,Biryani,1,220.00,11.00,10.45,30.00,249.45,209.00,Debit Card,Delivered
2026-08-31,SWG107059,Chicken Tikka,Starters,1,260.00,39.00,11.05,0.00,232.05,221.00,Credit Card,Delivered
2026-08-31,SWG107060,Fried Rice,Rice & Noodles,1,170.00,8.50,8.08,20.00,189.58,161.50,Credit Card,Delivered
2026-08-31,SWG107061,Chicken Biryani,Biryani,1,220.00,22.00,9.90,30.00,237.90,198.00,UPI,Delivered
2026-08-31,SWG107062,Butter Naan,Breads,1,60.00,3.00,2.85,30.00,89.85,0.00,Debit Card,Cancelled
2026-08-31,SWG107063,Chicken Tikka,Starters,2,520.00,0.00,26.00,0.00,546.00,520.00,Debit Card,Delivered
2026-08-31,SWG107064,Paneer Tikka,Starters,1,230.00,34.50,9.78,20.00,225.28,195.50,UPI,Delivered
2026-08-31,SWG107065,Paneer Tikka,Starters,1,230.00,34.50,9.78,30.00,235.28,195.50,Credit Card,Delivered
2026-08-31,SWG107066,Fried Rice,Rice & Noodles,1,170.00,17.00,7.65,0.00,160.65,153.00,UPI,Delivered
2026-08-31,SWG107067,Masala Dosa,South Indian,1,140.00,21.00,5.95,40.00,164.95,119.00,Cash,Delivered
